date,equity_gross,equity_net_tax
2016-01-01,,
2016-01-04,500000.0,500000.0
2016-01-05,499573.24820566206,499573.24820566206
2016-01-06,496772.0530624917,496772.0530624917
2016-01-07,485689.1657624421,485689.1657624421
2016-01-08,487810.1400412695,487810.1400412695
2016-01-11,485403.6096201555,485403.6096201555
2016-01-12,481967.06537778577,481967.06537778577
2016-01-13,485310.5445765265,485310.5445765265
2016-01-14,483667.68020870636,483667.68020870636
2016-01-15,477314.4398969654,477314.4398969654
2016-01-18,471744.13668290613,471744.13668290613
2016-01-19,477141.18850766413,477141.18850766413
2016-01-20,469068.06232061476,469068.06232061476
2016-01-21,466982.402622316,466982.402622316
2016-01-22,476329.39184594795,476329.39184594795
2016-01-25,477208.55882544274,477208.55882544274
2016-01-27,477311.2437237498,477311.2437237498
2016-01-28,476470.55616296775,476470.55616296775
2016-01-29,485384.3385757677,485384.3385757677
2016-02-01,484896.6401451138,484896.6401451138
2016-02-02,478453.53096295934,478453.53096295934
2016-02-03,472437.20491017436,472437.20491017436
2016-02-04,475145.36634474725,475145.36634474725
2016-02-05,480606.5923140683,480606.5923140683
2016-02-08,474070.44942331634,474070.44942331634
2016-02-09,468355.75438399025,468355.75438399025
2016-02-10,463061.38745753944,463061.38745753944
2016-02-11,447701.29968936957,447701.29968936957
2016-02-12,447996.50702136586,447996.50702136586
2016-02-15,459676.20133183914,459676.20133183914
2016-02-16,452315.4144164458,452315.4144164458
2016-02-17,456178.7104531535,456178.7104531535
2016-02-18,461524.40416124207,461524.40416124207
2016-02-19,462743.7129079398,462743.7129079398
2016-02-22,464271.04501452757,464271.04501452757
2016-02-23,456249.2769441476,456249.2769441476
2016-02-24,450419.0809786206,450419.0809786206
2016-02-25,447332.2983581321,447332.2983581321
2016-02-26,451128.1927420296,451128.1927420296
2016-02-29,448387.9442351752,448387.9442351752
2016-03-01,463484.9117436303,463484.9117436303
2016-03-02,472889.6514303627,472889.6514303627
2016-03-03,479740.24136246723,479740.24136246723
2016-03-04,480365.93927195686,480365.93927195686
2016-03-08,480362.71176370984,480362.71176370984
2016-03-09,483346.80948589114,483346.80948589114
2016-03-10,480417.2660535947,480417.2660535947
2016-03-11,481960.67303135473,481960.67303135473
2016-03-14,483792.8323246169,483792.8323246169
2016-03-15,478777.62919402163,478777.62919402163
2016-03-16,481225.8665420953,481225.8665420953
2016-03-17,482111.45720305265,482111.45720305265
2016-03-18,488002.6624749586,488002.6624749586
2016-03-21,494413.6532498,494413.6532498
2016-03-22,495097.1016223901,495097.1016223901
2016-03-23,495199.78652069723,495199.78652069723
2016-03-28,488692.5345290113,488692.5345290113
2016-03-29,487530.976245414,487530.976245414
2016-03-30,496399.8555580387,496399.8555580387
2016-03-31,496605.1940196215,496605.1940196215
2016-04-01,494978.37318794214,494978.37318794214
2016-04-04,497914.3403017012,497914.3403017012
2016-04-05,487928.86847571743,487928.86847571743
2016-04-06,488644.403920589,488644.403920589
2016-04-07,484286.98577176494,484286.98577176494
2016-04-08,484848.50953669153,484848.50953669153
2016-04-11,492305.52633389784,492305.52633389784
2016-04-12,494715.2842632589,494715.2842632589
2016-04-13,503795.92571892904,503795.92571892904
2016-04-18,507919.1145071044,507919.1145071044
2016-04-20,507922.3106803199,507922.3106803199
2016-04-21,507749.0279559871,507749.0279559871
2016-04-22,506930.8076128083,506930.8076128083
2016-04-25,504091.1017158938,504091.1017158938
2016-04-26,510996.24593788316,510996.24593788316
2016-04-27,512103.24993159564,512103.24993159564
2016-04-28,503590.5559223147,503590.5559223147
2016-04-29,503754.1874569378,503754.1874569378
2016-05-02,500936.94877762673,500936.94877762673
2016-05-03,497157.09792986995,497157.09792986995
2016-05-04,494561.2412482824,494561.2412482824
2016-05-05,496419.09526739497,496419.09526739497
2016-05-06,496287.5508050534,496287.5508050534
2016-05-09,504797.0173060873,504797.0173060873
2016-05-10,506192.8049503334,506192.8049503334
2016-05-11,503693.24082062184,503693.24082062184
2016-05-12,507001.405438834,507001.405438834
2016-05-13,501514.516078694,501514.516078694
2016-05-16,504456.90687391575,504456.90687391575
2016-05-17,506382.1312108069,506382.1312108069
2016-05-18,505060.137565802,505060.137565802
2016-05-19,499493.03052495833,499493.03052495833
2016-05-20,497330.3806542028,497330.3806542028
2016-05-23,496133.50779007684,496133.50779007684
2016-05-24,497275.8263643179,497275.8263643179
2016-05-25,509215.4134262589,509215.4134262589
2016-05-26,517862.8794061284,517862.8794061284
2016-05-27,523446.02998311294,523446.02998311294
2016-05-30,524848.2413088217,524848.2413088217
2016-05-31,523667.44331586803,523667.44331586803
2016-06-01,524941.3063524506,524941.3063524506
2016-06-02,527444.0979904092,527444.0979904092
2016-06-03,527562.7950898256,527562.7950898256
2016-06-06,526295.3557347056,526295.3557347056
2016-06-07,530492.3698571536,530492.3698571536
2016-06-08,530915.8941432445,530915.8941432445
2016-06-09,526458.9872693287,526458.9872693287
2016-06-10,524305.9572532513,524305.9572532513
2016-06-13,520490.8231599975,520490.8231599975
2016-06-14,520378.5184070122,520378.5184070122
2016-06-15,526651.5097030179,526651.5097030179
2016-06-16,522425.66735156695,522425.66735156695
2016-06-17,524315.608442961,524315.608442961
2016-06-20,528698.689982604,528698.689982604
2016-06-21,527505.0759617568,527505.0759617568
2016-06-22,526465.4422858228,526465.4422858228
2016-06-23,530749.0664354058,530749.0664354058
2016-06-24,519078.9919796107,519078.9919796107
2016-06-27,519470.4605284515,519470.4605284515
2016-06-28,521597.82715370995,521597.82715370995
2016-06-29,526484.6819951792,526484.6819951792
2016-06-30,531859.2666023338,531859.2666023338
2016-07-01,534464.711803568,534464.711803568
2016-07-04,537182.5244278505,537182.5244278505
2016-07-05,534952.472904285,534952.472904285
2016-07-07,535077.6250201954,535077.6250201954
2016-07-08,534134.2525611061,534134.2525611061
2016-07-11,543420.2638133906,543420.2638133906
2016-07-12,546831.0819948784,546831.0819948784
2016-07-13,546731.6246048183,546731.6246048183
2016-07-14,549651.5481824365,549651.5481824365
2016-07-15,548137.063438774,548137.063438774
2016-07-18,546038.55637755,546038.55637755
2016-07-19,547312.3880791011,547312.3880791011
2016-07-20,549706.07113729,549706.07113729
2016-07-21,546128.3625779004,546128.3625779004
2016-07-22,548124.2160758488,548124.2160758488
2016-07-25,554185.4765638405,554185.4765638405
2016-07-26,551297.6400585038,551297.6400585038
2016-07-27,552911.5821922263,552911.5821922263
2016-07-28,556152.3764926599,556152.3764926599
2016-07-29,554368.34780782,554368.34780782
2016-08-01,554243.1956919095,554243.1956919095
2016-08-02,553367.2562206617,553367.2562206617
2016-08-03,548358.4141014662,548358.4141014662
2016-08-04,548759.5025049851,548759.5025049851
2016-08-05,557233.7484305849,557233.7484305849
2016-08-08,559043.4091712122,559043.4091712122
2016-08-09,556919.2700542008,556919.2700542008
2016-08-10,550312.5293374233,550312.5293374233
2016-08-11,551393.9012753483,551393.9012753483
2016-08-12,551393.9012753483,551393.9012753483
2016-08-16,554628.2405592877,554628.2405592877
2016-08-17,553441.0188848714,553441.0188848714
2016-08-18,556598.3993313856,556598.3993313856
2016-08-19,556190.9185814356,556190.9185814356
2016-08-22,553768.3446241808,553768.3446241808
2016-08-23,553989.6952868728,553989.6952868728
2016-08-24,555125.5901796513,555125.5901796513
2016-08-25,551397.0974485639,551397.0974485639
2016-08-26,550136.0504398749,550136.0504398749
2016-08-29,552375.7531531502,552375.7531531502
2016-08-30,561161.1559417925,561161.1559417925
2016-08-31,563846.8814937936,563846.8814937936
2016-09-01,563105.6826581032,563105.6826581032
2016-09-02,565351.7777178095,565351.7777178095
2016-09-06,573909.3748272656,573909.3748272656
2016-09-07,572301.8250399741,572301.8250399741
2016-09-08,574519.0292006144,574519.0292006144
2016-09-09,569012.9001311183,569012.9001311183
2016-09-12,559316.1492856052,559316.1492856052
2016-09-14,560022.0648757986,560022.0648757986
2016-09-15,561045.6550155916,561045.6550155916
2016-09-16,563439.3380737804,563439.3380737804
2016-09-19,565271.5600371057,565271.5600371057
2016-09-20,563185.9003388069,563185.9003388069
2016-09-21,563266.1180195106,563266.1180195106
2016-09-22,569061.0307395406,569061.0307395406
2016-09-23,566757.1538817022,566757.1538817022
2016-09-26,559794.2591966124,559794.2591966124
2016-09-27,558725.7972916756,558725.7972916756
2016-09-28,561212.5453934934,561212.5453934934
2016-09-29,551336.1194772164,551336.1194772164
2016-09-30,552613.2100220461,552613.2100220461
2016-10-03,560760.0675382735,560760.0675382735
2016-10-04,562752.7248630064,562752.7248630064
2016-10-05,561135.5238860052,561135.5238860052
2016-10-06,558927.9082450113,558927.9082450113
2016-10-07,558161.0146834705,558161.0146834705
2016-10-10,558879.7776365891,558879.7776365891
2016-10-13,550187.3772215127,550187.3772215127
2016-10-14,550832.3775104217,550832.3775104217
2016-10-17,546789.4064029502,546789.4064029502
2016-10-18,556896.8341716289,556896.8341716289
2016-10-19,555690.3101177934,555690.3101177934
2016-10-20,558276.5782797344,558276.5782797344
2016-10-21,557869.0348597212,557869.0348597212
2016-10-24,558889.4288262988,558889.4288262988
2016-10-25,557756.7301067358,557756.7301067358
2016-10-26,552876.2989467293,552876.2989467293
2016-10-27,552876.2989467293,552876.2989467293
2016-10-28,554336.2607355384,554336.2607355384
2016-11-01,553582.2145369228,553582.2145369228
2016-11-02,546378.6668097216,546378.6668097216
2016-11-03,544514.4204441778,544514.4204441778
2016-11-04,541228.6917085376,541228.6917085376
2016-11-07,545290.9025253654,545290.9025253654
2016-11-08,548275.0002475467,548275.0002475467
2016-11-09,541116.3869555523,541116.3869555523
2016-11-10,547132.7130083372,547132.7130083372
2016-11-11,532407.9430043352,532407.9430043352
2016-11-15,520352.85501619335,520352.85501619335
2016-11-16,520554.99730456056,520554.99730456056
2016-11-17,518523.8918961467,518523.8918961467
2016-11-18,518148.4668834466,518148.4668834466
2016-11-21,508843.2159218058,508843.2159218058
2016-11-22,513540.7445028014,513540.7445028014
2016-11-23,515530.1429842557,515530.1429842557
2016-11-24,511179.14851689414,511179.14851689414
2016-11-25,520728.24869386194,520728.24869386194
2016-11-28,521536.84918236255,521536.84918236255
2016-11-29,522515.50488694885,522515.50488694885
2016-11-30,527800.2519587214,527800.2519587214
2016-12-01,525772.3740585546,525772.3740585546
2016-12-02,518963.4597183783,518963.4597183783
2016-12-05,521655.57761681033,521655.57761681033
2016-12-06,522579.67903151194,522579.67903151194
2016-12-07,519942.1154229646,519942.1154229646
2016-12-08,529234.5190216802,529234.5190216802
2016-12-09,530190.7388436947,530190.7388436947
2016-12-12,524354.0878616736,524354.0878616736
2016-12-13,527626.9692343887,527626.9692343887
2016-12-14,525101.7417138582,525101.7417138582
2016-12-15,523250.31137620826,523250.31137620826
2016-12-16,522342.2534976475,522342.2534976475
2016-12-19,520089.7347564786,520089.7347564786
2016-12-20,518681.0997493072,518681.0997493072
2016-12-21,517327.0190320207,517327.0190320207
2016-12-22,512051.92314995785,512051.92314995785
2016-12-23,512478.67494429566,512478.67494429566
2016-12-26,507505.17874066014,507505.17874066014
2016-12-27,515501.2834202212,515501.2834202212
2016-12-28,515629.6317093473,515629.6317093473
2016-12-29,520041.60414805624,520041.60414805624
2016-12-30,525316.7000301192,525316.7000301192
2017-01-02,524912.4154533847,524912.4154533847
2017-01-03,525730.6357965635,525730.6357965635
2017-01-04,525618.3310435781,525618.3310435781
2017-01-05,530964.0247516667,530964.0247516667
2017-01-06,529038.8004147756,529038.8004147756
2017-01-09,528541.4507944119,528541.4507944119
2017-01-10,531913.7895571871,531913.7895571871
2017-01-11,537821.0697002653,537821.0697002653
2017-01-12,539524.8807044015,539524.8807044015
2017-01-13,539085.2502121069,539085.2502121069
2017-01-16,539884.2308459292,539884.2308459292
2017-01-17,538934.4660404089,538934.4660404089
2017-01-18,540153.7747871067,540153.7747871067
2017-01-19,541315.3017356724,541315.3017356724
2017-01-20,535812.3688393917,535812.3688393917
2017-01-23,538517.3341007491,538517.3341007491
2017-01-24,543927.2019534009,543927.2019534009
2017-01-25,552074.1221396913,552074.1221396913
2017-01-27,554544.8267053684,554544.8267053684
2017-01-30,553999.3464765826,553999.3464765826
2017-01-31,549414.0913135407,549414.0913135407
2017-02-01,559367.538737306,559367.538737306
2017-02-02,560513.022149731,560513.022149731
2017-02-03,560943.0014523161,560943.0014523161
2017-02-06,564799.8424725296,564799.8424725296
2017-02-07,562698.13923809,562698.13923809
2017-02-08,562746.2698465122,562746.2698465122
2017-02-09,563346.3357002145,563346.3357002145
2017-02-10,564318.5363883068,564318.5363883068
2017-02-13,565056.5390507816,565056.5390507816
2017-02-14,564238.3187076029,564238.3187076029
2017-02-15,559900.1716031666,559900.1716031666
2017-02-16,563320.6409743641,563320.6409743641
2017-02-17,566125.0636257816,566125.0636257816
2017-02-20,569815.0769381563,569815.0769381563
2017-02-21,571653.6285778495,571653.6285778495
2017-02-22,572876.196167826,572876.196167826
2017-02-23,573684.765321295,573684.765321295
2017-02-27,570938.1244680095,570938.1244680095
2017-02-28,569840.7089939436,569840.7089939436
2017-03-01,574089.0498980295,574089.0498980295
2017-03-02,571133.8430749142,571133.8430749142
2017-03-03,570992.6474228628,570992.6474228628
2017-03-06,575221.7486175925,575221.7486175925
2017-03-07,574159.6790590867,574159.6790590867
2017-03-08,572709.3057899242,572709.3057899242
2017-03-09,572882.588514257,572882.588514257
2017-03-10,573367.0907716954,573367.0907716954
2017-03-14,583150.4516443434,583150.4516443434
2017-03-15,583009.2559922921,583009.2559922921
2017-03-16,587430.8796207107,587430.8796207107
2017-03-17,587838.3603706608,587838.3603706608
2017-03-20,585707.7662371553,585707.7662371553
2017-03-21,585364.4596317683,585364.4596317683
2017-03-22,579521.4163033161,579521.4163033161
2017-03-23,583105.5172091366,583105.5172091366
2017-03-24,584498.1086801672,584498.1086801672
2017-03-27,580467.9849356209,580467.9849356209
2017-03-28,584036.0423053007,584036.0423053007
2017-03-29,586795.5305215114,586795.5305215114
2017-03-30,588717.558685187,588717.558685187
2017-03-31,588717.558685187,588717.558685187
2017-04-03,592831.0962836527,592831.0962836527
2017-04-05,594583.1005662741,594583.1005662741
2017-04-06,594377.7307696599,594377.7307696599
2017-04-07,590293.0214001972,590293.0214001972
2017-04-10,589211.7121323352,589211.7121323352
2017-04-11,592776.5733287995,592776.5733287995
2017-04-12,590623.5433127219,590623.5433127219
2017-04-13,587244.7495334528,587244.7495334528
2017-04-17,586506.7468709777,586506.7468709777
2017-04-18,584315.2374361877,584315.2374361877
2017-04-19,584209.3250296335,584209.3250296335
2017-04-20,586320.6794537827,586320.6794537827
2017-04-21,585229.7189962111,585229.7189962111
2017-04-24,591554.068408886,591554.068408886
2017-04-25,597243.0687223618,597243.0687223618
2017-04-26,600146.9487638392,600146.9487638392
2017-04-27,599524.5096976283,599524.5096976283
2017-04-28,597079.4371877386,597079.4371877386
2017-05-02,597705.1350972282,597705.1350972282
2017-05-03,597586.4379978118,597586.4379978118
2017-05-04,600663.6007636221,600663.6007636221
2017-05-05,595876.1719771816,595876.1719771816
2017-05-08,597721.1786333689,597721.1786333689
2017-05-09,597900.853704133,597900.853704133
2017-05-10,603705.4176138724,603705.4176138724
2017-05-11,604674.4847988122,604674.4847988122
2017-05-12,603294.7406907068,603294.7406907068
2017-05-15,606150.490123762,606150.490123762
2017-05-16,610440.5066197761,610440.5066197761
2017-05-17,611306.8575713772,611306.8575713772
2017-05-18,605126.8999839689,605126.8999839689
2017-05-19,605027.442593909,605027.442593909
2017-05-22,605691.6199221112,605691.6199221112
2017-05-23,602348.172058402,602348.172058402
2017-05-24,600705.2763555504,600705.2763555504
2017-05-25,610280.0712583684,610280.0712583684
2017-05-26,615757.3094287987,615757.3094287987
2017-05-29,616386.266181567,616386.266181567
2017-05-30,617647.2505201929,617647.2505201929
2017-05-31,617435.4883771475,617435.4883771475
2017-06-01,617104.9664646225,617104.9664646225
2017-06-02,619505.1045393056,619505.1045393056
2017-06-05,620891.240993842,620891.240993842
2017-06-06,618455.882343725,618455.882343725
2017-06-07,620172.5407107864,620172.5407107864
2017-06-08,619104.0161357864,619104.0161357864
2017-06-09,620451.6731716103,620451.6731716103
2017-06-12,617124.268844042,617124.268844042
2017-06-13,616514.614470693,616514.614470693
2017-06-14,617236.5735970272,617236.5735970272
2017-06-15,614663.1527980115,614663.1527980115
2017-06-16,615304.8942436419,615304.8942436419
2017-06-19,619764.9972907732,619764.9972907732
2017-06-20,619505.1045393056,619505.1045393056
2017-06-21,618228.0139944758,618228.0139944758
2017-06-22,617997.0121420741,617997.0121420741
2017-06-23,614464.2380178913,614464.2380178913
2017-06-27,610385.9836649226,610385.9836649226
2017-06-28,609092.8495839522,609092.8495839522
2017-06-29,609917.4622735621,609917.4622735621
2017-06-30,610995.6380382716,610995.6380382716
2017-07-03,617034.3999736285,617034.3999736285
2017-07-04,616925.2913938586,616925.2913938586
2017-07-05,618484.710572728,618484.710572728
2017-07-06,620855.9577483449,620855.9577483449
2017-07-07,620294.4339834182,620294.4339834182
2017-07-10,627048.7626986782,627048.7626986782
2017-07-11,628011.3748671238,628011.3748671238
2017-07-12,629939.7953772305,629939.7953772305
2017-07-13,634791.3983082342,634791.3983082342
2017-07-14,634448.029032784,634448.029032784
2017-07-17,636347.6213138879,636347.6213138879
2017-07-18,630648.9698107026,630648.9698107026
2017-07-19,635298.3364482444,635298.3364482444
2017-07-20,633610.568980249,633610.568980249
2017-07-21,636302.6868786812,636302.6868786812
2017-07-24,639585.219441106,639585.219441106
2017-07-25,639466.4596716264,639466.4596716264
2017-07-26,643066.6667836508,643066.6667836508
2017-07-27,643060.2117671566,643060.2117671566
2017-07-28,642671.9707265629,642671.9707265629
2017-07-31,646689.247108184,646689.247108184
2017-08-01,649099.0363725765,649099.0363725765
2017-08-02,646971.6384122865,646971.6384122865
2017-08-03,642617.4477717095,642617.4477717095
2017-08-04,646002.6338974099,646002.6338974099
2017-08-07,645425.0665963425,645425.0665963425
2017-08-08,640364.897695509,640364.897695509
2017-08-09,635840.6205038147,635840.6205038147
2017-08-10,630206.1431451924,630206.1431451924
2017-08-11,623182.2704887551,623182.2704887551
2017-08-14,628531.2230401222,628531.2230401222
2017-08-16,635150.7484497619,635150.7484497619
2017-08-17,635590.3789420566,635590.3789420566
2017-08-18,631306.7547924737,631306.7547924737
2017-08-21,625977.0419504627,625977.0419504627
2017-08-22,626695.8049035815,626695.8049035815
2017-08-23,632275.7593073504,632275.7593073504
2017-08-24,632567.7391310997,632567.7391310997
2017-08-28,636145.4476904891,636145.4476904891
2017-08-29,628653.1163127542,628653.1163127542
2017-08-30,634322.9395869366,634322.9395869366
2017-08-31,636472.7734297984,636472.7734297984
2017-09-01,640098.6125976101,640098.6125976101
2017-09-04,636148.6438637046,636148.6438637046
2017-09-05,638673.9340542981,638673.9340542981
2017-09-06,636363.6648500287,636363.6648500287
2017-09-07,637242.8631645549,637242.8631645549
2017-09-08,637557.278870876,637557.278870876
2017-09-11,642129.6866709925,642129.6866709925
2017-09-12,647712.837247977,647712.837247977
2017-09-13,646830.4427602353,646830.4427602353
2017-09-14,647298.9014815328,647298.9014815328
2017-09-15,647221.9426441076,647221.9426441076
2017-09-18,651566.4820949751,651566.4820949751
2017-09-19,651210.3281266626,651210.3281266626
2017-09-20,650799.6512034972,650799.6512034972
2017-09-21,649564.2989206585,649564.2989206585
2017-09-22,639456.8711519798,639456.8711519798
2017-09-25,633565.6345450423,633565.6345450423
2017-09-26,633495.0680540482,633495.0680540482
2017-09-27,624783.4279296155,624783.4279296155
2017-09-28,626914.0220631211,626914.0220631211
2017-09-29,628175.006401747,628175.006401747
2017-10-03,632724.9783192916,632724.9783192916
2017-10-04,636280.2509961093,636280.2509961093
2017-10-05,634598.8758745451,634598.8758745451
2017-10-06,640438.7230297817,640438.7230297817
2017-10-09,641019.4865040646,641019.4865040646
2017-10-10,642829.2099147548,642829.2099147548
2017-10-11,640765.986099028,640765.986099028
2017-10-12,647927.8582343011,647927.8582343011
2017-10-13,652487.4186714924,652487.4186714924
2017-10-16,656556.0218347514,656556.0218347514
2017-10-17,656787.086357216,656787.086357216
2017-10-18,655272.5389434906,655272.5389434906
2017-10-19,651146.1539820996,651146.1539820996
2017-10-23,653604.0111848514,653604.0111848514
2017-10-24,655070.4279901548,655070.4279901548
2017-10-25,660695.2541590674,660695.2541590674
2017-10-26,663804.5039971593,663804.5039971593
2017-10-27,662472.8904974762,662472.8904974762
2017-10-30,665078.3983687735,665078.3983687735
2017-10-31,663259.0237683734,663259.0237683734
2017-11-01,670010.1563104178,670010.1563104178
2017-11-02,668938.4355622025,668938.4355622025
2017-11-03,670780.2460451744,670780.2460451744
2017-11-06,670735.3116099676,670735.3116099676
2017-11-07,664212.0474171725,664212.0474171725
2017-11-08,661195.8626227096,661195.8626227096
2017-11-09,661568.0601271625,661568.0601271625
2017-11-10,662389.4766435568,662389.4766435568
2017-11-13,656177.4319838672,656177.4319838672
2017-11-14,653716.3159378369,653716.3159378369
2017-11-15,649317.1908620531,649317.1908620531
2017-11-16,655522.8431753116,655522.8431753116
2017-11-17,659941.2079604516,659941.2079604516
2017-11-20,660913.471318607,660913.471318607
2017-11-21,662719.9985560818,662719.9985560818
2017-11-22,663708.2427803148,663708.2427803148
2017-11-23,664122.178546759,664122.178546759
2017-11-24,666750.122300628,666750.122300628
2017-11-27,667382.2125565488,667382.2125565488
2017-11-28,665501.9226548643,665501.9226548643
2017-11-29,664927.5515270125,664927.5515270125
2017-11-30,656280.0855471429,656280.0855471429
2017-12-01,649557.8439041645,649557.8439041645
2017-12-04,649939.6925983272,649939.6925983272
2017-12-05,649330.0382249783,649330.0382249783
2017-12-06,644571.5003376036,644571.5003376036
2017-12-07,652439.2880630702,652439.2880630702
2017-12-08,658789.3322015955,658789.3322015955
2017-12-11,662421.5637158384,662421.5637158384
2017-12-12,657152.891515238,657152.891515238
2017-12-13,654123.8593578499,654123.8593578499
2017-12-14,657919.722406716,657919.722406716
2017-12-15,663127.4793060317,663127.4793060317
2017-12-18,666689.1443292805,666689.1443292805
2017-12-19,671466.9219260114,671466.9219260114
2017-12-20,670247.6131793137,670247.6131793137
2017-12-21,669997.3089474926,669997.3089474926
2017-12-22,673379.2988999775,673379.2988999775
2017-12-26,675850.0034656544,675850.0034656544
2017-12-27,673234.9070747106,673234.9070747106
2017-12-28,672410.2943851008,672410.2943851008
2017-12-29,675798.6766840167,675798.6766840167
2018-01-01,675798.6766840167,675798.6766840167
2018-01-02,670119.2648901875,670119.2648901875
2018-01-03,670183.4390347507,670183.4390347507
2018-01-04,674136.5412718087,674136.5412718087
2018-01-05,677605.1412514284,677605.1412514284
2018-01-08,681760.4171118853,681760.4171118853
2018-01-09,682620.3757170552,682620.3757170552
2018-01-10,682312.3523571653,682312.3523571653
2018-01-11,683531.661103863,683531.661103863
2018-01-12,685460.0816139698,685460.0816139698
2018-01-15,689329.7699971084,689329.7699971084
2018-01-16,686692.2377235927,686692.2377235927
2018-01-17,692345.9547915712,692345.9547915712
2018-01-18,694171.7217384024,694171.7217384024
2018-01-19,699158.0653049632,699158.0653049632
2018-01-22,703746.5166412205,703746.5166412205
2018-01-23,711286.9786273777,711286.9786273777
2018-01-24,711434.5666258602,711434.5666258602
2018-01-25,710385.3444302796,710385.3444302796
2018-01-29,714283.9237124843,714283.9237124843
2018-01-30,709101.8615390188,709101.8615390188
2018-01-31,707693.2265318475,707693.2265318475
2018-02-01,707000.1583045793,707000.1583045793
2018-02-02,690552.2749170217,690552.2749170217
2018-02-05,684516.7091548804,684516.7091548804
2018-02-06,673716.2131589333,673716.2131589333
2018-02-07,672333.2728776125,672333.2728776125
2018-02-08,678760.2758535631,678760.2758535631
2018-02-09,670937.4852333664,670937.4852333664
2018-02-12,676379.4401582995,676379.4401582995
2018-02-14,673886.2997100507,673886.2997100507
2018-02-15,676748.441489537,676748.441489537
2018-02-16,670767.3986822491,670767.3986822491
2018-02-19,666024.9670010783,666024.9670010783
2018-02-20,664869.8323989436,664869.8323989436
2018-02-21,667247.4719209917,667247.4719209917
2018-02-22,666300.9032886868,666300.9032886868
2018-02-23,673254.1467840669,673254.1467840669
2018-02-26,679129.2771848006,679129.2771848006
2018-02-27,677313.1614276791,677313.1614276791
2018-02-28,673369.6477102678,673369.6477102678
2018-03-01,671155.6397228428,671155.6397228428
2018-03-05,664770.3123388204,664770.3123388204
2018-03-06,657736.8511627365,657736.8511627365
2018-03-07,651637.1112560321,651637.1112560321
2018-03-08,657313.3268766457,657313.3268766457
2018-03-09,656299.3252564991,656299.3252564991
2018-03-12,668784.455217289,668784.455217289
2018-03-13,669134.1541691072,669134.1541691072
2018-03-14,668110.6266993772,668110.6266993772
2018-03-15,664853.7888628028,664853.7888628028
2018-03-16,654265.0550099013,654265.0550099013
2018-03-19,647789.8587554654,647789.8587554654
2018-03-20,649721.4754387876,649721.4754387876
2018-03-21,651704.4815738108,651704.4815738108
2018-03-22,649105.4287190076,649105.4287190076
2018-03-23,641616.2935144883,641616.2935144883
2018-03-26,650125.8226855851,650125.8226855851
2018-03-27,653559.1394197078,653559.1394197078
2018-03-28,649038.0584012291,649038.0584012291
2018-04-02,655333.516914838,655333.516914838
2018-04-03,657464.1110483436,657464.1110483436
2018-04-04,649981.4308603184,649981.4308603184
2018-04-05,662607.6938030964,662607.6938030964
2018-04-06,663021.5668994775,663021.5668994775
2018-04-09,666085.8823023628,666085.8823023628
2018-04-10,667555.4952808815,667555.4952808815
2018-04-11,668511.7151028961,668511.7151028961
2018-04-12,671174.9421022623,671174.9421022623
2018-04-13,672583.5144393706,672583.5144393706
2018-04-16,675647.8298422557,675647.8298422557
2018-04-17,676953.8112861514,676953.8112861514
2018-04-18,675509.893033483,675509.893033483
2018-04-19,678019.0770178727,678019.0770178727
2018-04-20,677938.8593371687,677938.8593371687
2018-04-23,679264.0804904208,679264.0804904208
2018-04-24,681166.806274677,681166.806274677
2018-04-25,678355.9912768286,678355.9912768286
2018-04-26,681388.2196074323,681388.2196074323
2018-04-27,686169.1933773787,686169.1933773787
2018-04-30,689188.5743450571,689188.5743450571
2018-05-02,687821.677599877,687821.677599877
2018-05-03,685357.428050694,685357.428050694
2018-05-04,681417.1105064983,681417.1105064983
2018-05-07,687658.0460652538,687658.0460652538
2018-05-08,687805.6340637362,687805.6340637362
2018-05-09,689339.4211868182,689339.4211868182
2018-05-10,687725.4163830325,687725.4163830325
2018-05-11,693497.8932204905,693497.8932204905
2018-05-14,693504.2855669216,693504.2855669216
2018-05-15,693199.4583802471,693199.4583802471
2018-05-16,689300.8790980424,689300.8790980424
2018-05-17,685553.1466575987,685553.1466575987
2018-05-18,680014.930515821,680014.930515821
2018-05-21,674900.2386601341,674900.2386601341
2018-05-22,676183.7215513949,676183.7215513949
2018-05-23,669358.7636750777,669358.7636750777
2018-05-24,674717.3047460916,674717.3047460916
2018-05-25,680576.4542807477,680576.4542807477
2018-05-28,685934.9953517613,685934.9953517613
2018-05-29,682382.9188481594,682382.9188481594
2018-05-30,681166.806274677,681166.806274677
2018-05-31,688983.2672185057,688983.2672185057
2018-06-01,686419.4976091997,686419.4976091997
2018-06-04,682074.8954882694,682074.8954882694
2018-06-05,679806.3645459911,679806.3645459911
2018-06-06,685678.2987735093,685678.2987735093
2018-06-07,691049.6245373853,691049.6245373853
2018-06-08,691004.7527722416,691004.7527722416
2018-06-11,692243.3012282955,692243.3012282955
2018-06-12,695830.5983073318,695830.5983073318
2018-06-13,696719.4478115677,696719.4478115677
2018-06-14,693597.3506105505,693597.3506105505
2018-06-15,694216.6561736091,694216.6561736091
2018-06-18,693071.1100911209,693071.1100911209
2018-06-19,687333.9791692231,687333.9791692231
2018-06-20,691287.0814062811,691287.0814062811
2018-06-21,689300.8790980424,689300.8790980424
2018-06-22,694482.9412715079,694482.9412715079
2018-06-25,690671.0346865011,690671.0346865011
2018-06-26,691101.0139890861,691101.0139890861
2018-06-27,684827.991358049,684827.991358049
2018-06-28,679546.4091244604,679546.4091244604
2018-06-29,687581.0245577656,687581.0245577656
2018-07-02,683923.0983176723,683923.0983176723
2018-07-03,686656.9544780956,686656.9544780956
2018-07-04,691149.1445975085,691149.1445975085
2018-07-05,689856.0105165379,689856.0105165379
2018-07-06,691325.6234950568,691325.6234950568
2018-07-09,696475.5985962407,696475.5985962407
2018-07-10,702530.4040677383,702530.4040677383
2018-07-11,702597.7743855169,702597.7743855169
2018-07-12,707404.4428813137,707404.4428813137
2018-07-13,707128.5065937053,707128.5065937053
2018-07-16,701862.9678962574,701862.9678962574
2018-07-17,706432.1795231585,706432.1795231585
2018-07-18,704660.9982012438,704660.9982012438
2018-07-19,703162.4943236591,703162.4943236591
2018-07-20,706570.1790019943,706570.1790019943
2018-07-23,711354.3489451562,711354.3489451562
2018-07-24,714534.1652742423,714534.1652742423
2018-07-25,714386.5772757599,714386.5772757599
2018-07-26,716651.9120448226,716651.9120448226
2018-07-27,723778.4382645356,723778.4382645356
2018-07-30,726422.4255545455,726422.4255545455
2018-07-31,728793.6727301624,728793.6727301624
2018-08-01,728132.6915751757,728132.6915751757
2018-08-02,721619.0159020271,721619.0159020271
2018-08-03,729069.6090177709,729069.6090177709
2018-08-06,730757.3764857663,730757.3764857663
2018-08-07,730908.2233275272,730908.2233275272
2018-08-08,734793.9552468066,734793.9552468066
2018-08-09,736122.3725732742,736122.3725732742
2018-08-10,733478.3852832642,733478.3852832642
2018-08-13,728745.5421217402,728745.5421217402
2018-08-14,733837.7354247922,733837.7354247922
2018-08-16,730625.8320234246,730625.8320234246
2018-08-17,736125.5687464897,736125.5687464897
2018-08-20,741323.6744560959,741323.6744560959
2018-08-21,742552.6343925034,742552.6343925034
2018-08-23,743313.0729375501,743313.0729375501
2018-08-24,741666.981061483,741666.981061483
2018-08-27,750320.9020578468,750320.9020578468
2018-08-28,753308.1959532436,753308.1959532436
2018-08-29,750317.7058846313,750317.7058846313
2018-08-30,749348.6386996915,749348.6386996915
2018-08-31,749586.0955685873,749586.0955685873
2018-09-03,743287.3782116998,743287.3782116998
2018-09-04,739305.3850755758,739305.3850755758
2018-09-05,736523.4609767931,736523.4609767931
2018-09-06,740370.7134773601,740370.7134773601
2018-09-07,743720.5536875002,743720.5536875002
2018-09-10,734030.2578584811,734030.2578584811
2018-09-11,724365.6567553126,724365.6567553126
2018-09-12,729653.6313353323,729653.6313353323
2018-09-14,738978.1220063294,738978.1220063294
2018-09-17,730157.3733021269,730157.3733021269
2018-09-18,723813.7841800957,723813.7841800957
2018-09-19,720954.7759037619,720954.7759037619
2018-09-21,715098.8852123844,715098.8852123844
2018-09-24,703823.5381487088,703823.5381487088
2018-09-25,710244.1487782283,710244.1487782283
2018-09-26,709368.1466369176,709368.1466369176
2018-09-27,704474.8681139859,704474.8681139859
2018-09-28,701452.2909730918,701452.2909730918
2018-10-01,706448.2230592993,706448.2230592993
2018-10-03,696818.9052016278,696818.9052016278
2018-10-04,680197.8017598005,680197.8017598005
2018-10-05,662049.3662113853,662049.3662113853
2018-10-08,664077.2441115523,664077.2441115523
2018-10-09,661061.0593170894,661061.0593170894
2018-10-10,671267.9444758283,671267.9444758283
2018-10-11,656799.9337201413,656799.9337201413
2018-10-12,672063.7289364352,672063.7289364352
2018-10-15,674630.6947189567,674630.6947189567
2018-10-16,679267.2766636364,679267.2766636364
2018-10-17,670815.5292906715,670815.5292906715
2018-10-19,661221.4946784968,661221.4946784968
2018-10-22,657480.1545844843,657480.1545844843
2018-10-23,651162.1975182404,651162.1975182404
2018-10-24,656164.584620942,656164.584620942
2018-10-25,649756.8213543476,649756.8213543476
2018-10-26,643666.6699672899,643666.6699672899
2018-10-29,657839.5047260121,657839.5047260121
2018-10-30,654473.6209797312,654473.6209797312
2018-10-31,666551.1448504447,666551.1448504447
2018-11-01,666156.5114634199,666156.5114634199
2018-11-02,677229.7475737599,677229.7475737599
2018-11-05,675368.6973814317,675368.6973814317
2018-11-06,675753.7422488099,675753.7422488099
2018-11-07,680143.278804947,680143.278804947
2018-11-09,679296.1675627024,679296.1675627024
2018-11-12,672686.2306727093,672686.2306727093
2018-11-13,679122.8848383694,679122.8848383694
2018-11-14,678724.9926080661,678724.9926080661
2018-11-15,681317.6531164381,681317.6531164381
2018-11-16,685521.0595853172,685521.0595853172
2018-11-19,690732.0126578487,690732.0126578487
2018-11-20,683852.5318266782,683852.5318266782
2018-11-21,680249.1285414383,680249.1285414383
2018-11-22,675545.17627898,675545.17627898
2018-11-26,682081.2878347004,682081.2878347004
2018-11-27,685739.2140747936,685739.2140747936
2018-11-28,688514.7458271452,688514.7458271452
2018-11-29,696847.7961006936,696847.7961006936
2018-11-30,698006.126876044,698006.126876044
2018-12-03,698455.3458879853,698455.3458879853
2018-12-04,697540.8643279619,697540.8643279619
2018-12-05,691983.4084768279,691983.4084768279
2018-12-06,680319.7577024954,680319.7577024954
2018-12-07,686259.0622477923,686259.0622477923
2018-12-10,673087.3190762282,673087.3190762282
2018-12-11,676982.7021852174,676982.7021852174
2018-12-12,689076.2695920718,689076.2695920718
2018-12-13,692538.4772252605,692538.4772252605
2018-12-14,693430.5229027119,693430.5229027119
2018-12-17,698750.52188495,698750.52188495
2018-12-18,700056.5033288457,700056.5033288457
2018-12-19,703817.0831322147,703817.0831322147
2018-12-20,702815.9915450565,702815.9915450565
2018-12-21,690128.7506309308,690128.7506309308
2018-12-24,684320.9905479758,684320.9905479758
2018-12-26,688578.9199717083,688578.9199717083
2018-12-27,691784.4310266447,691784.4310266447
2018-12-28,696924.8176081821,696924.8176081821
2018-12-31,697094.8414892363,697094.8414892363
2019-01-01,697094.8414892363,697094.8414892363
2019-01-02,692599.455196608,692599.455196608
2019-01-03,684882.5143129023,684882.5143129023
2019-01-04,688418.4846103006,688418.4846103006
2019-01-07,691271.0378701403,691271.0378701403
2019-01-08,693218.7607596664,693218.7607596664
2019-01-09,696619.9904215076,696619.9904215076
2019-01-10,694466.8977353672,694466.8977353672
2019-01-11,692756.6943847999,692756.6943847999
2019-01-14,689076.2695920718,689076.2695920718
2019-01-15,698651.0644948899,698651.0644948899
2019-01-16,698875.6740008605,698875.6740008605
2019-01-17,699831.8938228751,699831.8938228751
2019-01-18,699944.1985758605,699944.1985758605
2019-01-21,703467.3215103336,703467.3215103336
2019-01-22,700958.1375259438,700958.1375259438
2019-01-23,695102.2468345665,695102.2468345665
2019-01-24,696276.6211460575,696276.6211460575
2019-01-25,691832.561635067,691832.561635067
2019-01-28,684195.8384320652,684195.8384320652
2019-01-29,683595.8352484261,683595.8352484261
2019-01-30,683570.1405225756,683570.1405225756
2019-01-31,695066.9635890694,695066.9635890694
2019-02-01,699090.6949871846,699090.6949871846
2019-02-04,700284.309008032,700284.309008032
2019-02-05,701702.53253485,701702.53253485
2019-02-06,709923.2780554132,709923.2780554132
2019-02-07,710369.3008941389,710369.3008941389
2019-02-08,702296.143372058,702296.143372058
2019-02-11,698779.412784016,698779.412784016
2019-02-12,695095.8544881354,695095.8544881354
2019-02-14,689618.5536476421,689618.5536476421
2019-02-15,688229.2210198902,688229.2210198902
2019-02-18,682873.8761220918,682873.8761220918
2019-02-19,680525.0648290467,680525.0648290467
2019-02-20,688938.332783299,688938.332783299
2019-02-21,692429.3686454906,692429.3686454906
2019-02-22,692544.9322417545,692544.9322417545
2019-02-25,698221.0851923049,698221.0851923049
2019-02-26,695346.0960498934,695346.0960498934
2019-02-27,693507.5444102001,693507.5444102001
2019-02-28,692599.455196608,692599.455196608
2019-03-01,697155.8194605837,697155.8194605837
2019-03-05,705110.2172131852,705110.2172131852
2019-03-06,709316.8198552799,709316.8198552799
2019-03-07,709650.5379410202,709650.5379410202
2019-03-08,708187.3799789955,708187.3799789955
2019-03-11,716700.0426532449,716700.0426532449
2019-03-12,725244.8550698389,725244.8550698389
2019-03-13,727843.9079246421,727843.9079246421
2019-03-14,727943.3653147022,727943.3653147022
2019-03-15,733308.298732147,733308.298732147
2019-03-18,735576.8923444883,735576.8923444883
2019-03-19,740081.9298268263,740081.9298268263
2019-03-20,739353.515683998,739353.515683998
2019-03-22,735236.7819123168,735236.7819123168
2019-03-25,728649.2809048955,728649.2809048955
2019-03-26,736927.7455535277,736927.7455535277
2019-03-27,734476.280697207,734476.280697207
2019-03-28,742494.8525943714,742494.8525943714
2019-04-01,748857.7440958221,748857.7440958221
2019-04-02,751684.6026298113,751684.6026298113
2019-04-03,747240.5431188209,747240.5431188209
2019-04-04,744291.7286421366,744291.7286421366
2019-04-05,748652.3742992077,748652.3742992077
2019-04-08,744708.8605817963,744708.8605817963
2019-04-09,749037.4191665859,749037.4191665859
2019-04-10,743412.5303276102,743412.5303276102
2019-04-11,744208.3147882172,744208.3147882172
2019-04-12,747208.4560465392,747208.4560465392
2019-04-15,750218.1858245081,750218.1858245081
2019-04-16,756430.2931542607,756430.2931542607
2019-04-18,754225.8736864825,754225.8736864825
2019-04-22,744063.9229629503,744063.9229629503
2019-04-23,742876.7012885341,742876.7012885341
2019-04-24,752515.6703359153,752515.6703359153
2019-04-25,747102.543639985,747102.543639985
2019-04-26,754344.633455962,754344.633455962
2019-04-30,753927.5015163021,753927.5015163021
2019-05-02,752425.8014655019,752425.8014655019
2019-05-03,751623.6246584638,751623.6246584638
2019-05-06,744307.7721782773,744307.7721782773
2019-05-07,737867.9218394015,737867.9218394015
2019-05-08,728982.998990636,728982.998990636
2019-05-09,725283.3344885515,725283.3344885515
2019-05-10,723813.7841800957,723813.7841800957
2019-05-13,715426.2109516938,715426.2109516938
2019-05-14,720165.4464596491,720165.4464596491
2019-05-15,715990.9308898359,715990.9308898359
2019-05-16,722414.737692571,722414.737692571
2019-05-17,732044.1182203055,732044.1182203055
2019-05-20,759067.8254277764,759067.8254277764
2019-05-21,751421.4510350651,751421.4510350651
2019-05-22,753269.716534531,753269.716534531
2019-05-23,748081.1993445714,748081.1993445714
2019-05-24,760084.9605510754,760084.9605510754
2019-05-27,765260.6303781098,765260.6303781098
2019-05-28,765517.326956362,765517.326956362
2019-05-29,761175.9210086471,761175.9210086471
2019-05-30,766617.9386036433,766617.9386036433
2019-05-31,765135.4782621993,765135.4782621993
2019-06-03,775772.3427235232,775772.3427235232
2019-06-04,771479.1300542935,771479.1300542935
2019-06-06,760062.5246685036,760062.5246685036
2019-06-07,761788.8342252745,761788.8342252745
2019-06-10,765129.0859157682,765129.0859157682
2019-06-11,767882.1191154848,767882.1191154848
2019-06-12,764070.212530478,764070.212530478
2019-06-13,764573.9544972726,764573.9544972726
2019-06-14,758750.1508781768,758750.1508781768
2019-06-17,749050.2665295111,749050.2665295111
2019-06-18,750292.0111587808,750292.0111587808
2019-06-19,750288.8149855653,750288.8149855653
2019-06-20,759292.434933747,759292.434933747
2019-06-21,752384.0632035106,752384.0632035106
2019-06-24,750815.0555049947,750815.0555049947
2019-06-25,757027.1001646845,757027.1001646845
2019-06-26,760306.3738838305,760306.3738838305
2019-06-27,759921.3290164523,759921.3290164523
2019-06-28,756539.3390639675,756539.3390639675
2019-07-01,761464.7046591808,761464.7046591808
2019-07-02,764333.3014551612,764333.3014551612
2019-07-03,764747.2372216054,764747.2372216054
2019-07-04,766672.4615584967,766672.4615584967
2019-07-05,757970.4726237737,757970.4726237737
2019-07-08,741763.2422783276,741763.2422783276
2019-07-09,741590.0222240578,741590.0222240578
2019-07-10,737932.0959839645,737932.0959839645
2019-07-11,743322.7241272598,743322.7241272598
2019-07-12,741371.8050645181,741371.8050645181
2019-07-15,743672.423079078,743672.423079078
2019-07-16,748437.3533128836,748437.3533128836
2019-07-17,750035.3145805286,750035.3145805286
2019-07-18,744221.1621511424,744221.1621511424
2019-07-19,732820.6003014931,732820.6003014931
2019-07-22,728132.6915751757,728132.6915751757
2019-07-23,727160.4282170205,727160.4282170205
2019-07-24,723326.0230793788,723326.0230793788
2019-07-25,722097.1258130345,722097.1258130345
2019-07-26,724160.2869586983,724160.2869586983
2019-07-29,718057.3508787784,718057.3508787784
2019-07-30,711396.0872071475,711396.0872071475
2019-07-31,713488.1392518773,713488.1392518773
2019-08-01,704632.1073021778,704632.1073021778
2019-08-02,705745.5036423213,705745.5036423213
2019-08-05,697098.0376624519,697098.0376624519
2019-08-06,702594.5782123014,702594.5782123014
2019-08-07,696642.4263040794,696642.4263040794
2019-08-08,707998.0537185218,707998.0537185218
2019-08-09,712952.3102128012,712952.3102128012
2019-08-13,701157.052306064,701157.052306064
2019-08-14,707802.3351116172,707802.3351116172
2019-08-16,708983.1017695394,708983.1017695394
2019-08-19,709374.6016534118,709374.6016534118
2019-08-20,707006.5506510104,707006.5506510104
2019-08-21,700698.2447744762,700698.2447744762
2019-08-22,689316.9226341832,689316.9226341832
2019-08-23,694964.2473557307,694964.2473557307
2019-08-26,709628.0393883853,709628.0393883853
2019-08-27,712676.3112551296,712676.3112551296
2019-08-28,708873.9931897697,708873.9931897697
2019-08-29,702597.7743855169,702597.7743855169
2019-08-30,707407.6390545293,707407.6390545293
2019-09-03,692946.0206452735,692946.0206452735
2019-09-04,695946.1619035956,695946.1619035956
2019-09-05,696154.7278734255,696154.7278734255
2019-09-06,702463.0337499598,702463.0337499598
2019-09-09,706111.3088003433,706111.3088003433
2019-09-11,708206.6196883519,708206.6196883519
2019-09-12,704811.7823729417,704811.7823729417
2019-09-13,710786.4328337986,710786.4328337986
2019-09-16,706140.1996994093,706140.1996994093
2019-09-17,694210.2011571149,694210.2011571149
2019-09-18,695689.4653253435,695689.4653253435
2019-09-19,686971.3701844166,686971.3701844166
2019-09-20,723512.1531666368,723512.1531666368
2019-09-23,744432.9242941878,744432.9242941878
2019-09-24,743662.8345594314,743662.8345594314
2019-09-25,734165.0611641014,734165.0611641014
2019-09-26,742571.8741018596,742571.8741018596
2019-09-27,738798.4469355656,738798.4469355656
2019-09-30,736363.0256153856,736363.0256153856
2019-10-01,729011.8898897019,729011.8898897019
2019-10-03,726066.2715862332,726066.2715862332
2019-10-04,717130.0219558298,717130.0219558298
2019-10-07,714027.2271342322,714027.2271342322
2019-10-09,726021.3371510265,726021.3371510265
2019-10-10,720967.623266687,720967.623266687
2019-10-11,725491.9004583814,725491.9004583814
2019-10-14,727808.6246791449,727808.6246791449
2019-10-15,733401.363775776,733401.363775776
2019-10-16,735692.3932706892,735692.3932706892
2019-10-17,743544.0747899519,743544.0747899519
2019-10-18,748389.2227044614,748389.2227044614
2019-10-22,743672.423079078,743672.423079078
2019-10-23,744683.1658559459,744683.1658559459
2019-10-24,743303.4217478405,743303.4217478405
2019-10-25,743386.898271823,743386.898271823
2019-10-27,743386.898271823,743386.898271823
2019-10-29,756410.9907748414,756410.9907748414
2019-10-30,760084.9605510754,760084.9605510754
2019-10-31,762225.2058742907,762225.2058742907
2019-11-01,763069.0582732568,763069.0582732568
2019-11-04,766322.6999366155,766322.6999366155
2019-11-05,764776.1281206714,764776.1281206714
2019-11-06,767911.0100145508,767911.0100145508
2019-11-07,770863.0206644506,770863.0206644506
2019-11-08,764195.3646463886,764195.3646463886
2019-11-11,764535.4750785601,764535.4750785601
2019-11-13,759850.7625254581,759850.7625254581
2019-11-14,761881.8365988405,761881.8365988405
2019-11-15,763380.3404764254,763380.3404764254
2019-11-18,762677.6210594475,762677.6210594475
2019-11-19,766245.6784291273,766245.6784291273
2019-11-20,770031.9529583466,770031.9529583466
2019-11-21,768061.8568563117,768061.8568563117
2019-11-22,764596.4530499076,764596.4530499076
2019-11-25,774822.5779180027,774822.5779180027
2019-11-26,772509.1125405178,772509.1125405178
2019-11-27,776552.0836479892,776552.0836479892
2019-11-28,779789.6817752073,779789.6817752073
2019-11-29,773686.6830252244,773686.6830252244
2019-12-02,773182.9410584297,773182.9410584297
2019-12-03,769717.5372520256,769717.5372520256
2019-12-04,772862.0703356145,772862.0703356145
2019-12-05,771270.5640844638,771270.5640844638
2019-12-06,765052.0644082798,765052.0644082798
2019-12-09,766078.8507212886,766078.8507212886
2019-12-10,760899.9847210386,760899.9847210386
2019-12-11,764323.7129355146,764323.7129355146
2019-12-12,768280.0113457881,768280.0113457881
2019-12-13,775653.6456241067,775653.6456241067
2019-12-16,773551.9423896672,773551.9423896672
2019-12-17,780678.4686093802,780678.4686093802
2019-12-18,784313.9589669016,784313.9589669016
2019-12-19,786755.7726335126,786755.7726335126
2019-12-20,787532.2547147003,787532.2547147003
2019-12-23,786951.4912404174,786951.4912404174
2019-12-24,783858.2849384662,783858.2849384662
2019-12-26,778210.9602169186,778210.9602169186
2019-12-27,785863.7269560611,785863.7269560611
2019-12-30,786508.664574907,786508.664574907
2019-12-31,780899.8819421352,780899.8819421352
2020-01-01,781801.5161392334,781801.5161392334
2020-01-02,788199.6908861811,788199.6908861811
2020-01-03,784634.8296897168,784634.8296897168
2020-01-06,769643.7119177529,769643.7119177529
2020-01-07,773487.7682451041,773487.7682451041
2020-01-08,771716.5242531265,771716.5242531265
2020-01-09,783944.957635664,783944.957635664
2020-01-10,786569.6425462546,786569.6425462546
2020-01-13,791238.3115632158,791238.3115632158
2020-01-14,793340.0147976553,793340.0147976553
2020-01-15,792120.7060509576,792120.7060509576
2020-01-16,792903.6431486392,792903.6431486392
2020-01-17,792701.4695252405,792701.4695252405
2020-01-20,784500.0263840966,784500.0263840966
2020-01-21,780989.6881424857,780989.6881424857
2020-01-22,776949.9758782927,776949.9758782927
2020-01-23,781663.5166603975,781663.5166603975
2020-01-24,786020.9661442532,786020.9661442532
2020-01-27,777726.4579594802,777726.4579594802
2020-01-28,773670.6394890836,773670.6394890836
2020-01-29,778400.2864773922,778400.2864773922
2020-01-30,772387.1565978228,772387.1565978228
2020-01-31,767657.509609514,767657.509609514
2020-02-03,751344.4921976398,751344.4921976398
2020-02-04,768783.8159826458,768783.8159826458
2020-02-05,775810.8848122988,775810.8848122988
2020-02-06,778942.5705329626,778942.5705329626
2020-02-07,776401.2368062283,776401.2368062283
2020-02-10,772111.2203102143,772111.2203102143
2020-02-11,777014.1500228558,777014.1500228558
2020-02-12,783001.5851765748,783001.5851765748
2020-02-13,781297.7741724388,781297.7741724388
2020-02-14,777370.303991168,777370.303991168
2020-02-17,773028.8980434532,773028.8980434532
2020-02-18,769608.4286722557,769608.4286722557
2020-02-19,778169.2846249904,778169.2846249904
2020-02-20,775278.1892763751,775278.1892763751
2020-02-24,759141.6507620492,759141.6507620492
2020-02-25,757120.1652083134,757120.1652083134
2020-02-26,749457.7472794612,749457.7472794612
2020-02-27,746557.0634111993,746557.0634111993
2020-02-28,718862.7238590319,718862.7238590319
2020-03-02,714434.7078841822,714434.7078841822
2020-03-03,725379.595705396,725379.595705396
2020-03-04,722023.3004787618,722023.3004787618
2020-03-05,723178.4350808964,723178.4350808964
2020-03-06,705238.5655023112,705238.5655023112
2020-03-09,670712.8757273958,670712.8757273958
2020-03-11,671158.8985661216,671158.8985661216
2020-03-12,615439.6975492621,615439.6975492621
2020-03-13,638866.4564879872,638866.4564879872
2020-03-16,590235.3022721282,590235.3022721282
2020-03-17,575452.7504699941,575452.7504699941
2020-03-18,543477.9829414595,543477.9829414595
2020-03-19,530299.8474234645,530299.8474234645
2020-03-20,561231.7851028497,561231.7851028497
2020-03-23,488381.28366087424,488381.28366087424
2020-03-24,500625.6979094896,500625.6979094896
2020-03-25,533790.8832856561,533790.8832856561
2020-03-26,554557.6740682937,554557.6740682937
2020-03-27,555764.1354520662,555764.1354520662
2020-03-30,531432.4834729644,531432.4834729644
2020-03-31,551753.2514168761,551753.2514168761
2020-04-01,529680.5418604059,529680.5418604059
2020-04-03,518770.93728468916,518770.93728468916
2020-04-07,564231.9263611718,564231.9263611718
2020-04-08,561443.5472458951,561443.5472458951
2020-04-09,584748.4129119883,584748.4129119883
2020-04-13,577172.605010271,577172.605010271
2020-04-15,572773.4799344873,572773.4799344873
2020-04-16,577105.2346924924,577105.2346924924
2020-04-17,594685.7541295498,594685.7541295498
2020-04-20,594371.2757531657,594371.2757531657
2020-04-21,576376.8832197271,576376.8832197271
2020-04-22,589587.1058100036,589587.1058100036
2020-04-23,597711.5901137224,597711.5901137224
2020-04-24,587475.8140559176,587475.8140559176
2020-04-27,595683.6495434925,595683.6495434925
2020-04-28,602011.257799446,602011.257799446
2020-04-29,613078.0388932918,613078.0388932918
2020-04-30,632750.6730451421,632750.6730451421
2020-05-04,596402.4124966111,596402.4124966111
2020-05-05,590761.4801214946,590761.4801214946
2020-05-06,594952.1018975116,594952.1018975116
2020-05-07,590341.1520086194,590341.1520086194
2020-05-08,593707.0984249634,593707.0984249634
2020-05-11,592917.7689808507,592917.7689808507
2020-05-12,590180.7166472118,590180.7166472118
2020-05-13,602181.2816805003,602181.2816805003
2020-05-14,586728.1602037329,586728.1602037329
2020-05-15,586349.5076827857,586349.5076827857
2020-05-18,566224.5210158416,566224.5210158416
2020-05-19,569808.6219216621,569808.6219216621
2020-05-20,581838.0778540167,581838.0778540167
2020-05-21,584385.8039271819,584385.8039271819
2020-05-22,580086.1362414582,580086.1362414582
2020-05-26,579431.5474329026,579431.5474329026
2020-05-27,597778.9604315009,597778.9604315009
2020-05-28,609019.0242496795,609019.0242496795
2020-05-29,614807.5446232783,614807.5446232783
2020-06-01,630584.7956661396,630584.7956661396
2020-06-02,640400.180941006,640400.180941006
2020-06-03,645691.3516942413,645691.3516942413
2020-06-04,643608.888169158,643608.888169158
2020-06-05,650863.8253480601,650863.8253480601
2020-06-08,652487.4186714924,652487.4186714924
2020-06-09,644735.1945422898,644735.1945422898
2020-06-10,649195.297589421,649195.297589421
2020-06-11,635452.3794632208,635452.3794632208
2020-06-12,640002.3513807657,640002.3513807657
2020-06-15,629785.8150323171,629785.8150323171
2020-06-16,636222.4691979773,636222.4691979773
2020-06-17,634114.3736171068,634114.3736171068
2020-06-18,647623.0310476266,647623.0310476266
2020-06-19,657425.6316296309,657425.6316296309
2020-06-22,661712.4519524295,661712.4519524295
2020-06-23,671967.4677195906,671967.4677195906
2020-06-24,661333.7994314823,661333.7994314823
2020-06-25,660281.3810626862,660281.3810626862
2020-06-26,666320.1429980431,666320.1429980431
2020-06-29,661789.4734599177,661789.4734599177
2020-06-30,661128.4296348679,661128.4296348679
2020-07-01,669339.5239657215,669339.5239657215
2020-07-02,677146.3337198405,677146.3337198405
2020-07-03,680717.5872627358,680717.5872627358
2020-07-06,690748.0561939894,690748.0561939894
2020-07-07,693058.3253982589,693058.3253982589
2020-07-08,687032.3481557642,687032.3481557642
2020-07-09,693943.9160592163,693943.9160592163
2020-07-10,691030.384828029,691030.384828029
2020-07-13,693254.0440051636,693254.0440051636
2020-07-14,680717.5872627358,680717.5872627358
2020-07-15,681413.9143332827,681413.9143332827
2020-07-16,689227.1164338327,689227.1164338327
2020-07-17,699607.2843169045,699607.2843169045
2020-07-20,707340.2687367507,707340.2687367507
2020-07-21,716327.8451487919,716327.8451487919
2020-07-22,714425.0566944726,714425.0566944726
2020-07-23,719741.9221735583,719741.9221735583
2020-07-24,718375.025428378,718375.025428378
2020-07-27,714373.7299128347,714373.7299128347
2020-07-28,725203.1168078476,725203.1168078476
2020-07-29,718933.2903500261,718933.2903500261
2020-07-30,712471.0041285785,712471.0041285785
2020-07-31,710629.1936456065,710629.1936456065
2020-08-03,698959.0878547799,698959.0878547799
2020-08-04,712028.1774630683,712028.1774630683
2020-08-05,712438.917056297,712438.917056297
2020-08-06,718760.0702957563,718760.0702957563
2020-08-07,719652.0533031448,719652.0533031448
2020-08-10,723252.2604151691,723252.2604151691
2020-08-11,726611.7518150191,726611.7518150191
2020-08-12,725706.9214447053,725706.9214447053
2020-08-13,725196.7244614166,725196.7244614166
2020-08-14,717364.2826515102,717364.2826515102
2020-08-17,721772.9962469406,721772.9962469406
2020-08-18,730645.0717327808,730645.0717327808
2020-08-19,732124.3359010094,732124.3359010094
2020-08-20,725950.7706600323,725950.7706600323
2020-08-21,729762.677245039,729762.677245039
2020-08-24,735849.6324588812,735849.6324588812
2020-08-25,736221.8299633343,736221.8299633343
2020-08-26,741185.6749772602,741185.6749772602
2020-08-27,741804.9805403188,741804.9805403188
2020-08-28,747474.7411444382,747474.7411444382
2020-08-31,730783.0712116166,730783.0712116166
2020-09-01,736093.4816742082,736093.4816742082
2020-09-02,740248.757534665,740248.757534665
2020-09-03,739764.2552772267,739764.2552772267
2020-09-04,727340.1032877843,727340.1032877843
2020-09-07,728700.6076865334,728700.6076865334
2020-09-08,726281.2299024941,726281.2299024941
2020-09-09,723756.0023819638,723756.0023819638
2020-09-10,734745.8246383844,734745.8246383844
2020-09-11,735721.2841697552,735721.2841697552
2020-09-14,734155.4099743918,734155.4099743918
2020-09-15,739401.6462924202,739401.6462924202
2020-09-16,744712.0567550118,744712.0567550118
2020-09-17,739035.8411343984,739035.8411343984
2020-09-18,738320.3370245582,738320.3370245582
2020-09-21,721994.4095796958,721994.4095796958
2020-09-22,715775.972573575,715775.972573575
2020-09-23,714376.9260860503,714376.9260860503
2020-09-24,693436.915249143,693436.915249143
2020-09-25,709140.3409577314,709140.3409577314
2020-09-28,720518.4042547458,720518.4042547458
2020-09-29,720187.945012284,720187.945012284
2020-09-30,721801.8871460066,721801.8871460066
2020-10-01,732673.0123030108,732673.0123030108
2020-10-05,738217.6207912195,738217.6207912195
2020-10-06,748424.5686200215,748424.5686200215
2020-10-07,753330.6318358155,753330.6318358155
2020-10-08,759475.3061777265,759475.3061777265
2020-10-09,764583.6056869824,764583.6056869824
2020-10-12,765658.5226084132,765658.5226084132
2020-10-13,765886.3282875994,765886.3282875994
2020-10-14,768231.8807373659,768231.8807373659
2020-10-15,749576.4443788776,749576.4443788776
2020-10-16,754845.1792495411,754845.1792495411
2020-10-19,761942.8145701879,761942.8145701879
2020-10-20,763466.9505035601,763466.9505035601
2020-10-21,766088.5019109983,766088.5019109983
2020-10-22,763444.5146209884,763444.5146209884
2020-10-23,765619.9805196377,765619.9805196377
2020-10-26,755185.2896817125,755185.2896817125
2020-10-27,762992.0994358315,762992.0994358315
2020-10-28,752737.0209986074,752737.0209986074
2020-10-29,748963.5938323132,748963.5938323132
2020-10-30,747141.0857287607,747141.0857287607
2020-11-02,748857.7440958221,748857.7440958221
2020-11-03,758121.2567954717,758121.2567954717
2020-11-04,764217.8005289604,764217.8005289604
2020-11-05,777809.8718133997,777809.8718133997
2020-11-06,787002.8180220551,787002.8180220551
2020-11-09,799677.2115732555,799677.2115732555
2020-11-10,810590.0123221878,810590.0123221878
2020-11-11,818165.820223905,818165.820223905
2020-11-12,814421.2212866138,814421.2212866138
2020-11-13,816291.9226686517,816291.9226686517
2020-11-14,816291.9226686517,816291.9226686517
2020-11-17,826190.7844675006,826190.7844675006
2020-11-18,830301.1258927507,830301.1258927507
2020-11-19,819612.934649789,819612.934649789
2020-11-20,825218.5211093454,825218.5211093454
2020-11-23,829543.8835209195,829543.8835209195
2020-11-24,837803.1084601954,837803.1084601954
2020-11-25,825176.8455174172,825176.8455174172
2020-11-26,833429.6154401989,833429.6154401989
2020-11-27,832271.2846648487,832271.2846648487
2020-12-01,841262.0572501053,841262.0572501053
2020-12-02,841563.6882635643,841563.6882635643
2020-12-03,842856.8223445348,842856.8223445348
2020-12-04,850856.0918622797,850856.0918622797
2020-12-07,857093.8312478199,857093.8312478199
2020-12-08,859481.1219595775,859481.1219595775
2020-12-09,868218.3941397977,868218.3941397977
2020-12-10,864958.3601300078,864958.3601300078
2020-12-11,867239.7384352112,867239.7384352112
2020-12-14,870082.7031754043,870082.7031754043
2020-12-15,870705.1422416155,870705.1422416155
2020-12-16,878075.5803467184,878075.5803467184
2020-12-17,881797.6807313747,881797.6807313747
2020-12-18,883071.5124329258,883071.5124329258
2020-12-21,855338.693462046,855338.693462046
2020-12-22,864188.2703952513,864188.2703952513
2020-12-23,872838.9325483365,872838.9325483365
2020-12-24,882346.3571333761,882346.3571333761
2020-12-28,890300.7548859775,890300.7548859775
2020-12-29,894112.6614709842,894112.6614709842
2020-12-30,897279.693107208,897279.693107208
2020-12-31,897266.8457442828,897266.8457442828
2021-01-01,899625.2455569746,899625.2455569746
2021-01-04,906966.7927630115,906966.7927630115
2021-01-05,911240.7657228848,911240.7657228848
2021-01-06,907823.4925249029,907823.4925249029
2021-01-07,907252.3175702665,907252.3175702665
2021-01-08,920722.4955820738,920722.4955820738
2021-01-11,929546.4404594919,929546.4404594919
2021-01-12,934596.9581706157,934596.9581706157
2021-01-13,934686.7643709662,934686.7643709662
2021-01-14,936660.1193162797,936660.1193162797
2021-01-15,926270.3629135614,926270.3629135614
2021-01-18,916490.1982141288,916490.1982141288
2021-01-19,931882.4043896118,931882.4043896118
2021-01-20,939811.1074163627,939811.1074163627
2021-01-21,936323.2050573237,936323.2050573237
2021-01-22,922304.413313578,922304.413313578
2021-01-25,913769.2520866938,913769.2520866938
2021-01-27,896352.3641842596,896352.3641842596
2021-01-28,886729.4386730192,886729.4386730192
2021-01-29,874988.7663911983,874988.7663911983
2021-02-01,916483.8058676977,916483.8058676977
2021-02-02,940013.2183696984,940013.2183696984
2021-02-03,949132.4019141443,949132.4019141443
2021-02-04,955915.6215284702,955915.6215284702
2021-02-05,957750.9769949479,957750.9769949479
2021-02-08,970043.5218519856,970043.5218519856
2021-02-09,969626.3899123259,969626.3899123259
2021-02-10,969446.714841562,969446.714841562
2021-02-11,973733.5351643603,973733.5351643603
2021-02-12,973091.79371873,973091.79371873
2021-02-15,982807.7842735995,982807.7842735995
2021-02-16,982727.5665928957,982727.5665928957
2021-02-17,976018.1723128424,976018.1723128424
2021-02-18,970245.6954753844,970245.6954753844
2021-02-19,961440.9903073227,961440.9903073227
2021-02-22,941800.505897817,941800.505897817
2021-02-23,943860.4708702654,943860.4708702654
2021-02-24,961457.0338434635,961457.0338434635
2021-02-25,968859.4963507849,968859.4963507849
2021-02-26,932395.7975461162,932395.7975461162
2021-03-01,947309.8311405287,947309.8311405287
2021-03-02,957420.455082423,957420.455082423
2021-03-03,978373.3132822555,978373.3132822555
2021-03-04,967794.2306190637,967794.2306190637
2021-03-05,958639.7638291208,958639.7638291208
2021-03-08,959801.3534477496,959801.3534477496
2021-03-09,968926.9293386266,968926.9293386266
2021-03-10,973829.796381205,973829.796381205
2021-03-12,964598.3707538369,964598.3707538369
2021-03-15,958087.891253904,958087.891253904
2021-03-16,956865.3863339905,956865.3863339905
2021-03-17,944726.8218218664,944726.8218218664
2021-03-18,934237.5453590249,934237.5453590249
2021-03-19,946183.58743746,946183.58743746
2021-03-22,945695.8890068061,945695.8890068061
2021-03-23,950723.908165295,950723.908165295
2021-03-24,933695.3239735176,933695.3239735176
2021-03-25,919288.2285191151,919288.2285191151
2021-03-26,930993.5548853758,930993.5548853758
2021-03-30,952671.5683847581,952671.5683847581
2021-03-31,942763.1180662626,942763.1180662626
2021-04-01,954099.4431012857,954099.4431012857
2021-04-05,939368.2807508525,939368.2807508525
2021-04-06,942301.0516913962,942301.0516913962
2021-04-07,950999.8444529035,950999.8444529035
2021-04-08,954513.3788677299,954513.3788677299
2021-04-09,952013.7834029869,952013.7834029869
2021-04-12,918383.3354787385,918383.3354787385
2021-04-13,930833.1195239682,930833.1195239682
2021-04-15,935752.0927727505,935752.0927727505
2021-04-16,938087.9940328073,938087.9940328073
2021-04-19,921505.4326797556,921505.4326797556
2021-04-20,917459.2653990685,917459.2653990685
2021-04-22,924502.3777648623,924502.3777648623
2021-04-23,920343.8430611267,920343.8430611267
2021-04-26,929562.4839956327,929562.4839956327
2021-04-27,940346.9364554388,940346.9364554388
2021-04-28,953919.7680305218,953919.7680305218
2021-04-29,955867.490920048,955867.490920048
2021-04-30,938938.3014482675,938938.3014482675
2021-05-03,939134.0827252353,939134.0827252353
2021-05-04,930300.4866581076,930300.4866581076
2021-05-05,938087.9940328073,938087.9940328073
2021-05-06,944951.4313278369,944951.4313278369
2021-05-07,951262.9960476499,951262.9960476499
2021-05-10,958912.5039435137,958912.5039435137
2021-05-11,953034.1773695645,953034.1773695645
2021-05-12,943135.3155707156,943135.3155707156
2021-05-14,941935.2465333741,941935.2465333741
2021-05-17,957680.4105039538,957680.4105039538
2021-05-18,969549.3684048377,969549.3684048377
2021-05-19,964547.0439721991,964547.0439721991
2021-05-20,956582.995029888,956582.995029888
2021-05-21,973861.8834534865,973861.8834534865
2021-05-24,975299.4093597238,975299.4093597238
2021-05-25,975989.2814137765,975989.2814137765
2021-05-26,981957.4768581392,981957.4768581392
2021-05-27,984293.3781181959,984293.3781181959
2021-05-28,990569.6595925117,990569.6595925117
2021-05-31,1000012.8473629253,1000012.8473629253
2021-06-01,999502.6503796364,999502.6503796364
2021-06-02,999589.3230768343,999589.3230768343
2021-06-03,1006914.7640766676,1006914.7640766676
2021-06-04,1005624.8888389756,1005624.8888389756
2021-06-07,1010848.6892744324,1010848.6892744324
2021-06-08,1010107.4277686788,1010107.4277686788
2021-06-09,1003385.1861257004,1003385.1861257004
2021-06-10,1009956.643596981,1009956.643596981
2021-06-11,1013909.745834039,1013909.745834039
2021-06-14,1014711.9226410768,1014711.9226410768
2021-06-15,1018395.5436070206,1018395.5436070206
2021-06-16,1011869.0205709469,1011869.0205709469
2021-06-17,1006982.1970645091,1006982.1970645091
2021-06-18,1006465.5450647261,1006465.5450647261
2021-06-21,1010518.1673619074,1010518.1673619074
2021-06-22,1012202.7386566872,1012202.7386566872
2021-06-23,1006696.609587191,1006696.609587191
2021-06-24,1013338.6335494657,1013338.6335494657
2021-06-25,1017824.3686523843,1017824.3686523843
2021-06-28,1014894.8565551195,1014894.8565551195
2021-06-29,1010643.319477818,1010643.319477818
2021-06-30,1008913.8137478315,1008913.8137478315
2021-07-01,1006250.5867484652,1006250.5867484652
2021-07-02,1008958.7481830382,1008958.7481830382
2021-07-05,1016155.8408937452,1016155.8408937452
2021-07-06,1015122.6622343055,1015122.6622343055
2021-07-07,1019062.9797785013,1019062.9797785013
2021-07-08,1009324.5533410602,1009324.5533410602
2021-07-09,1006879.4808311706,1006879.4808311706
2021-07-12,1007059.1559019344,1007059.1559019344
2021-07-13,1014744.0097133585,1014744.0097133585
2021-07-14,1017413.6917292187,1017413.6917292187
2021-07-15,1021921.9253847722,1021921.9253847722
2021-07-16,1021870.5986031344,1021870.5986031344
2021-07-19,1010896.8198828545,1010896.8198828545
2021-07-20,1003176.6201558704,1003176.6201558704
2021-07-22,1015494.8597387585,1015494.8597387585
2021-07-23,1017548.4323647759,1017548.4323647759
2021-07-26,1015520.5544646091,1015520.5544646091
2021-07-27,1010514.9711886918,1010514.9711886918
2021-07-28,1008137.331666644,1008137.331666644
2021-07-29,1012568.5438147092,1012568.5438147092
2021-07-30,1011580.2369204132,1011580.2369204132
2021-08-02,1019415.937573598,1019415.937573598
2021-08-03,1035177.0824102556,1035177.0824102556
2021-08-04,1043394.5690875401,1043394.5690875401
2021-08-05,1045691.9909288845,1045691.9909288845
2021-08-06,1042072.6067775667,1042072.6067775667
2021-08-09,1043359.2858420431,1043359.2858420431
2021-08-10,1044761.4658327203,1044761.4658327203
2021-08-11,1044899.465311556,1044899.465311556
2021-08-12,1050171.396355435,1050171.396355435
2021-08-13,1060740.8278289172,1060740.8278289172
2021-08-16,1062919.6152409082,1062919.6152409082
2021-08-17,1066227.717189057,1066227.717189057
2021-08-18,1063291.7500752981,1063291.7500752981
2021-08-20,1055696.7651342875,1055696.7651342875
2021-08-23,1058645.5169409087,1058645.5169409087
2021-08-24,1066869.4586346876,1066869.4586346876
2021-08-25,1067514.4589235964,1067514.4589235964
2021-08-26,1067658.8507488633,1067658.8507488633
2021-08-27,1072041.8696184433,1072041.8696184433
2021-08-30,1086535.700440107,1086535.700440107
2021-08-31,1099444.2293468614,1099444.2293468614
2021-09-01,1095853.7360946096,1095853.7360946096
2021-09-02,1105986.858589139,1105986.858589139
2021-09-03,1111727.1856842523,1111727.1856842523
2021-09-06,1115205.4995236448,1115205.4995236448
2021-09-07,1114197.8902499294,1114197.8902499294
2021-09-08,1113646.0176747125,1113646.0176747125
2021-09-09,1114656.7604515804,1114656.7604515804
2021-09-13,1113761.5812709765,1113761.5812709765
2021-09-14,1115346.6325056332,1115346.6325056332
2021-09-15,1124295.6668288985,1124295.6668288985
2021-09-16,1131358.0815741115,1131358.0815741115
2021-09-17,1128511.983330766,1128511.983330766
2021-09-20,1116431.2006167737,1116431.2006167737
2021-09-21,1127026.3268161062,1127026.3268161062
2021-09-22,1126041.2787650889,1126041.2787650889
2021-09-23,1143772.5197037812,1143772.5197037812
2021-09-24,1145713.787576813,1145713.787576813
2021-09-27,1145835.743519508,1145835.743519508
2021-09-28,1139001.1971235443,1139001.1971235443
2021-09-29,1136607.5767354188,1136607.5767354188
2021-09-30,1130629.7301013463,1130629.7301013463
2021-10-01,1125104.3613224938,1125104.3613224938
2021-10-04,1135320.8350008791,1135320.8350008791
2021-10-05,1143730.906781916,1143730.906781916
2021-10-06,1132416.9549594016,1132416.9549594016
2021-10-07,1141680.4676590513,1141680.4676590513
2021-10-08,1148409.1016484608,1148409.1016484608
2021-10-11,1151665.9394850351,1151665.9394850351
2021-10-12,1154617.9501349349,1154617.9501349349
2021-10-13,1165514.7700177894,1165514.7700177894
2021-10-14,1176860.8089125855,1176860.8089125855
2021-10-18,1185748.9279345665,1185748.9279345665
2021-10-19,1182007.5251704906,1182007.5251704906
2021-10-20,1172243.404007199,1172243.404007199
2021-10-21,1166563.9922133698,1166563.9922133698
2021-10-22,1162508.2364130362,1162508.2364130362
2021-10-25,1163182.0649309484,1163182.0649309484
2021-10-26,1172358.967603463,1172358.967603463
2021-10-27,1168672.0877942408,1168672.0877942408
2021-10-28,1145973.742998344,1145973.742998344
2021-10-29,1134063.0468354688,1134063.0468354688
2021-11-01,1150619.976132733,1150619.976132733
2021-11-02,1148008.0132449418,1148008.0132449418
2021-11-03,1144173.6081073002,1144173.6081073002
2021-11-04,1149795.3634431232,1149795.3634431232
2021-11-08,1159533.7898805647,1159533.7898805647
2021-11-09,1157974.3080316323,1157974.3080316323
2021-11-10,1156238.3472851517,1156238.3472851517
2021-11-11,1147022.9651939243,1147022.9651939243
2021-11-12,1161728.4954885703,1161728.4954885703
2021-11-15,1162158.4121210922,1162158.4121210922
2021-11-16,1155083.2126830171,1155083.2126830171
2021-11-17,1148630.5776512788,1148630.5776512788
2021-11-18,1140040.893469541,1140040.893469541
2021-11-22,1117692.2476254627,1117692.2476254627
2021-11-23,1123262.488169459,1123262.488169459
2021-11-24,1117595.986408618,1117595.986408618
2021-11-25,1125373.8425936082,1125373.8425936082
2021-11-26,1092657.8135593198,1092657.8135593198
2021-11-29,1094422.6025348036,1094422.6025348036
2021-11-30,1089882.2818069684,1089882.2818069684
2021-12-01,1101671.1473672744,1101671.1473672744
2021-12-02,1116736.0278034483,1116736.0278034483
2021-12-03,1103583.4616711775,1103583.4616711775
2021-12-06,1085329.1763862711,1085329.1763862711
2021-12-07,1102299.9787799167,1102299.9787799167
2021-12-08,1121106.261980166,1121106.261980166
2021-12-09,1124128.83912106,1124128.83912106
2021-12-10,1123772.747822811,1123772.747822811
2021-12-13,1114592.5863070174,1114592.5863070174
2021-12-14,1111810.662208235,1111810.662208235
2021-12-15,1105168.6382459602,1105168.6382459602
2021-12-16,1106901.3401491623,1106901.3401491623
2021-12-17,1090010.6300960944,1090010.6300960944
2021-12-20,1066202.0224632067,1066202.0224632067
2021-12-21,1076254.927277032,1076254.927277032
2021-12-22,1088101.449295344,1088101.449295344
2021-12-23,1095619.4753989296,1095619.4753989296
2021-12-24,1091201.1106137894,1091201.1106137894
2021-12-27,1096495.4775402402,1096495.4775402402
2021-12-28,1105929.076791007,1105929.076791007
2021-12-29,1104668.029782318,1104668.029782318
2021-12-30,1104048.7242192596,1104048.7242192596
2021-12-31,1113681.3635902726,1113681.3635902726
2022-01-03,1131114.1696887214,1131114.1696887214
2022-01-04,1142636.6874810657,1142636.6874810657
2022-01-05,1150337.5848286306,1150337.5848286306
2022-01-06,1138827.9770692745,1138827.9770692745
2022-01-07,1143114.73472201,1143114.73472201
2022-01-10,1155346.4269478263,1155346.4269478263
2022-01-11,1158712.3106941073,1158712.3106941073
2022-01-12,1168761.9566646542,1168761.9566646542
2022-01-13,1171678.7467391198,1171678.7467391198
2022-01-14,1171547.1396067152,1171547.1396067152
2022-01-17,1174906.6310065652,1174906.6310065652
2022-01-18,1162389.53931362,1162389.53931362
2022-01-19,1151181.4998976598,1151181.4998976598
2022-01-20,1139540.2850058991,1139540.2850058991
2022-01-21,1130565.5559567832,1130565.5559567832
2022-01-24,1100528.797458002,1100528.797458002
2022-01-25,1108797.6109169244,1108797.6109169244
2022-01-27,1098029.2646633221,1098029.2646633221
2022-01-28,1097502.9614738293,1097502.9614738293
2022-01-31,1112770.0155334019,1112770.0155334019
2022-02-01,1127979.2877948422,1127979.2877948422
2022-02-02,1141016.290330849,1141016.290330849
2022-02-03,1126910.7632198425,1126910.7632198425
2022-02-04,1124093.6185456258,1124093.6185456258
2022-02-07,1104668.029782318,1104668.029782318
2022-02-08,1108078.9106338688,1108078.9106338688
2022-02-09,1120724.4759560663,1120724.4759560663
2022-02-10,1129840.3379871703,1129840.3379871703
2022-02-11,1115009.7182466772,1115009.7182466772
2022-02-14,1080872.3321824186,1080872.3321824186
2022-02-15,1113578.584686871,1113578.584686871
2022-02-16,1111637.316813839,1111637.316813839
2022-02-17,1110507.8769375547,1110507.8769375547
2022-02-18,1108691.8238504964,1108691.8238504964
2022-02-21,1104222.0696136553,1104222.0696136553
2022-02-22,1096877.2635643398,1096877.2635643398
2022-02-23,1095019.4722152902,1095019.4722152902
2022-02-24,1042698.3046870563,1042698.3046870563
2022-02-25,1069038.5948569686,1069038.5948569686
2022-02-28,1077734.1914452608,1077734.1914452608
2022-03-02,1065672.5857705616,1065672.5857705616
2022-03-03,1058748.2958443107,1058748.2958443107
2022-03-04,1042531.4143091546,1042531.4143091546
2022-03-07,1018004.1063932113,1018004.1063932113
2022-03-08,1027649.4677870236,1027649.4677870236
2022-03-09,1048948.8287654587,1048948.8287654587
2022-03-10,1064963.5366772157,1064963.5366772157
2022-03-11,1067244.852312356,1067244.852312356
2022-03-14,1082701.295302465,1082701.295302465
2022-03-15,1069333.7708539334,1069333.7708539334
2022-03-16,1089378.539840174,1089378.539840174
2022-03-17,1109381.695904549,1109381.695904549
2022-03-21,1098507.3119042662,1098507.3119042662
2022-03-22,1111207.400181317,1111207.400181317
2022-03-23,1106724.8612516138,1106724.8612516138
2022-03-24,1105255.248273095,1105255.248273095
2022-03-25,1100779.101689823,1100779.101689823
2022-03-28,1105207.1176646727,1105207.1176646727
2022-03-29,1111836.3569340853,1111836.3569340853
2022-03-30,1122935.2251002125,1122935.2251002125
2022-03-31,1120785.3912573506,1120785.3912573506
2022-04-01,1133985.9626579175,1133985.9626579175
2022-04-04,1158561.5265224094,1158561.5265224094
2022-04-05,1152400.8086443576,1152400.8086443576
2022-04-06,1142790.7304960424,1142790.7304960424
2022-04-07,1132003.0818630205,1132003.0818630205
2022-04-08,1141295.4227916729,1141295.4227916729
2022-04-11,1134274.7463084513,1134274.7463084513
2022-04-12,1124992.0565695085,1124992.0565695085
2022-04-13,1121484.914501113,1121484.914501113
2022-04-18,1102104.322843075,1102104.322843075
2022-04-19,1088306.8817620215,1088306.8817620215
2022-04-20,1099723.4871478113,1099723.4871478113
2022-04-21,1116155.201659102,1116155.201659102
2022-04-22,1101995.1515932423,1101995.1515932423
2022-04-25,1088005.1880784996,1088005.1880784996
2022-04-26,1103846.675935987,1103846.675935987
2022-04-27,1093424.769790924,1093424.769790924
2022-04-28,1106686.3818329014,1106686.3818329014
2022-04-29,1097541.5662326682,1097541.5662326682
2022-05-02,1095394.8658929588,1095394.8658929588
2022-05-04,1070270.6882965288,1070270.6882965288
2022-05-05,1070594.8178626227,1070594.8178626227
2022-05-06,1053177.9299601882,1053177.9299601882
2022-05-09,1046157.2534769665,1046157.2534769665
2022-05-10,1042191.3038769832,1042191.3038769832
2022-05-11,1037509.7874970969,1037509.7874970969
2022-05-12,1014464.8772525344,1014464.8772525344
2022-05-13,1012806.0006836051,1012806.0006836051
2022-05-16,1016666.037877034,1016666.037877034
2022-05-17,1043426.6561598218,1043426.6561598218
2022-05-18,1042207.3474131239,1042207.3474131239
2022-05-19,1014554.7461229478,1014554.7461229478
2022-05-20,1043866.2866521165,1043866.2866521165
2022-05-23,1040564.5143803352,1040564.5143803352
2022-05-24,1034817.7322687277,1034817.7322687277
2022-05-25,1028441.9934043519,1028441.9934043519
2022-05-26,1037705.5687740647,1037705.5687740647
2022-05-27,1049404.5027938941,1049404.5027938941
2022-05-30,1069231.117290658,1069231.117290658
2022-05-31,1064299.3593490135,1064299.3593490135
2022-06-01,1060333.3470789671,1060333.3470789671
2022-06-02,1067087.675794227,1067087.675794227
2022-06-03,1064283.3158128727,1064283.3158128727
2022-06-06,1063336.7471805678,1063336.7471805678
2022-06-07,1053505.1930294347,1053505.1930294347
2022-06-08,1049648.352009221,1049648.352009221
2022-06-09,1057467.9464562023,1057467.9464562023
2022-06-10,1039736.6428474468,1039736.6428474468
2022-06-13,1012308.6510632415,1012308.6510632415
2022-06-14,1009594.0346121746,1009594.0346121746
2022-06-15,1007030.3276729316,1007030.3276729316
2022-06-16,985753.3399070052,985753.3399070052
2022-06-17,981447.2798748504,981447.2798748504
2022-06-20,985082.7702323718,985082.7702323718
2022-06-21,1003606.5994584556,1003606.5994584556
2022-06-22,989135.3298594899,989135.3298594899
2022-06-23,998334.7310846396,998334.7310846396
2022-06-24,1007485.9390313037,1007485.9390313037
2022-06-27,1016008.252895263,1016008.252895263
2022-06-28,1017173.0386871074,1017173.0386871074
2022-06-29,1013893.7022978982,1013893.7022978982
2022-06-30,1012684.0447409101,1012684.0447409101
2022-07-01,1010874.3213302199,1010874.3213302199
2022-07-04,1016220.0150383082,1016220.0150383082
2022-07-05,1014647.7484965139,1014647.7484965139
2022-07-06,1026131.7242000825,1026131.7242000825
2022-07-07,1035315.0818890913,1035315.0818890913
2022-07-08,1040943.1042312194,1040943.1042312194
2022-07-11,1040647.9282342547,1040647.9282342547
2022-07-12,1030527.6531026507,1030527.6531026507
2022-07-13,1024646.130355486,1024646.130355486
2022-07-14,1022849.2543077208,1022849.2543077208
2022-07-15,1029943.6934551522,1029943.6934551522
2022-07-18,1044658.8122694447,1044658.8122694447
2022-07-19,1048640.8054055688,1048640.8054055688
2022-07-20,1060211.3911362723,1060211.3911362723
2022-07-21,1065627.714005418,1065627.714005418
2022-07-22,1072956.3511784668,1072956.3511784668
2022-07-25,1067280.1982279164,1067280.1982279164
2022-07-26,1057836.9477874397,1057836.9477874397
2022-07-27,1067973.3291252477,1067973.3291252477
2022-07-28,1086442.5727264145,1086442.5727264145
2022-07-29,1101116.015948779,1101116.015948779
2022-08-01,1112782.9255663902,1112782.9255663902
2022-08-02,1113129.3656749297,1113129.3656749297
2022-08-03,1115869.676851847,1115869.676851847
2022-08-04,1115474.9807947592,1115474.9807947592
2022-08-05,1116469.6800354864,1116469.6800354864
2022-08-08,1124658.2758137048,1124658.2758137048
2022-08-10,1125277.5813767635,1125277.5813767635
2022-08-11,1133251.218838721,1133251.218838721
2022-08-12,1135763.6616663896,1135763.6616663896
2022-08-16,1143920.1703723266,1143920.1703723266
2022-08-17,1151556.8935753284,1151556.8935753284
2022-08-18,1152343.0268462256,1152343.0268462256
2022-08-19,1139633.287379465,1139633.287379465
2022-08-22,1122450.6601727111,1122450.6601727111
2022-08-23,1128021.0260568336,1128021.0260568336
2022-08-24,1129782.5561890386,1129782.5561890386
2022-08-25,1124488.1892625878,1124488.1892625878
2022-08-26,1126827.4120359863,1126827.4120359863
2022-08-29,1111040.5724734785,1111040.5724734785
2022-08-30,1139687.9356744445,1139687.9356744445
2022-09-01,1125794.2333765465,1125794.2333765465
2022-09-02,1125579.1497201594,1125579.1497201594
2022-09-05,1133687.6531578004,1133687.6531578004
2022-09-06,1133033.0016791816,1133033.0016791816
2022-09-07,1131030.8185048653,1131030.8185048653
2022-09-08,1142219.5555414062,1142219.5555414062
2022-09-09,1144439.9558752622,1144439.9558752622
2022-09-12,1151049.892765255,1151049.892765255
2022-09-13,1159630.051097409,1159630.051097409
2022-09-14,1155375.2551768292,1155375.2551768292
2022-09-15,1147266.8770793143,1147266.8770793143
2022-09-16,1125027.2771449427,1125027.2771449427
2022-09-19,1130892.8190260294,1130892.8190260294
2022-09-20,1143342.6030712593,1143342.6030712593
2022-09-21,1137059.9292505123,1137059.9292505123
2022-09-22,1131377.3839535308,1131377.3839535308
2022-09-23,1111967.8387263638,1111967.8387263638
2022-09-26,1092006.546264106,1092006.546264106
2022-09-27,1091435.3713094695,1091435.3713094695
2022-09-28,1081886.208462439,1081886.208462439
2022-09-29,1079287.1556076359,1079287.1556076359
2022-09-30,1097015.2630431755,1097015.2630431755
2022-10-03,1083731.2151186261,1083731.2151186261
2022-10-04,1108563.4755613701,1108563.4755613701
2022-10-06,1112253.488873745,1112253.488873745
2022-10-07,1111152.8772264635,1111152.8772264635
2022-10-10,1106426.4264113705,1106426.4264113705
2022-10-11,1089904.8430296662,1089904.8430296662
2022-10-12,1098892.3567716444,1098892.3567716444
2022-10-13,1091881.3314781324,1091881.3314781324
2022-10-14,1102877.5460809842,1102877.5460809842
2022-10-17,1110970.0059824842,1110970.0059824842
2022-10-18,1122210.0071305998,1122210.0071305998
2022-10-19,1123833.663124095,1123833.663124095
2022-10-20,1127151.4162619538,1127151.4162619538
2022-10-21,1127944.0672194082,1127944.0672194082
2022-10-24,1137855.7137111195,1137855.7137111195
2022-10-25,1133081.132287604,1133081.132287604
2022-10-27,1138253.5432713595,1138253.5432713595
2022-10-28,1141452.7246499283,1141452.7246499283
2022-10-31,1155917.4765623366,1155917.4765623366
2022-11-01,1164465.547822209,1164465.547822209
2022-11-02,1160451.4049437405,1160451.4049437405
2022-11-03,1158516.5294171395,1158516.5294171395
2022-11-04,1162652.6282383031,1162652.6282383031
2022-11-07,1168149.1687881527,1168149.1687881527
2022-11-09,1165209.942831115,1165209.942831115
2022-11-10,1156944.262875345,1156944.262875345
2022-11-11,1177576.2503523624,1177576.2503523624
2022-11-14,1176257.5468856676,1176257.5468856676
2022-11-15,1181022.4771194733,1181022.4771194733
2022-11-16,1181423.5655229923,1181423.5655229923
2022-11-17,1177204.1155179725,1177204.1155179725
2022-11-18,1174877.802777562,1174877.802777562
2022-11-21,1165399.2064215255,1165399.2064215255
2022-11-22,1170805.878100962,1170805.878100962
2022-11-23,1172285.1422691902,1172285.1422691902
2022-11-24,1186201.2804496603,1186201.2804496603
2022-11-25,1188039.8947594166,1188039.8947594166
2022-11-28,1191248.6019875684,1191248.6019875684
2022-11-29,1194797.482317955,1194797.482317955
2022-11-30,1203801.0395960738,1203801.0395960738
2022-12-01,1207276.0945921876,1207276.0945921876
2022-12-02,1199806.1990970245,1199806.1990970245
2022-12-05,1200123.9363166874,1200123.9363166874
2022-12-06,1196382.5335526117,1196382.5335526117
2022-12-07,1191104.2101623018,1191104.2101623018
2022-12-08,1194239.092056181,1194239.092056181
2022-12-09,1187003.4572566983,1187003.4572566983
2022-12-12,1187038.8031722582,1187038.8031722582
2022-12-13,1194152.4820290462,1194152.4820290462
2022-12-14,1197508.8399257434,1197508.8399257434
2022-12-15,1181760.4797819483,1181760.4797819483
2022-12-16,1172397.4470221756,1172397.4470221756
2022-12-19,1182116.5710801976,1182116.5710801976
2022-12-20,1179860.9501709074,1179860.9501709074
2022-12-21,1167911.649249194,1167911.649249194
2022-12-22,1163307.1543767957,1163307.1543767957
2022-12-23,1142736.207541189,1142736.207541189
2022-12-26,1156071.519577313,1156071.519577313
2022-12-27,1163624.8915964584,1163624.8915964584
2022-12-28,1162995.9348436901,1162995.9348436901
2022-12-29,1167391.8637462584,1167391.8637462584
2022-12-30,1161892.1896932563,1161892.1896932563
2023-01-02,1167805.7368426395,1167805.7368426395
2023-01-03,1170058.3495889031,1170058.3495889031
2023-01-04,1157890.83150765,1157890.83150765
2023-01-05,1154630.8601679232,1154630.8601679232
2023-01-06,1146114.875980332,1146114.875980332
2023-01-09,1161628.975428447,1161628.975428447
2023-01-10,1149625.2768920062,1149625.2768920062
2023-01-11,1148441.1887207425,1148441.1887207425
2023-01-12,1146034.6582996284,1146034.6582996284
2023-01-13,1152349.4191926566,1152349.4191926566
2023-01-16,1148386.665765889,1148386.665765889
2023-01-17,1158555.1341759784,1158555.1341759784
2023-01-18,1165745.7718701914,1165745.7718701914
2023-01-19,1162055.7585578165,1162055.7585578165
2023-01-20,1156909.0422999111,1156909.0422999111
2023-01-23,1162742.4971087165,1162742.4971087165
2023-01-24,1162726.453572576,1162726.453572576
2023-01-25,1148200.535678631,1148200.535678631
2023-01-27,1129744.076770326,1129744.076770326
2023-01-30,1132606.2185498122,1132606.2185498122
2023-01-31,1133453.39246212,1133453.39246212
2023-02-01,1130511.03300193,1130511.03300193
2023-02-02,1130132.3804809826,1130132.3804809826
2023-02-03,1145768.4358717925,1145768.4358717925
2023-02-06,1140027.983436553,1140027.983436553
2023-02-07,1137262.1028739111,1137262.1028739111
2023-02-08,1146901.0092512292,1146901.0092512292
2023-02-09,1148296.7968954756,1148296.7968954756
2023-02-10,1145925.6123899214,1145925.6123899214
2023-02-13,1140432.3306833506,1140432.3306833506
2023-02-14,1150632.7608255954,1150632.7608255954
2023-02-15,1156151.7372580168,1156151.7372580168
2023-02-16,1157435.2201492777,1157435.2201492777
2023-02-17,1151553.63473205,1151553.63473205
2023-02-20,1145161.915001596,1145161.915001596
2023-02-21,1144013.1727458925,1144013.1727458925
2023-02-22,1126532.2360390213,1126532.2360390213
2023-02-23,1123769.488979532,1123769.488979532
2023-02-24,1120852.8242451923,1120852.8242451923
2023-02-27,1116161.5940055333,1116161.5940055333
2023-02-28,1110466.1386755635,1110466.1386755635
2023-03-01,1119896.604423178,1119896.604423178
2023-03-02,1111618.1397745458,1111618.1397745458
2023-03-03,1129102.3353246953,1129102.3353246953
2023-03-06,1136617.1025850023,1136617.1025850023
2023-03-08,1139373.4572980604,1139373.4572980604
2023-03-09,1128797.508138021,1128797.508138021
2023-03-10,1117457.9869297822,1117457.9869297822
2023-03-13,1100862.5782138056,1100862.5782138056
2023-03-14,1093739.248167308,1093739.248167308
2023-03-15,1089173.2327136225,1089173.2327136225
2023-03-16,1090036.3248219448,1090036.3248219448
2023-03-17,1097381.1308712605,1097381.1308712605
2023-03-20,1090216.0625627718,1090216.0625627718
2023-03-21,1097859.1781122047,1097859.1781122047
2023-03-22,1100708.535198829,1100708.535198829
2023-03-23,1095895.474356601,1095895.474356601
2023-03-24,1087434.1384639894,1087434.1384639894
2023-03-27,1090042.717168376,1090042.717168376
2023-03-28,1087860.7962532328,1087860.7962532328
2023-03-29,1096139.2609018649,1096139.2609018649
2023-03-31,1114047.1060782315,1114047.1060782315
2023-04-03,1116505.0259510465,1116505.0259510465
2023-04-05,1126708.7149365698,1126708.7149365698
2023-04-06,1129410.4213546484,1129410.4213546484
2023-04-10,1131008.3826222934,1131008.3826222934
2023-04-11,1137313.492325612,1137313.492325612
2023-04-12,1143095.5576827168,1143095.5576827168
2023-04-13,1144096.649269875,1144096.649269875
2023-04-17,1136321.9265880375,1136321.9265880375
2023-04-18,1133325.0441729939,1133325.0441729939
2023-04-19,1130668.209520059,1130668.209520059
2023-04-20,1131033.9520080178,1131033.9520080178
2023-04-21,1131008.3826222934,1131008.3826222934
2023-04-24,1138667.541707867,1138667.541707867
2023-04-25,1140326.4182767964,1140326.4182767964
2023-04-26,1143172.516520142,1143172.516520142
2023-04-27,1149683.0586901382,1149683.0586901382
2023-04-28,1159305.9215313154,1159305.9215313154
2023-05-02,1164609.9396474757,1164609.9396474757
2023-05-03,1160900.623955682,1160900.623955682
2023-05-04,1171550.3984499937,1171550.3984499937
2023-05-05,1159562.6181095676,1159562.6181095676
2023-05-08,1172102.2710252106,1172102.2710252106
2023-05-09,1172201.6657452078,1172201.6657452078
2023-05-10,1175355.8500185064,1175355.8500185064
2023-05-11,1174194.3230699408,1174194.3230699408
2023-05-12,1175336.6729792133,1175336.6729792133
2023-05-15,1180730.434625661,1180730.434625661
2023-05-16,1173520.4945520288,1173520.4945520288
2023-05-17,1166798.2529090503,1166798.2529090503
2023-05-18,1163473.9820846345,1163473.9820846345
2023-05-19,1168187.6482068654,1168187.6482068654
2023-05-22,1175310.978253363,1175310.978253363
2023-05-23,1177467.2044426557,1177467.2044426557
2023-05-24,1173449.9280610348,1173449.9280610348
2023-05-25,1175744.1537291633,1175744.1537291633
2023-05-26,1187179.9361542466,1187179.9361542466
2023-05-29,1193552.4788454068,1193552.4788454068
2023-05-30,1195811.3585979755,1195811.3585979755
2023-05-31,1189429.2900572317,1189429.2900572317
2023-06-01,1186435.5411453405,1186435.5411453405
2023-06-02,1189409.987677812,1189409.987677812
2023-06-05,1193244.392815454,1193244.392815454
2023-06-06,1193574.9147279786,1193574.9147279786
2023-06-07,1201750.7258133353,1201750.7258133353
2023-06-08,1195856.3557032451,1195856.3557032451
2023-06-09,1191290.3402495598,1191290.3402495598
2023-06-12,1193735.3500893863,1193735.3500893863
2023-06-13,1201092.9408315641,1201092.9408315641
2023-06-14,1203643.8630779448,1203643.8630779448
2023-06-15,1199292.8059405203,1199292.8059405203
2023-06-16,1208142.4455437888,1208142.4455437888
2023-06-19,1203614.9095088157,1203614.9095088157
2023-06-20,1207545.575863302,1207545.575863302
2023-06-21,1210122.1928355333,1210122.1928355333
2023-06-22,1204628.9111289624,1204628.9111289624
2023-06-23,1197842.4953414209,1197842.4953414209
2023-06-26,1199491.7207206406,1199491.7207206406
2023-06-27,1207590.572968572,1207590.572968572
2023-06-28,1217518.2629964235,1217518.2629964235
2023-06-30,1231440.9188634506,1231440.9188634506
2023-07-03,1240008.1671626167,1240008.1671626167
2023-07-04,1244272.4889327802,1244272.4889327802
2023-07-05,1244882.143306129,1244882.143306129
2023-07-06,1251222.598925008,1251222.598925008
2023-07-07,1240601.7779998248,1240601.7779998248
2023-07-10,1242148.349815769,1242148.349815769
2023-07-11,1247506.8908867827,1247506.8908867827
2023-07-12,1243970.9205893844,1243970.9205893844
2023-07-13,1245860.7990107154,1245860.7990107154
2023-07-14,1255535.0513035937,1255535.0513035937
2023-07-17,1264965.3917110818,1264965.3917110818
2023-07-18,1267391.2245116152,1267391.2245116152
2023-07-19,1272775.4603084796,1272775.4603084796
2023-07-20,1282144.8854146835,1282144.8854146835
2023-07-21,1267118.4843972225,1267118.4843972225
2023-07-24,1262456.2077266923,1262456.2077266923
2023-07-25,1262985.6444193374,1262985.6444193374
2023-07-26,1269255.533547222,1269255.533547222
2023-07-27,1261657.289762933,1261657.289762933
2023-07-28,1260768.5029287601,1260768.5029287601
2023-07-31,1267683.2670054277,1267683.2670054277
2023-08-01,1266383.740578026,1266383.740578026
2023-08-02,1253099.6926534767,1253099.6926534767
2023-08-03,1243800.8340382671,1243800.8340382671
2023-08-04,1252486.7794368493,1252486.7794368493
2023-08-07,1257640.013381312,1257640.013381312
2023-08-08,1255942.5320535437,1255942.5320535437
2023-08-09,1259902.1519771589,1259902.1519771589
2023-08-10,1254161.6995419194,1254161.6995419194
2023-08-11,1246794.582950158,1246794.582950158
2023-08-14,1247195.671353677,1247195.671353677
2023-08-16,1249149.7239195711,1249149.7239195711
2023-08-17,1242748.352999408,1242748.352999408
2023-08-18,1239212.3827020098,1239212.3827020098
2023-08-21,1244567.664929745,1244567.664929745
2023-08-22,1244750.5361737243,1244750.5361737243
2023-08-23,1247802.0668837475,1247802.0668837475
2023-08-24,1244124.8382642346,1244124.8382642346
2023-08-25,1236366.284458664,1236366.284458664
2023-08-28,1238949.2937773266,1238949.2937773266
2023-08-29,1241298.0424003087,1241298.0424003087
2023-08-30,1241606.0030901355,1241606.0030901355
2023-08-31,1235596.1947239076,1235596.1947239076
2023-09-01,1247243.8019620995,1247243.8019620995
2023-09-04,1253244.0844787436,1253244.0844787436
2023-09-05,1256202.4874750746,1256202.4874750746
2023-09-06,1258522.4078690535,1258522.4078690535
2023-09-07,1265966.6086383662,1265966.6086383662
2023-09-08,1271928.286396172,1271928.286396172
2023-09-11,1283248.630565117,1283248.630565117
2023-09-12,1283046.4569417185,1283046.4569417185
2023-09-13,1287975.0813802104,1287975.0813802104
2023-09-14,1290099.2204972217,1290099.2204972217
2023-09-15,1295826.762899473,1295826.762899473
2023-09-18,1292037.3548671012,1292037.3548671012
2023-09-20,1277155.3456749069,1277155.3456749069
2023-09-21,1266948.397846105,1266948.397846105
2023-09-22,1262578.1636693873,1262578.1636693873
2023-09-25,1262597.4660488067,1262597.4660488067
2023-09-26,1261965.25045276,1261965.25045276
2023-09-27,1265286.2624338972,1265286.2624338972
2023-09-28,1252907.1702197876,1252907.1702197876
2023-09-29,1260271.1533083965,1260271.1533083965
2023-10-03,1253240.825635465,1253240.825635465
2023-10-04,1247295.0660736742,1247295.0660736742
2023-10-05,1254331.7860930366,1254331.7860930366
2023-10-06,1261246.5501697042,1261246.5501697042
2023-10-09,1252188.344596606,1252188.344596606
2023-10-10,1263579.2552565455,1263579.2552565455
2023-10-11,1271376.413820955,1271376.413820955
2023-10-12,1270263.0174808113,1270263.0174808113
2023-10-13,1267506.7881078792,1267506.7881078792
2023-10-16,1266268.176981762,1266268.176981762
2023-10-17,1271386.0650106645,1271386.0650106645
2023-10-18,1262375.9900459885,1262375.9900459885
2023-10-19,1259398.2846702384,1259398.2846702384
2023-10-20,1254132.8713129165,1254132.8713129165
2023-10-23,1237389.8119283943,1237389.8119283943
2023-10-25,1227147.6435241583,1227147.6435241583
2023-10-26,1210147.887561384,1210147.887561384
2023-10-27,1222340.9750283614,1222340.9750283614
2023-10-30,1228350.9087347153,1228350.9087347153
2023-10-31,1224416.9835369505,1224416.9835369505
2023-11-01,1218612.4822972738,1218612.4822972738
2023-11-02,1227859.951460783,1227859.951460783
2023-11-03,1234107.2793659696,1234107.2793659696
2023-11-06,1245732.4507215894,1245732.4507215894
2023-11-07,1245408.3211554957,1245408.3211554957
2023-11-08,1247769.9798114658,1247769.9798114658
2023-11-09,1244676.836179578,1244676.836179578
2023-11-10,1246605.1940196215,1246605.1940196215
2023-11-13,1247773.2386547443,1247773.2386547443
2023-11-15,1262655.1225068124,1262655.1225068124
2023-11-16,1268414.7519813452,1268414.7519813452
2023-11-17,1266271.4358250406,1266271.4358250406
2023-11-20,1263845.6030245074,1263845.6030245074
2023-11-21,1269582.7966164683,1269582.7966164683
2023-11-22,1271408.5008932364,1271408.5008932364
2023-11-23,1270776.4106373156,1270776.4106373156
2023-11-24,1270307.889245955,1270307.889245955
2023-11-28,1276404.432979444,1276404.432979444
2023-11-29,1289682.0885575619,1289682.0885575619
2023-11-30,1292027.7036773914,1292027.7036773914
2023-12-01,1300675.169657261,1300675.169657261
2023-12-04,1327557.7438827436,1327557.7438827436
2023-12-05,1338358.1772086278,1338358.1772086278
2023-12-06,1343658.9364815096,1343658.9364815096
2023-12-07,1341313.4467018063,1341313.4467018063
2023-12-08,1345693.3320682335,1345693.3320682335
2023-12-11,1347470.9057365796,1347470.9057365796
2023-12-12,1341650.3609607622,1341650.3609607622
2023-12-13,1342930.5850087444,1342930.5850087444
2023-12-14,1359381.6018994544,1359381.6018994544
2023-12-15,1376962.1840065748,1376962.1840065748
2023-12-18,1374523.5665131793,1374523.5665131793
2023-12-19,1376734.3156573256,1376734.3156573256
2023-12-20,1357292.8086980032,1357292.8086980032
2023-12-21,1364024.7015306912,1364024.7015306912
2023-12-22,1370079.5070021888,1370079.5070021888
2023-12-26,1375980.26945871,1375980.26945871
2023-12-27,1389675.0569764876,1389675.0569764876
2023-12-28,1397629.392059026,1397629.392059026
2023-12-29,1394594.03022527,1394594.03022527
2024-01-01,1395267.858743182,1395267.858743182
2024-01-02,1390384.23140996,1390384.23140996
2024-01-03,1380857.504445501,1380857.504445501
2024-01-04,1389922.1023650304,1389922.1023650304
2024-01-05,1393272.0679152966,1393272.0679152966
2024-01-08,1380578.371984677,1380578.371984677
2024-01-09,1382622.2934209844,1382622.2934209844
2024-01-10,1387361.5289289397,1387361.5289289397
2024-01-11,1389190.4920489863,1389190.4920489863
2024-01-12,1405064.0669787554,1405064.0669787554
2024-01-15,1418084.9006384953,1418084.9006384953
2024-01-16,1413904.055392314,1413904.055392314
2024-01-17,1384361.3876706178,1384361.3876706178
2024-01-18,1377321.5341481026,1377321.5341481026
2024-01-19,1387599.0484678985,1387599.0484678985
2024-01-23,1362981.871681542,1362981.871681542
2024-01-24,1376788.838612179,1376788.838612179
2024-01-25,1370284.81412874,1370284.81412874
2024-01-29,1394991.8597855105,1394991.8597855105
2024-01-30,1381162.3316321752,1381162.3316321752
2024-01-31,1394228.162397185,1394228.162397185
2024-02-01,1392415.2428132792,1392415.2428132792
2024-02-02,1402448.9705878114,1402448.9705878114
2024-02-05,1397180.173047085,1397180.173047085
2024-02-06,1407300.510848752,1407300.510848752
2024-02-07,1407371.077339746,1407371.077339746
2024-02-08,1393730.8127768214,1393730.8127768214
2024-02-09,1397873.303944416,1397873.303944416
2024-02-12,1387191.5677179487,1387191.5677179487
2024-02-13,1395354.4687703168,1395354.4687703168
2024-02-14,1401566.5761000696,1401566.5761000696
2024-02-15,1406103.6379846262,1406103.6379846262
2024-02-16,1414443.0179345426,1414443.0179345426
2024-02-19,1419676.469559709,1419676.469559709
2024-02-20,1424470.2280225176,1424470.2280225176
2024-02-21,1415364.0171811231,1415364.0171811231
2024-02-22,1425785.79798606,1425785.79798606
2024-02-23,1425480.9707993853,1425480.9707993853
2024-02-26,1419663.6848668468,1419663.6848668468
2024-02-27,1424560.096892931,1424560.096892931
2024-02-28,1408696.2984929981,1408696.2984929981
2024-02-29,1410727.4352364433,1410727.4352364433
2024-03-01,1433570.171857607,1433570.171857607
2024-03-04,1437860.1883536212,1437860.1883536212
2024-03-05,1434696.478230739,1434696.478230739
2024-03-06,1442252.983753037,1442252.983753037
2024-03-07,1443504.3795720162,1443504.3795720162
2024-03-11,1433178.7346437979,1433178.7346437979
2024-03-12,1433374.3905806392,1433374.3905806392
2024-03-13,1411683.529718332,1411683.529718332
2024-03-14,1421242.3437550722,1421242.3437550722
2024-03-15,1413329.6215943992,1413329.6215943992
2024-03-18,1415405.6301029883,1415405.6301029883
2024-03-19,1400116.140160844,1400116.140160844
2024-03-20,1401505.535458659,1401505.535458659
2024-03-21,1412598.0112783553,1412598.0112783553
2024-03-22,1418040.0288733514,1418040.0288733514
2024-03-26,1412132.7487302732,1412132.7487302732
2024-03-27,1419766.3384301225,1419766.3384301225
2024-03-28,1432809.7333125602,1432809.7333125602
2024-04-01,1441479.6351750016,1441479.6351750016
2024-04-02,1440921.3702533536,1440921.3702533536
2024-04-03,1439724.4973892279,1439724.4973892279
2024-04-04,1444858.428954271,1444858.428954271
2024-04-05,1444797.3883128604,1444797.3883128604
2024-04-08,1454590.4630452814,1454590.4630452814
2024-04-09,1453079.1118047712,1453079.1118047712
2024-04-10,1460205.7006945473,1460205.7006945473
2024-04-12,1445163.2561409455,1445163.2561409455
2024-04-15,1429318.6347803057,1429318.6347803057
2024-04-16,1421322.561435776,1421322.561435776
2024-04-18,1411564.8326189155,1411564.8326189155
2024-04-19,1421264.7796376443,1421264.7796376443
2024-04-22,1433419.3876859092,1433419.3876859092
2024-04-23,1435447.2655860758,1435447.2655860758
2024-04-24,1437654.8812270698,1437654.8812270698
2024-04-25,1448432.8786703818,1448432.8786703818
2024-04-26,1438781.0622600755,1438781.0622600755
2024-04-29,1453120.8500667624,1453120.8500667624
2024-04-30,1450646.8866578068,1450646.8866578068
2024-05-02,1453428.8107565893,1453428.8107565893
2024-05-03,1442368.4220091745,1442368.4220091745
2024-05-06,1440241.0240488846,1440241.0240488846
2024-05-07,1431243.8591171969,1431243.8591171969
2024-05-08,1431243.8591171969,1431243.8591171969
2024-05-09,1409103.7792429482,1409103.7792429482
2024-05-10,1415373.5430307067,1415373.5430307067
2024-05-13,1418508.5502647122,1418508.5502647122
2024-05-14,1425811.4927119103,1425811.4927119103
2024-05-15,1424701.3552150454,1424701.3552150454
2024-05-16,1437747.883600636,1437747.883600636
2024-05-17,1441742.724099685,1441742.724099685
2024-05-21,1445782.5617040042,1445782.5617040042
2024-05-22,1450194.5341427128,1450194.5341427128
2024-05-23,1473929.316441328,1473929.316441328
2024-05-24,1473252.2290801376,1473252.2290801376
2024-05-27,1471670.3113486334,1471670.3113486334
2024-05-28,1468827.4719485664,1468827.4719485664
2024-05-29,1457054.649924401,1457054.649924401
2024-05-30,1443189.901195632,1443189.901195632
2024-05-31,1445888.3487704322,1445888.3487704322
2024-06-03,1492940.9067681287,1492940.9067681287
2024-06-04,1404419.066689846,1404419.066689846
2024-06-05,1451641.585898534,1451641.585898534
2024-06-06,1464543.8477989836,1464543.8477989836
2024-06-07,1494625.4780629084,1494625.4780629084
2024-06-10,1492639.2130846067,1492639.2130846067
2024-06-11,1493001.822069413,1493001.822069413
2024-06-12,1496730.3148005004,1496730.3148005004
2024-06-13,1501604.416284139,1501604.416284139
2024-06-14,1505884.7815904436,1505884.7815904436
2024-06-18,1511808.1052696623,1511808.1052696623
2024-06-19,1509119.1835444458,1509119.1835444458
2024-06-20,1512392.064917161,1512392.064917161
2024-06-21,1508162.963722431,1508162.963722431
2024-06-24,1510521.363535123,1510521.363535123
2024-06-25,1522294.1855592884,1522294.1855592884
2024-06-26,1531759.8718823367,1531759.8718823367
2024-06-27,1543035.2189460124,1543035.2189460124
2024-06-28,1540859.6903773001,1540859.6903773001
2024-07-01,1549288.9391976302,1549288.9391976302
2024-07-02,1548127.4122490645,1548127.4122490645
2024-07-03,1558565.361930268,1558565.361930268
2024-07-04,1559569.7123607048,1559569.7123607048
2024-07-05,1560962.2411616724,1560962.2411616724
2024-07-08,1560750.54168869,1560750.54168869
2024-07-09,1567979.6588016155,1567979.6588016155
2024-07-10,1561000.7205803848,1561000.7205803848
2024-07-11,1560455.2403515992,1560455.2403515992
2024-07-12,1572404.5412733126,1572404.5412733126
2024-07-15,1577830.389992042,1577830.389992042
2024-07-16,1579518.2201301006,1579518.2201301006
2024-07-18,1591573.3081182423,1591573.3081182423
2024-07-19,1574249.5479295002,1574249.5479295002
2024-07-22,1572860.1526316851,1572860.1526316851
2024-07-23,1570922.1436019319,1570922.1436019319
2024-07-24,1566715.4782897742,1566715.4782897742
2024-07-25,1566240.5645519823,1566240.5645519823
2024-07-26,1593755.2290333856,1593755.2290333856
2024-07-29,1593835.4467140897,1593835.4467140897
2024-07-30,1595196.0137829015,1595196.0137829015
2024-07-31,1601218.7321821176,1601218.7321821176
2024-08-01,1605053.1373197595,1605053.1373197595
2024-08-02,1586237.2029298004,1586237.2029298004
2024-08-05,1543747.5268826368,1543747.5268826368
2024-08-06,1539701.4222720128,1539701.4222720128
2024-08-07,1559271.2775204612,1559271.2775204612
2024-08-08,1547687.8444268326,1547687.8444268326
2024-08-09,1563763.4676398742,1563763.4676398742
2024-08-12,1562447.897676332,1562447.897676332
2024-08-13,1549099.6756072198,1549099.6756072198
2024-08-14,1549404.5027938941,1549404.5027938941
2024-08-16,1574907.3329112714,1574907.3329112714
2024-08-19,1576928.8184650072,1576928.8184650072
2024-08-20,1585027.5453728123,1585027.5453728123
2024-08-21,1589606.34551936,1589606.34551936
2024-08-22,1592256.787825864,1592256.787825864
2024-08-23,1593004.4416780486,1593004.4416780486
2024-08-26,1605033.83494034,1605033.83494034
2024-08-27,1605492.705141991,1605492.705141991
2024-08-28,1607713.105475847,1607713.105475847
2024-08-29,1614104.8252063005,1614104.8252063005
2024-08-30,1619492.3198464434,1619492.3198464434
2024-09-02,1622238.8980296657,1622238.8980296657
2024-09-03,1622312.7233639385,1622312.7233639385
2024-09-04,1617104.9664646226,1617104.9664646226
2024-09-05,1613665.2573840688,1613665.2573840688
2024-09-06,1594865.4918703767,1594865.4918703767
2024-09-09,1600272.163549813,1600272.163549813
2024-09-10,1606991.1463495127,1606991.1463495127
2024-09-11,1599120.1624508307,1599120.1624508307
2024-09-12,1629310.9639645885,1629310.9639645885
2024-09-13,1627231.6966127206,1627231.6966127206
2024-09-16,1628980.4420520635,1628980.4420520635
2024-09-17,1631213.7524189076,1631213.7524189076
2024-09-18,1628582.6124918233,1628582.6124918233
2024-09-19,1631037.2735213593,1631037.2735213593
2024-09-20,1655112.1035820828,1655112.1035820828
2024-09-23,1664616.39466397,1664616.39466397
2024-09-24,1664703.0046911049,1664703.0046911049
2024-09-25,1668794.1064069986,1668794.1064069986
2024-09-26,1682392.6327079323,1682392.6327079323
2024-09-27,1680011.6716725423,1680011.6716725423
2024-09-30,1656389.1941269126,1656389.1941269126
2024-10-01,1655494.0149463087,1655494.0149463087
2024-10-03,1620403.542563188,1620403.542563188
2024-10-04,1605290.531518592,1605290.531518592
2024-10-07,1591246.045048996,1591246.045048996
2024-10-08,1605197.529145026,1605197.529145026
2024-10-09,1603195.2206305838,1603195.2206305838
2024-10-10,1604254.0940158737,1604254.0940158737
2024-10-11,1602059.388407868,1602059.388407868
2024-10-14,1612564.6457367875,1612564.6457367875
2024-10-15,1608033.976198662,1608033.976198662
2024-10-16,1602511.866263088,1602511.866263088
2024-10-17,1588300.4267455274,1588300.4267455274
2024-10-18,1594987.4478130718,1594987.4478130718
2024-10-21,1590305.8687631225,1590305.8687631225
2024-10-22,1570476.058093143,1570476.058093143
2024-10-23,1568127.3094701609,1568127.3094701609
2024-10-24,1565810.6479194604,1565810.6479194604
2024-10-25,1551782.204986005,1551782.204986005
2024-10-28,1561944.1557095372,1561944.1557095372
2024-10-29,1570139.143834187,1570139.143834187
2024-10-30,1562053.2016192442,1562053.2016192442
2024-10-31,1553357.605030952,1553357.605030952
2024-11-01,1559710.8453426932,1559710.8453426932
2024-11-04,1539881.0346727136,1539881.0346727136
2024-11-05,1553867.864684304,1553867.864684304
2024-11-06,1571243.0143247468,1571243.0143247468
2024-11-07,1552972.5601635738,1552972.5601635738
2024-11-08,1549690.0276011492,1549690.0276011492
2024-11-11,1549247.3262757652,1549247.3262757652
2024-11-12,1532699.9228280843,1532699.9228280843
2024-11-13,1511881.9306039352,1511881.9306039352
2024-11-14,1510190.8416225982,1510190.8416225982
2024-11-18,1505127.6018886752,1505127.6018886752
2024-11-19,1509279.6189058535,1509279.6189058535
2024-11-21,1498459.88320055,1498459.88320055
2024-11-22,1534227.3176047353,1534227.3176047353
2024-11-25,1554419.7372595207,1554419.7372595207
2024-11-26,1552661.3406304684,1552661.3406304684
2024-11-27,1557820.966921362,1557820.966921362
2024-11-28,1534670.1442702452,1534670.1442702452
2024-11-29,1548592.6747971463,1548592.6747971463
2024-12-02,1557894.7922556347,1557894.7922556347
2024-12-03,1569516.704767976,1569516.704767976
2024-12-04,1570177.6232528996,1570177.6232528996
2024-12-05,1585640.4585894397,1585640.4585894397
2024-12-06,1583676.7548338359,1583676.7548338359
2024-12-09,1579903.2649974786,1579903.2649974786
2024-12-10,1579328.95653969,1579328.95653969
2024-12-11,1581366.4856295667,1581366.4856295667
2024-12-12,1575391.7724986465,1575391.7724986465
2024-12-13,1589484.514916791,1589484.514916791
2024-12-16,1583063.8416172084,1583063.8416172084
2024-12-17,1561741.9820861386,1561741.9820861386
2024-12-18,1552940.4730912924,1552940.4730912924
2024-12-19,1537079.8081945118,1537079.8081945118
2024-12-20,1513707.6348807032,1513707.6348807032
2024-12-23,1524357.2840348892,1524357.2840348892
2024-12-24,1522701.6663092384,1522701.6663092384
2024-12-26,1524148.7180650593,1524148.7180650593
2024-12-27,1528204.599205519,1528204.599205519
2024-12-30,1517391.2558466468,1517391.2558466468
2024-12-31,1517384.8635002158,1517384.8635002158
2025-01-01,1523680.322013825,1523680.322013825
2025-01-02,1552285.9469527998,1552285.9469527998
2025-01-03,1540484.2966996315,1540484.2966996315
2025-01-06,1515539.8568440285,1515539.8568440285
2025-01-07,1521434.2269541183,1521434.2269541183
2025-01-08,1520218.051710573,1520218.051710573
2025-01-09,1509793.0120623577,1509793.0120623577
2025-01-10,1503696.468328869,1503696.468328869
2025-01-13,1481521.04253906,1481521.04253906
2025-01-14,1487303.2332362907,1487303.2332362907
2025-01-15,1489687.202434707,1489687.202434707
2025-01-16,1496014.8733607235,1496014.8733607235
2025-01-17,1489045.4609890764,1489045.4609890764
2025-01-20,1498129.3612880253,1498129.3612880253
2025-01-21,1477587.2426814213,1477587.2426814213
2025-01-22,1485974.7532397602,1485974.7532397602
2025-01-23,1489183.4604679123,1489183.4604679123
2025-01-24,1481922.130942579,1481922.130942579
2025-01-27,1465041.1974193472,1465041.1974193472
2025-01-28,1473261.880269847,1473261.880269847
2025-01-29,1486472.1028601239,1486472.1028601239
2025-01-30,1492016.7740183957,1492016.7740183957
2025-01-31,1508631.485113792,1508631.485113792
2025-02-01,1506946.9138190122,1506946.9138190122
2025-02-03,1499175.4499804534,1499175.4499804534
2025-02-04,1523446.0613181444,1523446.0613181444
2025-02-05,1520689.8319452123,1520689.8319452123
2025-02-06,1514724.7700040021,1514724.7700040021
2025-02-07,1511939.587061941,1511939.587061941
2025-02-10,1500494.1534471482,1500494.1534471482
2025-02-11,1480613.078665594,1480613.078665594
2025-02-12,1478909.204991395,1478909.204991395
2025-02-13,1478020.4181572217,1478020.4181572217
2025-02-14,1471465.004222082,1471465.004222082
2025-02-17,1473406.2720951142,1473406.2720951142
2025-02-18,1472495.0493783692,1472495.0493783692
2025-02-19,1471699.2649177625,1471699.2649177625
2025-02-20,1470431.8255626424,1470431.8255626424
2025-02-21,1462907.4071126261,1462907.4071126261
2025-02-24,1447341.9182128103,1447341.9182128103
2025-02-25,1446969.7833784204,1446969.7833784204
2025-02-27,1446809.3480170127,1446809.3480170127
2025-02-28,1419833.646077838,1419833.646077838
2025-03-03,1419487.2059692985,1419487.2059692985
2025-03-04,1417135.198503038,1417135.198503038
2025-03-05,1433477.1694840412,1433477.1694840412
2025-03-06,1446786.7867943146,1446786.7867943146
2025-03-07,1447287.3952579568,1447287.3952579568
2025-03-10,1441370.589265295,1441370.589265295
2025-03-11,1443783.5120328402,1443783.5120328402
2025-03-12,1442025.1154037875,1442025.1154037875
2025-03-13,1437321.1004712663,1437321.1004712663
2025-03-17,1444479.776433324,1444479.776433324
2025-03-18,1465371.719331872,1465371.719331872
2025-03-19,1470075.608924267,1470075.608924267
2025-03-20,1488240.150678886,1488240.150678886
2025-03-21,1498491.9702728316,1498491.9702728316
2025-03-24,1518254.3479549694,1518254.3479549694
2025-03-25,1518915.391780019,1518915.391780019
2025-03-26,1507248.4821624078,1507248.4821624078
2025-03-27,1513993.1596879584,1513993.1596879584
2025-03-28,1509334.1418607067,1509334.1418607067
2025-04-01,1486638.9305679626,1486638.9305679626
2025-04-02,1497333.5768274183,1497333.5768274183
2025-04-03,1492055.2534371084,1492055.2534371084
2025-04-04,1469873.4353008682,1469873.4353008682
2025-04-07,1422201.6970802394,1422201.6970802394
2025-04-08,1446218.8706829571,1446218.8706829571
2025-04-09,1437446.3152572399,1437446.3152572399
2025-04-11,1465002.7180006343,1465002.7180006343
2025-04-15,1497089.7902821545,1497089.7902821545
2025-04-16,1504062.2108168278,1504062.2108168278
2025-04-17,1530659.2602350553,1530659.2602350553
2025-04-21,1548236.583498897,1548236.583498897
2025-04-22,1550912.5951911255,1550912.5951911255
2025-04-23,1561289.5042309188,1561289.5042309188
2025-04-24,1556011.1808406084,1556011.1808406084
2025-04-25,1542704.6970334875,1542704.6970334875
2025-04-28,1561260.6760019157,1561260.6760019157
2025-04-29,1561738.7232428598,1561738.7232428598
2025-04-30,1561626.4184898746,1561626.4184898746
2025-05-02,1562428.5952969126,1562428.5952969126
2025-05-05,1569773.401346228,1569773.401346228
2025-05-06,1564539.9497210619,1564539.9497210619
2025-05-07,1566773.2600879062,1566773.2600879062
2025-05-08,1557750.400430368,1557750.400430368
2025-05-09,1540692.8626694614,1540692.8626694614
2025-05-12,1599521.2508543497,1599521.2508543497
2025-05-13,1577294.560952966,1577294.560952966
2025-05-14,1582977.2315900736,1582977.2315900736
2025-05-15,1608338.8033853364,1608338.8033853364
2025-05-16,1605624.3122743957,1605624.3122743957
2025-05-19,1600852.8643540328,1600852.8643540328
2025-05-20,1584068.1920476453,1584068.1920476453
2025-05-21,1592381.8772717116,1592381.8772717116
2025-05-22,1579306.3953169922,1579306.3953169922
2025-05-23,1594929.6660149398,1594929.6660149398
2025-05-26,1604427.4394102697,1604427.4394102697
2025-05-27,1593200.0976148902,1593200.0976148902
2025-05-28,1588467.254453366,1588467.254453366
2025-05-29,1593675.0113526818,1593675.0113526818
2025-05-30,1588354.9497003807,1588354.9497003807
2025-06-02,1586166.6364388063,1586166.6364388063
2025-06-03,1574993.9429384063,1574993.9429384063
2025-06-04,1579980.223834904,1579980.223834904
2025-06-05,1588367.859733369,1588367.859733369
2025-06-06,1604549.3953529645,1604549.3953529645
2025-06-09,1610976.3356588522,1610976.3356588522
2025-06-10,1611043.7686466938,1611043.7686466938
2025-06-11,1613427.8631852362,1613427.8631852362
2025-06-12,1597178.8945777987,1597178.8945777987
2025-06-13,1586294.9847279324,1586294.9847279324
2025-06-16,1600920.2973418743,1600920.2973418743
2025-06-17,1594945.7095510806,1594945.7095510806
2025-06-18,1592292.133741424,1592292.133741424
2025-06-19,1591085.6096875884,1591085.6096875884
2025-06-20,1611566.8129929078,1611566.8129929078
2025-06-23,1602550.345681801,1602550.345681801
2025-06-24,1607199.7123193427,1607199.7123193427
2025-06-25,1620060.2359578009,1620060.2359578009
2025-06-26,1639585.2194411058,1639585.2194411058
2025-06-27,1645283.9336143543,1645283.9336143543
2025-06-30,1637534.9056583673,1637534.9056583673
2025-07-01,1639123.2157363025,1639123.2157363025
2025-07-02,1633450.1962889046,1633450.1962889046
2025-07-03,1630363.4450034474,1630363.4450034474
2025-07-04,1633937.8947195583,1633937.8947195583
2025-07-07,1633957.1970989776,1633957.1970989776
2025-07-08,1637884.6046101854,1637884.6046101854
2025-07-09,1634906.899234435,1634906.899234435
2025-07-10,1627151.478932017,1627151.478932017
2025-07-11,1613970.0845707431,1613970.0845707431
2025-07-14,1609635.1963095856,1609635.1963095856
2025-07-15,1616918.9617174906,1616918.9617174906
2025-07-16,1617961.79156664,1617961.79156664
2025-07-17,1611505.7723514973,1611505.7723514973
2025-07-18,1602325.73617583,1602325.73617583
2025-07-21,1610174.1588518145,1610174.1588518145
2025-07-22,1608261.8445479113,1608261.8445479113
2025-07-23,1618465.5335334346,1618465.5335334346
2025-07-24,1608338.8033853364,1608338.8033853364
2025-07-25,1593893.2285122215,1593893.2285122215
2025-07-28,1583875.6696139562,1583875.6696139562
2025-07-29,1592872.834545644,1592872.834545644
2025-07-30,1595051.6219576348,1595051.6219576348
2025-07-31,1589487.6484199436,1589487.6484199436
2025-08-01,1576460.2970736464,1576460.2970736464
2025-08-04,1586561.3324958943,1586561.3324958943
2025-08-05,1581863.8352499302,1581863.8352499302
2025-08-06,1577028.2131850042,1577028.2131850042
2025-08-07,1578436.9108622384,1578436.9108622384
2025-08-08,1563493.98636876,1563493.98636876
2025-08-11,1577724.602925614,1577724.602925614
2025-08-12,1571457.972641008,1571457.972641008
2025-08-13,1579925.7008800507,1579925.7008800507
2025-08-14,1580692.6571116545,1580692.6571116545
2025-08-18,1596456.9354514645,1596456.9354514645
2025-08-19,1603111.8694467274,1603111.8694467274
2025-08-20,1607597.667219709,1607597.667219709
2025-08-21,1609728.1986831515,1609728.1986831515
2025-08-22,1596017.3676292328,1596017.3676292328
2025-08-25,1602283.997913839,1602283.997913839
2025-08-26,1585874.71928512,1585874.71928512
2025-08-28,1572324.323592609,1572324.323592609
2025-08-29,1567572.1780516654,1567572.1780516654
2025-09-01,1580291.5687081355,1580291.5687081355
2025-09-02,1577374.7786336697,1577374.7786336697
2025-09-03,1586067.2417188094,1586067.2417188094
2025-09-04,1587302.5940016476,1587302.5940016476
2025-09-05,1587732.5106341697,1587732.5106341697
2025-09-08,1589795.7344498965,1589795.7344498965
2025-09-09,1595921.1064123884,1595921.1064123884
2025-09-10,1602627.304519226,1602627.304519226
2025-09-11,1604706.5718710937,1604706.5718710937
2025-09-12,1611669.4665561835,1611669.4665561835
2025-09-15,1608794.414743709,1608794.414743709
2025-09-16,1619697.6269729945,1619697.6269729945
2025-09-17,1625547.125317941,1625547.125317941
2025-09-18,1631537.7566448755,1631537.7566448755
2025-09-19,1625341.8181913898,1625341.8181913898
2025-09-22,1617339.227160303,1617339.227160303
2025-09-23,1615231.1315794324,1615231.1315794324
2025-09-24,1608005.1479696592,1608005.1479696592
2025-09-25,1597348.981128916,1597348.981128916
2025-09-26,1582194.2318223289,1582194.2318223289
2025-09-29,1580923.6589640563,1580923.6589640563
2025-09-30,1579396.2641874056,1579396.2641874056
2025-10-01,1593848.3567470778,1593848.3567470778
2025-10-03,1597567.1982884556,1597567.1982884556
2025-10-06,1609336.7614693423,1609336.7614693423
2025-10-07,1611303.7240682247,1611303.7240682247
2025-10-08,1607315.2759156064,1607315.2759156064
2025-10-09,1616020.5236936081,1616020.5236936081
2025-10-10,1622665.6811590353,1622665.6811590353
2025-10-13,1618943.5807743787,1618943.5807743787
2025-10-14,1613690.9521099192,1613690.9521099192
2025-10-15,1625117.2086854188,1625117.2086854188
2025-10-16,1641914.7910247946,1641914.7910247946
2025-10-17,1649907.6055260454,1649907.6055260454
2025-10-20,1658462.0691323492,1658462.0691323492
2025-10-21,1660095.2509754281,1660095.2509754281
2025-10-23,1661558.471607516,1661558.471607516
2025-10-24,1655381.7101933232,1655381.7101933232
2025-10-27,1666349.096567172,1666349.096567172
2025-10-28,1664433.3980798644,1664433.3980798644
2025-10-29,1671986.7700990099,1671986.7700990099
2025-10-30,1660688.8618126363,1660688.8618126363
2025-10-31,1650693.7387969429,1650693.7387969429
2025-11-03,1653340.9222601682,1653340.9222601682
2025-11-04,1642707.3166421228,1642707.3166421228
2025-11-06,1637063.125423728,1637063.125423728
2025-11-07,1635946.595580432,1635946.595580432
2025-11-10,1641212.0089377537,1641212.0089377537
2025-11-11,1648951.385704031,1648951.385704031
2025-11-12,1660557.3800203577,1660557.3800203577
2025-11-13,1660772.3383366186,1660772.3383366186
2025-11-14,1662755.3444716418,1662755.3444716418
2025-11-17,1669390.8507473595,1669390.8507473595
2025-11-18,1662755.3444716418,1662755.3444716418
2025-11-19,1671906.552418306,1671906.552418306
2025-11-20,1680858.84558485,1680858.84558485
2025-11-21,1672901.2516590331,1672901.2516590331
2025-11-24,1665928.7057842338,1665928.7057842338
2025-11-25,1661134.9473214252,1661134.9473214252
2025-11-26,1681702.7606538795,1681702.7606538795
2025-11-27,1682360.5456356506,1682360.5456356506
2025-11-28,1681551.8511420554,1681551.8511420554
2025-12-01,1679806.3645459912,1679806.3645459912
2025-12-02,1670594.1159579162,1670594.1159579162
2025-12-03,1667629.3206151542,1667629.3206151542
2025-12-04,1670693.6360180397,1670693.6360180397
2025-12-05,1680492.9777567652,1680492.9777567652
2025-12-08,1665996.1387720755,1665996.1387720755
2025-12-09,1658237.4596263787,1658237.4596263787
2025-12-10,1652997.6156547812,1652997.6156547812
2025-12-11,1662017.3418091668,1662017.3418091668
2025-12-12,1671540.6845902211,1671540.6845902211
2025-12-15,1670279.7629216583,1670279.7629216583
2025-12-16,1659549.7707466425,1659549.7707466425
2025-12-17,1656883.4102441238,1656883.4102441238
2025-12-18,1656690.8878104344,1656690.8878104344
2025-12-19,1666371.532449744,1666371.532449744
2025-12-22,1679591.4062297302,1679591.4062297302
2025-12-23,1679896.2334164046,1679896.2334164046
2025-12-24,1677646.8795134197,1677646.8795134197
2025-12-26,1671242.375090104,1671242.375090104
2025-12-29,1664812.0506008116,1664812.0506008116
2025-12-30,1664603.484630982,1664603.484630982
2025-12-31,1676844.7027063814,1676844.7027063814
2026-01-01,1677932.5296608007,1677932.5296608007
2026-01-02,1689612.223971274,1689612.223971274
2026-01-05,1684590.5971592162,1684590.5971592162
2026-01-06,1679995.6281364018,1679995.6281364018
2026-01-07,1677560.2694862848,1677560.2694862848
2026-01-08,1660624.6876680732,1660624.6876680732
2026-01-09,1648203.8571919727,1648203.8571919727
2026-01-12,1655067.2318169393,1655067.2318169393
2026-01-13,1651348.3902755615,1651348.3902755615
2026-01-14,1647067.899629131,1647067.899629131
2026-01-15,1647067.899629131,1647067.899629131
2026-01-16,1648912.9062853185,1648912.9062853185
2026-01-19,1641927.5757176569,1641927.5757176569
2026-01-20,1619274.1026869037,1619274.1026869037
2026-01-21,1614461.0418446756,1614461.0418446756
2026-01-22,1622957.7236528473,1622957.7236528473
2026-01-23,1607475.711277014,1607475.711277014
2026-01-27,1615609.7841003793,1615609.7841003793
2026-01-28,1626349.3021249787,1626349.3021249787
2026-01-29,1631236.1883014797,1631236.1883014797
2026-01-30,1624931.078598161,1624931.078598161
2026-02-02,1610026.6335233948,1610026.6335233948
2026-02-03,1651043.5630888871,1651043.5630888871
2026-02-04,1654152.750256916,1654152.750256916
2026-02-05,1645604.8043371693,1645604.8043371693
2026-02-06,1648871.1680233271,1648871.1680233271
2026-02-09,1660011.8997915718,1660011.8997915718
2026-02-10,1664366.090432149,1664366.090432149
2026-02-11,1665566.0967994272,1665566.0967994272
2026-02-12,1656154.9334312323,1656154.9334312323
2026-02-13,1634586.02851162,1634586.02851162
2026-02-16,1648168.5112764123,1648168.5112764123
2026-02-17,1650905.5636100513,1650905.5636100513
2026-02-18,1656934.6743556985,1656934.6743556985
2026-02-19,1633511.111590189,1633511.111590189
2026-02-20,1641013.0941576336,1641013.0941576336
2026-02-23,1650109.7791494443,1650109.7791494443
2026-02-24,1631605.189632717,1631605.189632717
2026-02-25,1635317.6388276638,1635317.6388276638
2026-02-26,1636219.3356948248,1636219.3356948248
2026-02-27,1615818.3500702092,1615818.3500702092
2026-03-02,1595734.9763251303,1595734.9763251303
2026-03-04,1571015.1459754978,1571015.1459754978
2026-03-05,1589330.4719018147,1589330.4719018147
2026-03-06,1569086.6627953278,1569086.6627953278
2026-03-09,1541979.6044040008,1541979.6044040008
2026-03-10,1556967.400662623,1556967.400662623
2026-03-11,1531634.6570963631,1531634.6570963631
2026-03-12,1517022.2545154092,1517022.2545154092
2026-03-13,1485702.0131253672,1485702.0131253672
2026-03-16,1502239.7653833383,1502239.7653833383
2026-03-17,1513300.1541307531,1513300.1541307531
2026-03-18,1525920.0247271,1525920.0247271
2026-03-19,1476143.324428753,1476143.324428753
2026-03-20,1483353.2645023852,1483353.2645023852
2026-03-23,1444730.0806651448,1444730.0806651448
2026-03-24,1470383.6949542202,1470383.6949542202
2026-03-25,1495671.4414152103,1495671.4414152103
2026-03-27,1464428.2842027196,1464428.2842027196
2026-03-30,1433098.5169630938,1433098.5169630938
2026-04-01,1455431.1192710318,1455431.1192710318
2026-04-02,1457593.7378067558,1457593.7378067558
2026-04-06,1473967.7958600407,1473967.7958600407
2026-04-07,1483940.4829931625,1483940.4829931625
2026-04-08,1540009.3829618397,1540009.3829618397
2026-04-09,1525746.679332704,1525746.679332704
2026-04-10,1543426.6561598217,1543426.6561598217
2026-04-13,1530081.692933988,1530081.692933988
2026-04-15,1555022.9992864386,1555022.9992864386
2026-04-16,1552805.732455735,1552805.732455735
2026-04-17,1562868.2884592705,1562868.2884592705
2026-04-20,1563593.381088757,1563593.381088757
2026-04-21,1577182.2561999806,1577182.2561999806
2026-04-22,1564443.6885042172,1564443.6885042172
2026-04-23,1551284.8553656416,1551284.8553656416
2026-04-24,1533630.4479242484,1533630.4479242484
2026-04-27,1546128.3625779005,1546128.3625779005
2026-04-28,1539903.4705552857,1539903.4705552857
2026-04-29,1551580.0313626062,1551580.0313626062
2026-04-30,1540022.2929948282,1540022.2929948282
2026-05-01,1540022.2929948282,1540022.2929948282
2026-05-04,1547835.495095378,1547835.495095378
2026-05-05,1542284.4315906751,1542284.4315906751
2026-05-06,1561417.8525200447,1561417.8525200447
2026-05-07,1561141.9789024994,1561141.9789024994
2026-05-08,1551483.7701457618,1551483.7701457618
2026-05-11,1528361.775723648,1528361.775723648
2026-05-12,1500362.6716548696,1500362.6716548696
2026-05-13,1502483.5519286022,1502483.5519286022
2026-05-14,1520259.7899725642,1520259.7899725642
2026-05-15,1517301.3869762332,1517301.3869762332
2026-05-18,1517715.2600726145,1517715.2600726145
2026-05-19,1515664.946289876,1515664.946289876
2026-05-20,1518296.0862169606,1518296.0862169606
2026-05-21,1518020.087259289,1518020.087259289
2026-05-22,1522165.8372701623,1522165.8372701623
2026-05-25,1542213.739759555,1542213.739759555
2026-05-26,1534641.1907011163,1534641.1907011163
2026-05-27,1534220.9252583042,1534220.9252583042
2026-05-28,1534220.9252583042,1534220.9252583042
2026-05-29,1511156.7126343225,1511156.7126343225
2026-06-01,1500558.3275917112,1500558.3275917112
2026-06-02,1507036.7826894256,1507036.7826894256
2026-06-03,1502034.332916661,1502034.332916661
2026-06-04,1502737.115003702,1502737.115003702
2026-06-05,1499537.9336251335,1499537.9336251335
2026-06-08,1483898.744731171,1483898.744731171
2026-06-09,1491541.8602806039,1491541.8602806039
2026-06-10,1489799.5071876922,1489799.5071876922
2026-06-11,1486375.8416432792,1486375.8416432792
2026-06-12,1515979.42466626,1515979.42466626
2026-06-15,1530803.652060322,1530803.652060322
2026-06-16,1539483.2051124733,1539483.2051124733
2026-06-17,1545679.143565959,1545679.143565959
2026-06-18,1550960.7257995477,1550960.7257995477
2026-06-19,1541020.1257387078,1541020.1257387078
2026-06-22,1546783.0140565191,1546783.0140565191
2026-06-23,1528891.2124162933,1528891.2124162933
2026-06-24,1541568.8648107722,1541568.8648107722
2026-06-25,1543773.2216084874,1543773.2216084874
2026-06-26,1543773.2216084874,1543773.2216084874
2026-06-29,1536730.1092426938,1536730.1092426938
2026-06-30,1531564.0906053688,1531564.0906053688
2026-07-01,1540554.8631906256,1540554.8631906256
2026-07-02,1551454.816576633,1551454.816576633
2026-07-03,1557561.0114998312,1557561.0114998312
2026-07-06,1567796.7875576362,1567796.7875576362
2026-07-07,1565765.6508141905,1565765.6508141905
2026-07-08,1532610.1792977971,1532610.1792977971
2026-07-09,1537792.2414712624,1537792.2414712624
2026-07-10,1553457.1250910754,1553457.1250910754
2026-07-13,1553720.2140157584,1553720.2140157584
2026-07-14,1543519.7838735138,1543519.7838735138
2026-07-15,1545217.1398611558,1545217.1398611558
2026-07-16,1544848.1385299182,1544848.1385299182
2026-07-17,1561632.9361764318,1561632.9361764318
2026-07-20,1555485.002991242,1555485.002991242
2026-07-21,1552224.9063113893,1552224.9063113893
2026-07-22,1539938.8164708456,1539938.8164708456
2026-07-23,1531811.1359939114,1531811.1359939114
2026-07-24,1525255.7220587716,1525255.7220587716
2026-07-27,1539919.5140914263,1539919.5140914263
2026-07-28,1539239.2932270833,1539239.2932270833
2026-07-29,1556235.7903465794,1556235.7903465794
2026-07-30,1560532.3245291505,1560532.3245291505
2026-07-31,1564796.646299314,1431697.0655118998
