date,equity_gross,equity_net_costs,equity_net_tax,invested_fraction,positions,equity_cash_credited
2016-01-01,500000.0,500000.0,500000.0,0.0,0,500000.0
2016-01-04,500000.0,500000.0,500000.0,0.0,0,500124.9656121388
2016-01-05,500000.0,500000.0,500000.0,0.0,0,500249.9624570861
2016-01-06,500000.0,500000.0,500000.0,0.0,0,500374.9905426478
2016-01-07,500000.0,500000.0,500000.0,0.0,0,500500.049876632
2016-01-08,500000.0,500000.0,500000.0,0.0,0,500625.1404668487
2016-01-11,500000.0,500000.0,500000.0,0.0,0,500750.26232110977
2016-01-12,500000.0,500000.0,500000.0,0.0,0,500875.415447229
2016-01-13,500000.0,500000.0,500000.0,0.0,0,501000.5998530224
2016-01-14,500000.0,500000.0,500000.0,0.0,0,501125.8155463074
2016-01-15,500000.0,500000.0,500000.0,0.0,0,501251.06253490405
2016-01-18,500000.0,500000.0,500000.0,0.0,0,501376.34082663385
2016-01-19,500000.0,500000.0,500000.0,0.0,0,501501.65042932046
2016-01-20,500000.0,500000.0,500000.0,0.0,0,501626.9913507896
2016-01-21,500000.0,500000.0,500000.0,0.0,0,501752.36359886854
2016-01-22,500000.0,500000.0,500000.0,0.0,0,501877.767181387
2016-01-25,500000.0,500000.0,500000.0,0.0,0,502003.20210617635
2016-01-27,500000.0,500000.0,500000.0,0.0,0,502128.6683810701
2016-01-28,500000.0,500000.0,500000.0,0.0,0,502254.1660139035
2016-01-29,500000.0,500000.0,500000.0,0.0,0,502379.6950125139
2016-02-01,500000.0,500000.0,500000.0,0.0,0,502505.25538474054
2016-02-02,500000.0,500000.0,500000.0,0.0,0,502630.84713842475
2016-02-03,500000.0,500000.0,500000.0,0.0,0,502756.4702814098
2016-02-04,500000.0,500000.0,500000.0,0.0,0,502882.1248215407
2016-02-05,500000.0,500000.0,500000.0,0.0,0,503007.8107666647
2016-02-08,500000.0,500000.0,500000.0,0.0,0,503133.52812463074
2016-02-09,500000.0,500000.0,500000.0,0.0,0,503259.27690329007
2016-02-10,500000.0,500000.0,500000.0,0.0,0,503385.05711049563
2016-02-11,500000.0,500000.0,500000.0,0.0,0,503510.8687541023
2016-02-12,500000.0,500000.0,500000.0,0.0,0,503636.71184196713
2016-02-15,500000.0,500000.0,500000.0,0.0,0,503762.5863819489
2016-02-16,500000.0,500000.0,500000.0,0.0,0,503888.4923819086
2016-02-17,500000.0,500000.0,500000.0,0.0,0,504014.42984970903
2016-02-18,500000.0,500000.0,500000.0,0.0,0,504140.39879321493
2016-02-19,500000.0,500000.0,500000.0,0.0,0,504266.39922029315
2016-02-22,500000.0,500000.0,500000.0,0.0,0,504392.4311388124
2016-02-23,500000.0,500000.0,500000.0,0.0,0,504518.4945566433
2016-02-24,500000.0,500000.0,500000.0,0.0,0,504644.5894816586
2016-02-25,500000.0,500000.0,500000.0,0.0,0,504770.71592173283
2016-02-26,500000.0,500000.0,500000.0,0.0,0,504896.8738847427
2016-02-29,500000.0,500000.0,500000.0,0.0,0,505023.06337856664
2016-03-01,500000.0,500000.0,500000.0,0.0,0,505149.2844110853
2016-03-02,500000.0,500000.0,500000.0,0.0,0,505275.53699018114
2016-03-03,500000.0,500000.0,500000.0,0.0,0,505401.82112373866
2016-03-04,500000.0,500000.0,500000.0,0.0,0,505528.13681964425
2016-03-08,500000.0,500000.0,500000.0,0.0,0,505654.4840857864
2016-03-09,500000.0,500000.0,500000.0,0.0,0,505780.8629300554
2016-03-10,500000.0,500000.0,500000.0,0.0,0,505907.2733603437
2016-03-11,500000.0,500000.0,500000.0,0.0,0,506033.71538454556
2016-03-14,500000.0,500000.0,500000.0,0.0,0,506160.18901055737
2016-03-15,500000.0,500000.0,500000.0,0.0,0,506286.6942462774
2016-03-16,500000.0,500000.0,500000.0,0.0,0,506413.2310996058
2016-03-17,500000.0,500000.0,500000.0,0.0,0,506539.79957844486
2016-03-18,500000.0,500000.0,500000.0,0.0,0,506666.39969069883
2016-03-21,500000.0,500000.0,500000.0,0.0,0,506793.0314442739
2016-03-22,500000.0,500000.0,500000.0,0.0,0,506919.6948470781
2016-03-23,500000.0,500000.0,500000.0,0.0,0,507046.38990702166
2016-03-28,500000.0,500000.0,500000.0,0.0,0,507173.1166320167
2016-03-29,500000.0,500000.0,500000.0,0.0,0,507299.8750299772
2016-03-30,500000.0,500000.0,500000.0,0.0,0,507426.66510881926
2016-03-31,500000.0,500000.0,500000.0,0.0,0,507553.4868764611
2016-04-01,500000.0,500000.0,500000.0,0.0,0,507680.3403408224
2016-04-04,500000.0,500000.0,500000.0,0.0,0,507807.2255098255
2016-04-05,500000.0,500000.0,500000.0,0.0,0,507934.14239139424
2016-04-06,500000.0,500000.0,500000.0,0.0,0,508061.0909934545
2016-04-07,500000.0,500000.0,500000.0,0.0,0,508188.0713239344
2016-04-08,500000.0,500000.0,500000.0,0.0,0,508315.0833907637
2016-04-11,500000.0,500000.0,500000.0,0.0,0,508442.12720187433
2016-04-12,500000.0,500000.0,500000.0,0.0,0,508569.2027652002
2016-04-13,500000.0,500000.0,500000.0,0.0,0,508696.3100886772
2016-04-18,500000.0,500000.0,500000.0,0.0,0,508823.44918024325
2016-04-20,500000.0,500000.0,500000.0,0.0,0,508950.6200478381
2016-04-21,500000.0,500000.0,500000.0,0.0,0,509077.8226994035
2016-04-22,500000.0,500000.0,500000.0,0.0,0,509205.0571428833
2016-04-25,500000.0,500000.0,500000.0,0.0,0,509332.32338622335
2016-04-26,500000.0,500000.0,500000.0,0.0,0,509459.6214373714
2016-04-27,500000.0,500000.0,500000.0,0.0,0,509586.95130427735
2016-04-28,500000.0,500000.0,500000.0,0.0,0,509714.31299489265
2016-04-29,500000.0,500000.0,500000.0,0.0,0,509841.7065171713
2016-05-02,500000.0,500000.0,500000.0,0.0,0,509969.1318790689
2016-05-03,500000.0,500000.0,500000.0,0.0,0,510096.58908854326
2016-05-04,500000.0,500000.0,500000.0,0.0,0,510224.078153554
2016-05-05,500000.0,500000.0,500000.0,0.0,0,510351.59908206284
2016-05-06,500000.0,500000.0,500000.0,0.0,0,510479.1518820335
2016-05-09,500000.0,500000.0,500000.0,0.0,0,510606.7365614316
2016-05-10,500000.0,500000.0,500000.0,0.0,0,510734.3531282248
2016-05-11,500000.0,500000.0,500000.0,0.0,0,510862.0015903828
2016-05-12,500000.0,500000.0,500000.0,0.0,0,510989.6819558771
2016-05-13,500000.0,500000.0,500000.0,0.0,0,511117.39423268166
2016-05-16,500000.0,500000.0,500000.0,0.0,0,511245.1384287718
2016-05-17,500000.0,500000.0,500000.0,0.0,0,511372.9145521253
2016-05-18,500000.0,500000.0,500000.0,0.0,0,511500.7226107218
2016-05-19,500000.0,500000.0,500000.0,0.0,0,511628.56261254277
2016-05-20,500000.0,500000.0,500000.0,0.0,0,511756.43456557195
2016-05-23,500000.0,500000.0,500000.0,0.0,0,511884.3384777949
2016-05-24,500000.0,500000.0,500000.0,0.0,0,512012.2743571992
2016-05-25,500000.0,500000.0,500000.0,0.0,0,512140.24221177446
2016-05-26,500000.0,500000.0,500000.0,0.0,0,512268.2420495123
2016-05-27,500000.0,500000.0,500000.0,0.0,0,512396.27387840627
2016-05-30,500000.0,500000.0,500000.0,0.0,0,512524.337706452
2016-05-31,500000.0,500000.0,500000.0,0.0,0,512652.43354164704
2016-06-01,500000.0,500000.0,500000.0,0.0,0,512780.56139199104
2016-06-02,500000.0,500000.0,500000.0,0.0,0,512908.72126548545
2016-06-03,500000.0,500000.0,500000.0,0.0,0,513036.913170134
2016-06-06,500000.0,500000.0,500000.0,0.0,0,513165.1371139422
2016-06-07,500000.0,500000.0,500000.0,0.0,0,513293.3931049176
2016-06-08,500000.0,500000.0,500000.0,0.0,0,513421.6811510699
2016-06-09,500000.0,500000.0,500000.0,0.0,0,513550.0012604106
2016-06-10,500000.0,500000.0,500000.0,0.0,0,513678.35344095336
2016-06-13,500000.0,500000.0,500000.0,0.0,0,513806.73770071374
2016-06-14,500000.0,500000.0,500000.0,0.0,0,513935.1540477094
2016-06-15,500000.0,500000.0,500000.0,0.0,0,514063.60248995986
2016-06-16,500000.0,500000.0,500000.0,0.0,0,514192.0830354867
2016-06-17,500000.0,500000.0,500000.0,0.0,0,514320.59569231357
2016-06-20,500000.0,500000.0,500000.0,0.0,0,514449.14046846615
2016-06-21,500000.0,500000.0,500000.0,0.0,0,514577.717371972
2016-06-22,500000.0,500000.0,500000.0,0.0,0,514706.32641086075
2016-06-23,500000.0,500000.0,500000.0,0.0,0,514834.96759316407
2016-06-24,500000.0,500000.0,500000.0,0.0,0,514963.6409269156
2016-06-27,500000.0,500000.0,500000.0,0.0,0,515092.3464201509
2016-06-28,500000.0,500000.0,500000.0,0.0,0,515221.08408090775
2016-06-29,500000.0,500000.0,500000.0,0.0,0,515349.8539172258
2016-06-30,500000.0,500000.0,500000.0,0.0,0,515478.65593714657
2016-07-01,500000.0,500000.0,500000.0,0.0,0,515607.490148714
2016-07-04,500000.0,500000.0,500000.0,0.0,0,515736.3565599735
2016-07-05,500000.0,500000.0,500000.0,0.0,0,515865.2551789731
2016-07-07,500000.0,500000.0,500000.0,0.0,0,515994.18601376226
2016-07-08,500000.0,500000.0,500000.0,0.0,0,516123.1490723928
2016-07-11,500000.0,500000.0,500000.0,0.0,0,516252.14436291845
2016-07-12,500000.0,500000.0,500000.0,0.0,0,516381.1718933951
2016-07-13,500000.0,500000.0,500000.0,0.0,0,516510.23167188023
2016-07-14,500000.0,500000.0,500000.0,0.0,0,516639.32370643393
2016-07-15,500000.0,500000.0,500000.0,0.0,0,516768.4480051179
2016-07-18,500000.0,500000.0,500000.0,0.0,0,516897.6045759959
2016-07-19,500000.0,500000.0,500000.0,0.0,0,517026.79342713376
2016-07-20,500000.0,500000.0,500000.0,0.0,0,517156.01456659933
2016-07-21,500000.0,500000.0,500000.0,0.0,0,517285.26800246246
2016-07-22,500000.0,500000.0,500000.0,0.0,0,517414.5537427951
2016-07-25,500000.0,500000.0,500000.0,0.0,0,517543.87179567106
2016-07-26,500000.0,500000.0,500000.0,0.0,0,517673.2221691663
2016-07-27,500000.0,500000.0,500000.0,0.0,0,517802.6048713589
2016-07-28,500000.0,500000.0,500000.0,0.0,0,517932.01991032856
2016-07-29,500000.0,500000.0,500000.0,0.0,0,518061.46729415737
2016-08-01,500000.0,500000.0,500000.0,0.0,0,518190.94703092927
2016-08-02,500000.0,500000.0,500000.0,0.0,0,518320.45912873023
2016-08-03,500000.0,500000.0,500000.0,0.0,0,518450.0035956484
2016-08-04,500000.0,500000.0,500000.0,0.0,0,518579.5804397738
2016-08-05,500000.0,500000.0,500000.0,0.0,0,518709.18966919853
2016-08-08,500000.0,500000.0,500000.0,0.0,0,518838.8312920166
2016-08-09,500000.0,500000.0,500000.0,0.0,0,518968.50531632424
2016-08-10,500000.0,500000.0,500000.0,0.0,0,519098.2117502194
2016-08-11,500000.0,500000.0,500000.0,0.0,0,519227.9506018025
2016-08-12,500000.0,500000.0,500000.0,0.0,0,519357.72187917563
2016-08-16,500000.0,500000.0,500000.0,0.0,0,519487.5255904429
2016-08-17,500000.0,500000.0,500000.0,0.0,0,519617.36174371064
2016-08-18,500000.0,500000.0,500000.0,0.0,0,519747.23034708714
2016-08-19,500000.0,500000.0,500000.0,0.0,0,519877.13140868273
2016-08-22,500000.0,500000.0,500000.0,0.0,0,520007.06493660965
2016-08-23,500000.0,500000.0,500000.0,0.0,0,520137.0309389822
2016-08-24,500000.0,500000.0,500000.0,0.0,0,520267.0294239169
2016-08-25,500000.0,500000.0,500000.0,0.0,0,520397.06039953214
2016-08-26,500000.0,500000.0,500000.0,0.0,0,520527.1238739483
2016-08-29,500000.0,500000.0,500000.0,0.0,0,520657.2198552878
2016-08-30,500000.0,500000.0,500000.0,0.0,0,520787.34835167514
2016-08-31,500000.0,500000.0,500000.0,0.0,0,520917.509371237
2016-09-01,500000.0,500000.0,500000.0,0.0,0,521047.7029221019
2016-09-02,500000.0,500000.0,500000.0,0.0,0,521177.9290124002
2016-09-06,500000.0,500000.0,500000.0,0.0,0,521308.18765026476
2016-09-07,500000.0,500000.0,500000.0,0.0,0,521438.4788438301
2016-09-08,500000.0,500000.0,500000.0,0.0,0,521568.80260123295
2016-09-09,500000.0,500000.0,500000.0,0.0,0,521699.15893061215
2016-09-12,500000.0,500000.0,500000.0,0.0,0,521829.5478401083
2016-09-14,500000.0,500000.0,500000.0,0.0,0,521959.96933786414
2016-09-15,500000.0,500000.0,500000.0,0.0,0,522090.4234320247
2016-09-16,500000.0,500000.0,500000.0,0.0,0,522220.9101307367
2016-09-19,500000.0,500000.0,500000.0,0.0,0,522351.42944214906
2016-09-20,500000.0,500000.0,500000.0,0.0,0,522481.9813744127
2016-09-21,500000.0,500000.0,500000.0,0.0,0,522612.56593568064
2016-09-22,500000.0,500000.0,500000.0,0.0,0,522743.18313410785
2016-09-23,500000.0,500000.0,500000.0,0.0,0,522873.83297785127
2016-09-26,500000.0,500000.0,500000.0,0.0,0,523004.5154750702
2016-09-27,500000.0,500000.0,500000.0,0.0,0,523135.23063392565
2016-09-28,500000.0,500000.0,500000.0,0.0,0,523265.9784625807
2016-09-29,500000.0,500000.0,500000.0,0.0,0,523396.75896920066
2016-09-30,500000.0,500000.0,500000.0,0.0,0,523527.5721619528
2016-10-03,500000.0,500000.0,500000.0,0.0,0,523658.4180490064
2016-10-04,500000.0,500000.0,500000.0,0.0,0,523789.29663853266
2016-10-05,500000.0,500000.0,500000.0,0.0,0,523920.2079387051
2016-10-06,500000.0,500000.0,500000.0,0.0,0,524051.15195769904
2016-10-07,500000.0,500000.0,500000.0,0.0,0,524182.12870369194
2016-10-10,500000.0,500000.0,500000.0,0.0,0,524313.1381848634
2016-10-13,500000.0,500000.0,500000.0,0.0,0,524444.1804093948
2016-10-14,500000.0,500000.0,500000.0,0.0,0,524575.2553854698
2016-10-17,500000.0,500000.0,500000.0,0.0,0,524706.363121274
2016-10-18,500000.0,500000.0,500000.0,0.0,0,524837.5036249952
2016-10-19,500000.0,500000.0,500000.0,0.0,0,524968.676904823
2016-10-20,500000.0,500000.0,500000.0,0.0,0,525099.8829689493
2016-10-21,500000.0,500000.0,500000.0,0.0,0,525231.1218255678
2016-10-24,500000.0,500000.0,500000.0,0.0,0,525362.3934828743
2016-10-25,500000.0,500000.0,500000.0,0.0,0,525493.6979490669
2016-10-26,500000.0,500000.0,500000.0,0.0,0,525625.0352323455
2016-10-27,500000.0,500000.0,500000.0,0.0,0,525756.405340912
2016-10-28,500000.0,500000.0,500000.0,0.0,0,525887.8082829708
2016-11-01,500000.0,500000.0,500000.0,0.0,0,526019.2440667276
2016-11-02,500000.0,500000.0,500000.0,0.0,0,526150.7127003908
2016-11-03,500000.0,500000.0,500000.0,0.0,0,526282.2141921705
2016-11-04,500000.0,500000.0,500000.0,0.0,0,526413.7485502792
2016-11-07,500000.0,500000.0,500000.0,0.0,0,526545.3157829309
2016-11-08,500000.0,500000.0,500000.0,0.0,0,526676.9158983422
2016-11-09,500000.0,500000.0,500000.0,0.0,0,526808.5489047314
2016-11-10,500000.0,500000.0,500000.0,0.0,0,526940.214810319
2016-11-11,500000.0,500000.0,500000.0,0.0,0,527071.9136233277
2016-11-15,500000.0,500000.0,500000.0,0.0,0,527203.645351982
2016-11-16,500000.0,500000.0,500000.0,0.0,0,527335.4100045083
2016-11-17,500000.0,500000.0,500000.0,0.0,0,527467.2075891356
2016-11-18,500000.0,500000.0,500000.0,0.0,0,527599.0381140946
2016-11-21,500000.0,500000.0,500000.0,0.0,0,527730.9015876183
2016-11-22,500000.0,500000.0,500000.0,0.0,0,527862.7980179412
2016-11-23,500000.0,500000.0,500000.0,0.0,0,527994.7274133004
2016-11-24,500000.0,500000.0,500000.0,0.0,0,528126.689781935
2016-11-25,500000.0,500000.0,500000.0,0.0,0,528258.6851320858
2016-11-28,500000.0,500000.0,500000.0,0.0,0,528390.7134719961
2016-11-29,500000.0,500000.0,500000.0,0.0,0,528522.7748099111
2016-11-30,500000.0,500000.0,500000.0,0.0,0,528654.869154078
2016-12-01,500000.0,500000.0,500000.0,0.0,0,528786.996512746
2016-12-02,500000.0,500000.0,500000.0,0.0,0,528919.1568941665
2016-12-05,500000.0,500000.0,500000.0,0.0,0,529051.3503065929
2016-12-06,500000.0,500000.0,500000.0,0.0,0,529183.5767582807
2016-12-07,500000.0,500000.0,500000.0,0.0,0,529315.8362574875
2016-12-08,500000.0,500000.0,500000.0,0.0,0,529448.1288124729
2016-12-09,500000.0,500000.0,500000.0,0.0,0,529580.4544314985
2016-12-12,500000.0,500000.0,500000.0,0.0,0,529712.8131228281
2016-12-13,500000.0,500000.0,500000.0,0.0,0,529845.2048947276
2016-12-14,500000.0,500000.0,500000.0,0.0,0,529977.6297554645
2016-12-15,500000.0,500000.0,500000.0,0.0,0,530110.087713309
2016-12-16,500000.0,500000.0,500000.0,0.0,0,530242.5787765331
2016-12-19,500000.0,500000.0,500000.0,0.0,0,530375.1029534108
2016-12-20,500000.0,500000.0,500000.0,0.0,0,530507.6602522184
2016-12-21,500000.0,500000.0,500000.0,0.0,0,530640.2506812338
2016-12-22,500000.0,500000.0,500000.0,0.0,0,530772.8742487377
2016-12-23,500000.0,500000.0,500000.0,0.0,0,530905.530963012
2016-12-26,500000.0,500000.0,500000.0,0.0,0,531038.2208323414
2016-12-27,500000.0,500000.0,500000.0,0.0,0,531170.9438650121
2016-12-28,500000.0,500000.0,500000.0,0.0,0,531303.700069313
2016-12-29,500000.0,500000.0,500000.0,0.0,0,531436.4894535346
2016-12-30,500000.0,500000.0,500000.0,0.0,0,531569.3120259696
2017-01-02,500000.0,500000.0,500000.0,0.0,0,531702.1677949126
2017-01-03,500000.0,500000.0,500000.0,0.0,0,531835.0567686607
2017-01-04,500000.0,500000.0,500000.0,0.0,0,531967.9789555126
2017-01-05,500000.0,500000.0,500000.0,0.0,0,532100.9343637695
2017-01-06,500000.0,500000.0,500000.0,0.0,0,532233.9230017343
2017-01-09,500000.0,500000.0,500000.0,0.0,0,532366.9448777122
2017-01-10,500000.0,500000.0,500000.0,0.0,0,532500.0000000104
2017-01-11,500000.0,500000.0,500000.0,0.0,0,532633.0883769382
2017-01-12,500000.0,500000.0,500000.0,0.0,0,532766.2100168071
2017-01-13,500000.0,500000.0,500000.0,0.0,0,532899.3649279302
2017-01-16,500000.0,500000.0,500000.0,0.0,0,533032.5531186234
2017-01-17,500000.0,500000.0,500000.0,0.0,0,533165.7745972042
2017-01-18,500000.0,500000.0,500000.0,0.0,0,533299.0293719921
2017-01-19,500000.0,500000.0,500000.0,0.0,0,533432.3174513092
2017-01-20,500000.0,500000.0,500000.0,0.0,0,533565.638843479
2017-01-23,500000.0,500000.0,500000.0,0.0,0,533698.9935568275
2017-01-24,500000.0,500000.0,500000.0,0.0,0,533832.3815996831
2017-01-25,500000.0,500000.0,500000.0,0.0,0,533965.8029803754
2017-01-27,500000.0,500000.0,500000.0,0.0,0,534099.2577072367
2017-01-30,500000.0,500000.0,500000.0,0.0,0,534232.7457886012
2017-01-31,499411.0051402539,499411.0051402539,499411.0051402539,0.9942279260850864,10,533604.1958018914
2017-02-01,507881.2417582959,507881.2417582959,507881.2417582959,0.9943241903843286,10,542655.1213557695
2017-02-02,506239.7352122754,506239.7352122754,506239.7352122754,0.9943057863002751,10,540901.9955634847
2017-02-03,504390.448133418,504390.448133418,504390.448133418,0.9942849091487388,10,538926.8603179296
2017-02-06,505899.0953044385,505899.0953044385,505899.0953044385,0.994301952183061,10,540539.5744447493
2017-02-07,502726.28507799807,502726.28507799807,502726.28507799807,0.9942659906172528,10,537150.2867192425
2017-02-08,507253.87872118654,507253.87872118654,507253.87872118654,0.9943171706387773,10,541988.668632899
2017-02-09,506394.4365672559,506394.4365672559,506394.4365672559,0.9943075258584363,10,541071.1462957518
2017-02-10,503677.14448351564,503677.14448351564,503677.14448351564,0.9942768154815784,10,538168.5543383864
2017-02-13,505952.9607829541,505952.9607829541,505952.9607829541,0.9943025588166734,10,540600.983061176
2017-02-14,503660.7569560498,503660.7569560498,503660.7569560498,0.9942766292672621,10,538152.5807714371
2017-02-15,497676.1362742871,497676.1362742871,497676.1362742871,0.9942078049850432,10,531758.8988337057
2017-02-16,503969.948713252,503969.948713252,503969.948713252,0.9942801406255455,10,538484.4957734491
2017-02-17,505629.3272990674,505629.3272990674,505629.3272990674,0.9942989121082254,10,540258.2847211208
2017-02-20,510853.3080577344,510853.3080577344,510853.3080577344,0.9943572113753151,10,545840.8013720255
2017-02-21,512790.72773546877,512790.72773546877,512790.72773546877,0.9943785308905236,10,547911.6785965471
2017-02-22,510503.79626269045,510503.79626269045,510503.79626269045,0.99435334809125,10,545468.8888249509
2017-02-23,511497.65174669924,511497.65174669924,511497.65174669924,0.9943643197075354,10,546531.5831202471
2017-02-27,507063.86965746584,507063.86965746584,507063.86965746584,0.9943150411455304,10,541794.8952030262
2017-02-28,504791.23014635744,504791.23014635744,504791.23014635744,0.9942894466792637,10,539367.3659312367
2017-03-01,505399.0685252637,505399.0685252637,505399.0685252637,0.994296314704334,10,540017.6076382309
2017-03-02,502227.3298167676,502227.3298167676,502227.3298167676,0.9942602939655981,10,536629.387640716
2017-03-03,503022.6176433057,503022.6176433057,503022.6176433057,0.9942693685443088,10,537479.9204638281
2017-03-06,506274.6434306592,506274.6434306592,506274.6434306592,0.9943061789228524,10,540955.4765247118
2017-03-07,504897.68490404787,504897.68490404787,504897.68490404787,0.9942906507164146,10,539484.9654783211
2017-03-08,500750.3395671338,500750.3395671338,500750.3395671338,0.9942433643917592,10,535054.288480271
2017-03-09,499084.6837596387,499084.6837596387,499084.6837596387,0.9942241520740013,10,533275.2991511821
2017-03-10,498861.56036181154,498861.56036181154,498861.56036181154,0.9942215687384289,10,533037.660480515
2017-03-14,507178.51753039064,507178.51753039064,507178.51753039064,0.9943163262323742,10,541925.1544849821
2017-03-15,507623.68382067385,507623.68382067385,507623.68382067385,0.9943213105939139,10,542401.5881190018
2017-03-16,514360.9221782178,514360.9221782178,514360.9221782178,0.9943956916023413,10,549601.1624529822
2017-03-17,512457.8587016553,512457.8587016553,512457.8587016553,0.9943748794429766,10,547568.4876964701
2017-03-20,511972.52001757326,511972.52001757326,511972.52001757326,0.9943695469524577,10,547050.6669839784
2017-03-21,511443.97314257326,511443.97314257326,511443.97314257326,0.994363728214689,10,546486.6769782592
2017-03-22,507527.0671061963,507527.0671061963,507527.0671061963,0.9943202295553871,10,542302.1713133764
2017-03-23,511422.97845263185,511422.97845263185,511422.97845263185,0.9943634968371726,10,546465.7894741409
2017-03-24,510448.04293627443,510448.04293627443,510448.04293627443,0.9943527313396895,10,545424.8224668318
2017-03-27,507088.6596049756,507088.6596049756,507088.6596049756,0.99431531906504,10,541836.0233289005
2017-03-28,508174.5075511426,508174.5075511426,508174.5075511426,0.9943274658748978,10,542997.0452913523
2017-03-29,509524.32375902834,509524.32375902834,509524.32375902834,0.9943424933782864,10,544440.1251261687
2017-03-30,509258.813947627,509258.813947627,509258.813947627,0.9943395437513483,10,544157.1911506765
2017-03-31,512417.60970873537,512417.60970873537,512417.60970873537,0.9943744376052389,10,547533.217267467
2017-04-03,511555.7115306348,511555.7115306348,511555.7115306348,0.994364959337536,10,546613.0249624335
2017-04-05,517417.97482104006,517417.97482104006,517417.97482104006,0.9944288034512372,10,552877.7948586746
2017-04-06,518175.61515612307,518175.61515612307,518175.61515612307,0.9944369492672435,10,553688.1267038609
2017-04-07,522125.19735521975,522125.19735521975,522125.19735521975,0.9944790306037851,10,557909.1525458787
2017-04-10,529300.8552226514,529300.8552226514,529300.8552226514,0.9945538776158254,10,565577.3549668109
2017-04-11,529532.5868968457,529532.5868968457,529532.5868968457,0.9945562609234616,10,565825.7382524123
2017-04-12,529345.7492351026,529345.7492351026,529345.7492351026,0.9945543395035169,10,565626.8652062549
2017-04-13,526658.827329585,526658.827329585,526658.827329585,0.9945265566890672,10,562756.5566688118
2017-04-17,525098.2127971143,525098.2127971143,525098.2127971143,0.9945102893795135,10,561089.7481661378
2017-04-18,524357.4819316358,524357.4819316358,524357.4819316358,0.9945025343684012,10,560299.0166985992
2017-04-19,528861.4609813184,528861.4609813184,528861.4609813184,0.9945493528111464,10,565112.479566063
2017-04-20,528123.3486766309,528123.3486766309,528123.3486766309,0.9945417349132278,10,564324.5439820102
2017-04-21,524696.5330485791,524696.5330485791,524696.5330485791,0.9945060867491496,10,560663.6057897324
2017-04-24,527660.0439738721,527660.0439738721,527660.0439738721,0.9945369423580354,10,563831.025972919
2017-04-25,535150.243055293,535150.243055293,535150.243055293,0.9946134057248424,10,571835.4356562727
2017-04-26,538995.4292430371,538995.4292430371,538995.4292430371,0.9946518336164015,10,575944.9783378869
2017-04-27,541239.8807963819,541239.8807963819,541239.8807963819,0.9946740117684061,10,578344.059584803
2017-04-28,544177.864872066,544177.864872066,544177.864872066,0.9619949045917537,10,581488.9478229771
2017-05-02,547138.8855553545,547138.8855553545,547138.8855553545,0.9622005815716671,10,584658.4817935338
2017-05-03,547096.1589165606,547096.1589165606,547096.1589165606,0.9621976295456448,10,584618.3490599317
2017-05-04,542964.6517601885,542964.6517601885,542964.6517601885,0.9619099851040523,10,580209.0510041856
2017-05-05,539925.3046456255,539925.3046456255,539925.3046456255,0.9616955688211489,10,576966.7759514439
2017-05-08,541893.4246941485,541893.4246941485,541893.4246941485,0.9618346879089896,10,579075.4220108164
2017-05-09,542673.3632470049,542673.3632470049,542673.3632470049,0.9618895396859471,10,579914.391708587
2017-05-10,545357.7047005572,545357.7047005572,545357.7047005572,0.9620771257190281,10,582788.4429278729
2017-05-11,543907.6921196856,543907.6921196856,543907.6921196856,0.961976026496482,10,581244.4468942978
2017-05-12,541973.1076851763,541973.1076851763,541973.1076851763,0.9618402991213871,10,579182.6056630102
2017-05-15,547467.884288875,547467.884288875,547467.884288875,0.962223296987763,10,585060.0979409533
2017-05-16,549898.7321358599,549898.7321358599,549898.7321358599,0.962390290311837,10,587663.3608984932
2017-05-17,550719.8847771563,550719.8847771563,550719.8847771563,0.9624463683894632,10,588546.4224007279
2017-05-18,542380.0248452105,542380.0248452105,542380.0248452105,0.9618689281939893,10,579639.3429381604
2017-05-19,540701.9468422808,540701.9468422808,540701.9468422808,0.9617505877419168,10,577851.52894214
2017-05-22,536171.2455559649,536171.2455559649,536171.2455559649,0.9614273763374357,10,573015.1111162633
2017-05-23,536436.6296578326,536436.6296578326,536436.6296578326,0.961446458854403,10,573304.2529326156
2017-05-24,535519.3825951495,535519.3825951495,535519.3825951495,0.9613804236677764,10,572329.4999975628
2017-05-25,546631.0392647662,546631.0392647662,546631.0392647662,0.9621654641102418,10,584210.35310081
2017-05-26,550687.3282128252,550687.3282128252,550687.3282128252,0.9624441482235709,10,588550.9838833652
2017-05-29,549621.2093926348,549621.2093926348,549621.2093926348,0.9623712998696449,10,587417.0969193632
2017-05-30,550397.4656411089,550397.4656411089,550397.4656411089,0.9624243697244708,10,588252.2507263406
2017-05-31,551866.3212734028,551866.3212734028,551866.3212734028,0.9498038064367452,10,589829.5100807169
2017-06-01,550929.2816844746,550929.2816844746,550929.2816844746,0.9497184310135358,10,588835.4233699086
2017-06-02,550379.5888210102,550379.5888210102,550379.5888210102,0.9496682121823926,10,588255.3166818671
2017-06-05,552950.4138713642,552950.4138713642,552950.4138713642,0.9499022190982112,10,591010.4249387251
2017-06-06,551515.4378352924,551515.4378352924,551515.4378352924,0.9497718707704533,10,589484.0976709652
2017-06-07,554149.0080867573,554149.0080867573,554149.0080867573,0.9500105778781,10,592306.3390241934
2017-06-08,553560.9742580219,553560.9742580219,553560.9742580219,0.9499574753787303,10,591685.2227271196
2017-06-09,559601.1801219746,559601.1801219746,559601.1801219746,0.9504976228290958,10,598148.7435120544
2017-06-12,557581.9119945331,557581.9119945331,557581.9119945331,0.9503183512811788,10,595997.8073445738
2017-06-13,556934.9653850361,556934.9653850361,556934.9653850361,0.9502606401008964,10,595313.6969507523
2017-06-14,553963.9127040668,553963.9127040668,553963.9127040668,0.9499938749647767,10,592145.3474845977
2017-06-15,550137.9353633686,550137.9353633686,550137.9353633686,0.9496461034533383,10,588063.1204573937
2017-06-16,551381.8873821064,551381.8873821064,551381.8873821064,0.9497597049928411,10,589400.2116183599
2017-06-19,555962.4296870991,555962.4296870991,555962.4296870991,0.9501736318778379,10,594303.9267252298
2017-06-20,555601.0668941303,555601.0668941303,555601.0668941303,0.9501412248206507,10,593925.0486195409
2017-06-21,553556.9258876606,553556.9258876606,553556.9258876606,0.9499571093988933,10,591747.3362306182
2017-06-22,550698.9378047748,550698.9378047748,550698.9378047748,0.9496973994645665,10,588699.6124356111
2017-06-23,544409.9673610493,544409.9673610493,544409.9673610493,0.9491163087664235,10,581984.1618181824
2017-06-27,541939.9661937519,541939.9661937519,541939.9661937519,0.9488843960370006,10,579351.120695372
2017-06-28,543505.2056422993,543505.2056422993,543505.2056422993,0.9490316037526372,10,581031.7917413759
2017-06-29,546953.0063777729,546953.0063777729,546953.0063777729,0.9493528907224837,10,584725.002457442
2017-06-30,547279.4729248622,547279.4729248622,547279.4729248622,0.9917017467398597,10,585075.2271542789
2017-07-03,552942.7012650111,552942.7012650111,552942.7012650111,0.9917867372875766,10,591130.7656160841
2017-07-04,552176.3948532679,552176.3948532679,552176.3948532679,0.9917753389809185,10,590312.7506597675
2017-07-05,555607.7544190028,555607.7544190028,555607.7544190028,0.9918261333930525,10,593982.3048478478
2017-07-06,557532.2281204798,557532.2281204798,557532.2281204798,0.9918543477105951,10,596040.9067846889
2017-07-07,558625.3053070643,558625.3053070643,558625.3053070643,0.9918702865279075,10,597210.6937479241
2017-07-10,561694.4134079554,561694.4134079554,561694.4134079554,0.9919147074245366,10,600492.9982245775
2017-07-11,561737.4615494349,561737.4615494349,561737.4615494349,0.9919153270321692,10,600540.2332449072
2017-07-12,564535.8117004969,564535.8117004969,564535.8117004969,0.9919554019846379,10,603533.0906453561
2017-07-13,566943.2891022303,566943.2891022303,566943.2891022303,0.991989562699299,10,606108.0812486361
2017-07-14,567505.9072281459,567505.9072281459,567505.9072281459,0.9919975041447792,10,606710.7776425207
2017-07-17,568555.5598694423,568555.5598694423,568555.5598694423,0.9920122781466608,10,607834.1544039011
2017-07-18,565636.5820709803,565636.5820709803,565636.5820709803,0.9919710573637602,10,604714.7390954621
2017-07-19,569595.8860642054,569595.8860642054,569595.8860642054,0.9920268671499943,10,608948.7847171514
2017-07-20,569349.7249924281,569349.7249924281,569349.7249924281,0.9920234199279415,10,608686.8305829664
2017-07-21,569498.8658234217,569498.8658234217,569498.8658234217,0.9920255088412858,10,608847.4889041082
2017-07-24,569893.4716812709,569893.4716812709,569893.4716812709,0.9920310305415351,10,609270.5720674344
2017-07-25,571649.0937744715,571649.0937744715,571649.0937744715,0.9920555044696733,10,611148.7095810495
2017-07-26,573485.376115475,573485.376115475,573485.376115475,0.9920809424973164,10,613113.084335991
2017-07-27,576460.1606079676,576460.1606079676,576460.1606079676,0.9921218082692533,10,616294.6329794016
2017-07-28,576931.4828659632,576931.4828659632,576931.4828659632,0.9921282443318113,10,616799.7369811235
2017-07-31,580487.7634415806,580487.7634415806,579919.2982681149,0.9246617669451593,9,620005.6362347018
2017-08-01,585481.7158112705,585481.7158112705,584913.2506378049,0.9253043754798617,9,625356.3652788635
2017-08-02,583258.251188773,583258.251188773,582689.7860153073,0.9250196249799975,9,622990.881040734
2017-08-03,582362.8980469883,582362.8980469883,581794.4328735226,0.9249043464920109,9,622045.2945477349
2017-08-04,590758.1849808872,590758.1849808872,590189.7198074216,0.9259715336672654,9,631032.9100475427
2017-08-07,595358.723555106,595358.723555106,594790.2583816403,0.9265435767086779,9,635963.4071286807
2017-08-08,589648.4671616734,589648.4671616734,589080.0019882077,0.925832212168451,9,629869.6585788478
2017-08-09,585059.8564438999,585059.8564438999,584491.3912704343,0.9252505159498351,9,624975.0861368082
2017-08-10,578345.2661423862,578345.2661423862,577776.8009689206,0.9243826742123309,9,617807.2338761868
2017-08-11,569601.8104310215,569601.8104310215,569033.3452575558,0.9232219392446241,9,608469.8556857989
2017-08-14,576714.0414109409,576714.0414109409,576145.5762374753,0.9241687920400695,9,616086.5275922978
2017-08-16,587603.8382935703,587603.8382935703,587035.3731201047,0.9255741376117496,9,627742.7132430895
2017-08-17,583219.2706284702,583219.2706284702,582650.8054550046,0.9250146135251688,9,623065.8670675975
2017-08-18,582865.5930466831,582865.5930466831,582297.1278732175,0.9249691130693618,9,622699.3410317892
2017-08-21,576326.9177689732,576326.9177689732,575758.4525955075,0.9241178555793643,9,615718.7947725209
2017-08-22,578903.225798148,578903.225798148,578334.7606246823,0.9244555558533132,9,618485.5360198228
2017-08-23,586025.8909363926,586025.8909363926,585457.4257629269,0.9253737367511774,9,626114.2264062674
2017-08-24,587385.1159348667,587385.1159348667,586816.650761401,0.9255464239368053,9,627579.4930155281
2017-08-28,591408.3422608555,591408.3422608555,590839.8770873898,0.9260529159252956,9,631893.7889043698
2017-08-29,586378.267317313,586378.267317313,585809.8021438473,0.925418582431911,9,626525.9829286572
2017-08-30,594646.9594407261,594646.9594407261,594078.4942672604,0.9264556528653969,9,635380.8992161261
2017-08-31,596860.6287907194,596860.6287907194,594091.7638705008,0.9129377497672474,9,635408.9169865722
2017-09-01,603248.7924641203,603248.7924641203,600479.9275439017,0.9138597042099403,9,642255.0365142273
2017-09-04,599919.1867207121,599919.1867207121,597150.3218004935,0.9133816177777172,9,638707.6955965356
2017-09-05,601632.272848947,601632.272848947,598863.4079287284,0.913628254728113,9,640553.7879967855
2017-09-06,603976.0249470305,603976.0249470305,601207.1600268119,0.9139634235938207,9,643074.4763428004
2017-09-07,608561.30721174,608561.30721174,605792.4422915214,0.9146116770782873,9,647992.7959281938
2017-09-08,609939.9073933195,609939.9073933195,607171.0424731009,0.9148046737260845,9,649481.2290301474
2017-09-11,622348.2731693815,622348.2731693815,619579.408249163,0.916503296211906,9,662767.8146501373
2017-09-12,623404.6240986418,623404.6240986418,620635.7591784232,0.9166447802773543,9,663911.6070740597
2017-09-13,622963.6399677824,622963.6399677824,620194.7750475638,0.9165857747002006,9,663453.7149990026
2017-09-14,621981.3221882414,621981.3221882414,619212.4572680228,0.9164540355729061,9,662416.7334009792
2017-09-15,623419.8240803313,623419.8240803313,620650.9591601127,0.9166468126121703,9,663969.4036442012
2017-09-18,633246.7730778288,633246.7730778288,630477.9081576102,0.9179403170658257,9,674495.8438335737
2017-09-19,631860.0371464323,631860.0371464323,629091.1722262137,0.917760221626719,9,673026.1542507096
2017-09-20,629834.6158436369,629834.6158436369,627065.7509234183,0.9174957550590451,9,670873.1579838825
2017-09-21,627562.6272800993,627562.6272800993,624793.7623598807,0.9171970618405506,9,668456.3298948386
2017-09-22,618420.3750980925,618420.3750980925,615651.5101778739,0.9159729667548336,9,658689.2264041477
2017-09-25,616863.3320683073,616863.3320683073,614094.4671480887,0.9157608716283666,9,657037.2048058524
2017-09-26,614528.9444645476,614528.9444645476,611760.079544329,0.9154408756724501,9,654553.4626557911
2017-09-27,607465.8390949797,607465.8390949797,604696.9741747611,0.9144576928057828,9,647010.2783794116
2017-09-28,610794.0559223723,610794.0559223723,608025.1910021537,0.914923812840019,9,650585.1426678718
2017-09-29,612877.5783416047,612877.5783416047,608715.7149469631,0.6146470495510696,5,651386.6602149461
2017-10-03,611869.3289519562,611869.3289519562,607707.4655573147,0.6140120579626617,5,650370.572143739
2017-10-04,610679.882784964,610679.882784964,606518.0193903225,0.6132602534721194,5,649160.4865968962
2017-10-05,610253.7330046906,610253.7330046906,606091.8696100491,0.6129901870241939,5,648767.1660916372
2017-10-06,612269.3873015656,612269.3873015656,608107.5239069241,0.6142642634497613,5,650987.2897900621
2017-10-09,614582.285128714,614582.285128714,610420.4217340725,0.6157159280494555,5,653525.8018532621
2017-10-10,617471.1818572297,617471.1818572297,613309.3184625881,0.6175138370546004,5,656681.1745421216
2017-10-11,615343.4856902375,615343.4856902375,611181.6222955959,0.6161913003547708,5,654466.0051386554
2017-10-12,620644.8334685578,620644.8334685578,616482.9700739163,0.6194696703458541,5,660205.0426196347
2017-10-13,623822.2336150422,623822.2336150422,619660.3702204006,0.6214078781557587,5,663670.25957218
2017-10-16,621948.9356414094,621948.9356414094,617787.0722467678,0.6202675661236258,5,661726.9020577689
2017-10-17,619937.2279998078,619937.2279998078,615775.3646051663,0.6190353274315605,5,659635.1189130887
2017-10-18,620430.9364959016,620430.9364959016,616269.07310126,0.6193384804248991,5,660226.7498792836
2017-10-19,616722.4859343781,616722.4859343781,612560.6225397366,0.6170495020623219,5,656316.9714822469
2017-10-23,618656.5900603547,618656.5900603547,614494.7266657131,0.6182467189836413,5,658451.8528344652
2017-10-24,618425.5813933625,618425.5813933625,614263.7179987209,0.618104117643689,5,658267.166964457
2017-10-25,609873.586276175,609873.586276175,605711.7228815334,0.6127489558615123,5,649166.2515134993
2017-10-26,616378.5826140656,616378.5826140656,612216.7192194241,0.6168358380067059,5,656200.0917576863
2017-10-27,616892.4853240266,616892.4853240266,612730.621929385,0.6171550331758687,5,656813.7031325534
2017-10-30,620013.3293181672,620013.3293181672,615851.4659235256,0.6190820875776087,5,660221.6079663982
2017-10-31,620661.074401664,620661.074401664,616499.2110070224,0.9990929680958106,10,660916.1706951129
2017-11-01,622012.6884229652,622012.6884229652,617850.8250283237,0.9990949390476292,10,662365.3140429822
2017-11-02,621601.1427915565,621601.1427915565,617439.279396915,0.9990943398307754,10,661924.2675847079
2017-11-03,622991.7116010658,622991.7116010658,618829.8482064243,0.9990963613388627,10,663415.172965878
2017-11-06,626366.944587516,626366.944587516,622205.0811928745,0.9991012306747101,10,667033.7330629039
2017-11-07,624561.5252531044,624561.5252531044,620399.6618584628,0.9990986326031809,10,665098.3870869945
2017-11-08,621185.5398405067,621185.5398405067,617023.6764458652,0.9990937339006388,10,661479.3183977607
2017-11-09,623594.8060529701,623594.8060529701,619432.9426583286,0.999097235270874,10,664062.3179212041
2017-11-10,629108.1023862831,629108.1023862831,624946.2389916416,0.9991051468038078,10,669972.9889361343
2017-11-13,628537.2694547646,628537.2694547646,624375.406060123,0.9991043341047077,10,669361.178040939
2017-11-14,630314.9799268715,630314.9799268715,626153.1165322299,0.9991068601983153,10,671267.1206143904
2017-11-15,626638.3493574135,626638.3493574135,622476.4859627719,0.9991016199427499,10,667325.7414599069
2017-11-16,629166.0862424843,629166.0862424843,625004.2228478427,0.9991052292733499,10,670035.7503104447
2017-11-17,634744.6320341103,634744.6320341103,630582.7686394687,0.9991130930964052,10,676016.3786111707
2017-11-20,637181.1684492104,637181.1684492104,633019.3050545688,0.9991164845666407,10,678628.6172210623
2017-11-21,639746.6648405067,639746.6648405067,635584.8014458652,0.9991200276185712,10,681379.1079791592
2017-11-22,641693.4037626259,641693.4037626259,637531.5403679843,0.9991226972369206,10,683466.2601347376
2017-11-23,642776.162254142,642776.162254142,638614.2988595004,0.9991241750562178,10,684627.1819555415
2017-11-24,644910.4479063026,644910.4479063026,640748.5845116611,0.9991270735371113,10,686915.3946709844
2017-11-27,644856.7250364296,644856.7250364296,640694.861641788,0.9991270008138025,10,686857.9508729052
2017-11-28,648657.1048124306,648657.1048124306,644495.241417789,0.9991321155784865,10,690932.3030757789
2017-11-29,650383.8766019813,650383.8766019813,646222.0132073398,0.9991344198150912,10,692783.6414061895
2017-11-30,645941.390441703,645941.390441703,641779.5270470615,0.9991284667548772,10,688021.215864617
2017-12-01,642746.080222892,642746.080222892,638584.2168282504,0.9991241340655465,10,684595.8268184172
2017-12-04,640532.9774244301,640532.9774244301,636371.1140297885,0.9991211078648371,10,682223.4147388962
2017-12-05,643638.661170768,643638.661170768,639476.7977761264,0.99912534869309,10,685553.0207338356
2017-12-06,641504.708762931,641504.708762931,637342.8453682895,0.9991224391832503,10,683265.4610112344
2017-12-07,650035.7071989052,650035.7071989052,645873.8438042636,0.9991339561966578,10,692411.2934005536
2017-12-08,661871.3422086708,661871.3422086708,657709.4788140293,0.9991494428595561,10,705099.8741385272
2017-12-11,662824.3188703529,662824.3188703529,658662.4554757114,0.9991506657493644,10,706121.6659609682
2017-12-12,660224.1088483803,660224.1088483803,656062.2454537387,0.9991473207527172,10,703334.251101984
2017-12-13,657116.5654829018,657116.5654829018,652954.7020882602,0.9991432883817849,10,700002.946946435
2017-12-14,660142.3879316322,660142.3879316322,655980.5245369907,0.9991472151971112,10,703246.9423462683
2017-12-15,670174.8222349159,670174.8222349159,666012.9588402744,0.9991599812802674,10,714002.4073884415
2017-12-18,672895.271842765,672895.271842765,668733.4084481235,0.9991633773935888,10,716919.0278187804
2017-12-19,681774.5265882484,681774.5265882484,677612.6631936069,0.9991742733495955,10,726438.2256654851
2017-12-20,679996.8062589638,679996.8062589638,675834.9428643222,0.9991721146467321,10,724532.5615308586
2017-12-21,675648.0537336342,675648.0537336342,671486.1903389926,0.999166786031485,10,719870.6083880712
2017-12-22,677893.8607862465,677893.8607862465,673731.9973916049,0.9991695464013822,10,722278.3880889245
2017-12-26,676812.7973936073,676812.7973936073,672650.9339989658,0.9991682199297373,10,721119.5778129026
2017-12-27,673150.6977231972,673150.6977231972,668988.8343285556,0.9991636948486053,10,717193.7520275675
2017-12-28,675471.4285581581,675471.4285581581,671309.5651635166,0.9991665681591115,10,719681.8557313718
2017-12-29,678581.9369123451,678581.9369123451,674420.0735177036,0.9991703884740399,10,723016.6459915249
2018-01-01,671736.1603239052,671736.1603239052,667574.2969292636,0.9991619337629534,10,715677.7358866592
2018-01-02,672364.4422681801,672364.4422681801,668202.5788735385,0.9991627168827196,10,716351.4397436182
2018-01-03,669607.3365171425,669607.3365171425,665445.4731225009,0.9991592693725565,10,713395.8149724576
2018-01-04,673228.9057538979,673228.9057538979,669067.0423592563,0.9991637920009683,10,717278.4945557023
2018-01-05,680265.4741666786,680265.4741666786,676103.6107720371,0.9991724416164727,10,724822.2504709447
2018-01-08,681690.8242567055,681690.8242567055,677528.9608620639,0.9991741719616299,10,726350.457968944
2018-01-09,682861.2042997353,682861.2042997353,678699.3409050937,0.9991755873776017,10,727605.3231181294
2018-01-10,681466.4921262733,681466.4921262733,677304.6287316318,0.9991739001070848,10,726110.2604574156
2018-01-11,678936.7652738563,678936.7652738563,674774.9018792148,0.999170822048584,10,723398.3954754816
2018-01-12,677869.3400419228,677869.3400419228,673707.4766472812,0.9991695163611678,10,722254.2029757575
2018-01-15,676828.642684745,676828.642684745,672666.7792901035,0.999168239402609,10,721138.6640913895
2018-01-16,670197.3407285683,670197.3407285683,666035.4773339267,0.9991600095047246,10,714029.6666766185
2018-01-17,671232.7114027016,671232.7114027016,667070.84800806,0.9991613051828264,10,715139.7953250186
2018-01-18,668877.3441923134,668877.3441923134,664715.4807976718,0.999158351824802,10,712614.8514145483
2018-01-19,671291.3587873451,671291.3587873451,667129.4953927036,0.999161378455418,10,715202.9691659405
2018-01-22,672271.9981611244,672271.9981611244,668110.1347664829,0.9991626017479374,10,716254.4232790583
2018-01-23,675210.458083915,675210.458083915,671048.5946892734,0.9991662460356904,10,719404.7790749916
2018-01-24,673335.0167234413,673335.0167234413,669173.1533287998,0.9991639237791163,10,717394.3425567969
2018-01-25,671746.74960308,671746.74960308,667584.8862084384,0.9991619469740591,10,715691.773812866
2018-01-29,679824.9792478554,679824.9792478554,675663.1158532138,0.9991719053971897,10,724352.277531217
2018-01-30,676878.2385251991,676878.2385251991,672716.3751305576,0.9991683003469023,10,721193.3414143175
2018-01-31,672033.1644289932,672033.1644289932,665292.4420155619,0.9856546261341328,10,713237.0141107101
2018-02-01,667618.8679125748,667618.8679125748,660878.1454991434,0.9855597745100605,10,708507.173626835
2018-02-02,650313.8878252945,650313.8878252945,643573.1654118631,0.9851755172779185,10,689957.6607556504
2018-02-05,646216.0725787125,646216.0725787125,639475.3501652811,0.9850815115824569,10,685567.074674098
2018-02-06,639610.5862963639,639610.5862963639,632869.8638829325,0.984927443040274,10,678488.0646759663
2018-02-07,640090.9422915421,640090.9422915421,633350.2198781107,0.9849387542346996,10,679005.599461573
2018-02-08,649770.7043917618,649770.7043917618,643029.9819783304,0.9851631245778923,10,689385.6501282869
2018-02-09,647379.4904253922,647379.4904253922,640638.7680119608,0.9851083218783145,10,686824.6207191322
2018-02-12,652552.183510109,652552.183510109,645811.4610966776,0.9852263662008782,10,692372.7670693878
2018-02-14,654611.7877734146,654611.7877734146,647871.0653599832,0.9852728484667425,10,694583.4118456773
2018-02-15,652590.8403323136,652590.8403323136,645850.1179188822,0.9852272413307449,10,692419.3159880439
2018-02-16,646749.6755068741,646749.6755068741,640008.9530934427,0.9850938201299597,10,686159.5520091372
2018-02-19,640334.4008639298,640334.4008639298,633593.6784504984,0.984944480601091,10,679284.258300832
2018-02-20,636344.8283999405,636344.8283999405,629604.1059865091,0.9848500898196401,10,675009.5563594521
2018-02-21,632368.0674670181,632368.0674670181,625627.3450535868,0.9847548168701632,10,670748.5734732305
2018-02-22,626973.9145243607,626973.9145243607,620233.1921109293,0.9846236553536533,10,664967.9634397516
2018-02-23,640651.0687716446,640651.0687716446,633910.3463582132,0.9849519224053117,10,679634.0933463031
2018-02-26,651609.2620394669,651609.2620394669,644868.5396260355,0.985204987780834,10,691385.2106355119
2018-02-27,653632.7656176529,653632.7656176529,646892.0432042215,0.9852507898913455,10,693557.2253991459
2018-02-28,653918.5533694173,653918.5533694173,646007.1925448155,0.6111168526022877,5,692675.9534446276
2018-03-01,652141.0100344564,652141.0100344564,644229.6492098545,0.6100568722665948,5,690837.5045539767
2018-03-05,646998.2516116048,646998.2516116048,639086.890787003,0.606957353373632,5,685390.5482760189
2018-03-06,639987.256738558,639987.256738558,632075.8959139561,0.6026516114211606,5,677939.6529205971
2018-03-07,638418.4983157064,638418.4983157064,630507.1374911045,0.6016752242503094,5,676324.5560354021
2018-03-08,642000.8017825033,642000.8017825033,634089.4409579014,0.603897838647546,5,680234.1317530896
2018-03-09,642499.0548342611,642499.0548342611,634587.6940096592,0.6042050128125767,5,680835.9340508423
2018-03-12,646783.8500002767,646783.8500002767,638872.4891756749,0.6068270641328642,5,685499.9047930168
2018-03-13,644996.7005862142,644996.7005862142,637085.3397616124,0.6057376650997814,5,683649.8703280118
2018-03-14,645853.3038576986,645853.3038576986,637941.9430330967,0.6062605801392825,5,684636.3591457624
2018-03-15,646295.1588381673,646295.1588381673,638383.7980135655,0.6065297694118512,5,685177.8833580009
2018-03-16,643382.5558108236,643382.5558108236,635471.1949862217,0.6047485234417357,5,682119.4697727899
2018-03-19,640864.4537600423,640864.4537600423,632953.0929354405,0.6031954905845437,5,679484.1688556718
2018-03-20,643318.7074221517,643318.7074221517,635407.3465975499,0.6047092953428054,5,682185.9751218479
2018-03-21,644163.6579836751,644163.6579836751,636252.2971590733,0.6052277988298084,5,683160.4393563775
2018-03-22,640754.1007326986,640754.1007326986,632842.7399080967,0.6031271514528431,5,679567.2734410615
2018-03-23,637840.8060549642,637840.8060549642,629929.4452303624,0.6013144615991463,5,676506.5969199283
2018-03-26,647567.2564944173,647567.2564944173,639655.8956698155,0.6073027123812733,5,687018.6210120477
2018-03-27,647509.0046633626,647509.0046633626,639597.6438387608,0.6072673841682458,5,687023.4910767322
2018-03-28,645530.5462045674,645530.5462045674,622726.9274841256,0.0,0,669073.5281159331
2018-04-02,645530.5462045674,645530.5462045674,622726.9274841256,0.0,0,669240.7504819467
2018-04-03,645530.5462045674,645530.5462045674,622726.9274841256,0.0,0,669408.0146420512
2018-04-04,645530.5462045674,645530.5462045674,622726.9274841256,0.0,0,669575.320606692
2018-04-05,645530.5462045674,645530.5462045674,622726.9274841256,0.0,0,669742.6683863173
2018-04-06,645530.5462045674,645530.5462045674,622726.9274841256,0.0,0,669910.0579913781
2018-04-09,645530.5462045674,645530.5462045674,622726.9274841256,0.0,0,670077.4894323278
2018-04-10,645530.5462045674,645530.5462045674,622726.9274841256,0.0,0,670244.9627196225
2018-04-11,645530.5462045674,645530.5462045674,622726.9274841256,0.0,0,670412.477863721
2018-04-12,645530.5462045674,645530.5462045674,622726.9274841256,0.0,0,670580.0348750844
2018-04-13,645530.5462045674,645530.5462045674,622726.9274841256,0.0,0,670747.6337641769
2018-04-16,645530.5462045674,645530.5462045674,622726.9274841256,0.0,0,670915.274541465
2018-04-17,645530.5462045674,645530.5462045674,622726.9274841256,0.0,0,671082.9572174177
2018-04-18,645530.5462045674,645530.5462045674,622726.9274841256,0.0,0,671250.6818025068
2018-04-19,645530.5462045674,645530.5462045674,622726.9274841256,0.0,0,671418.4483072069
2018-04-20,645530.5462045674,645530.5462045674,622726.9274841256,0.0,0,671586.2567419949
2018-04-23,645530.5462045674,645530.5462045674,622726.9274841256,0.0,0,671754.1071173506
2018-04-24,645530.5462045674,645530.5462045674,622726.9274841256,0.0,0,671921.9994437558
2018-04-25,645530.5462045674,645530.5462045674,622726.9274841256,0.0,0,672089.9337316959
2018-04-26,645530.5462045674,645530.5462045674,622726.9274841256,0.0,0,672257.9099916582
2018-04-27,645530.5462045674,645530.5462045674,622726.9274841256,0.0,0,672425.9282341327
2018-04-30,644777.166300283,644777.166300283,621973.5475798412,0.9850016173020701,10,671614.9427220072
2018-05-02,634691.4563546043,634691.4563546043,611887.8376341625,0.984763282066845,10,660726.8225190059
2018-05-03,629484.2878975731,629484.2878975731,606680.6691771313,0.9846372421345774,10,655106.5710128786
2018-05-04,629269.6511330467,629269.6511330467,606466.0324126049,0.9846320020715352,10,654877.3179382491
2018-05-07,634865.9178871971,634865.9178871971,612062.2991667553,0.9847674691260137,10,660922.8011007361
2018-05-08,635397.1137795311,635397.1137795311,612593.4950590893,0.9847802036154449,10,661498.9160725368
2018-05-09,631692.8389992577,631692.8389992577,608889.2202788158,0.9846909540554887,10,657501.4474779726
2018-05-10,626621.7419991356,626621.7419991356,603818.1232786938,0.9845670616786997,10,652028.0225842522
2018-05-11,628828.8775582176,628828.8775582176,606025.2588377758,0.9846212299718008,10,654413.8858798536
2018-05-14,621861.8380532127,621861.8380532127,599058.2193327709,0.984448933664537,10,646893.1004032198
2018-05-15,620475.0593972069,620475.0593972069,597671.440676765,0.9844141766077537,10,645398.1071780956
2018-05-16,625567.9869942528,625567.9869942528,602764.368273811,0.9845410652461228,10,650900.2208214522
2018-05-17,627922.9956307274,627922.9956307274,605119.3769102856,0.9845990435732576,10,653445.8023246769
2018-05-18,625099.5845131737,625099.5845131737,602295.9657927318,0.9845294814863941,10,650399.4327584046
2018-05-21,612829.6468758446,612829.6468758446,590026.0281554027,0.9842197342371434,10,637152.0993126075
2018-05-22,616885.6460060936,616885.6460060936,594082.0272856518,0.9843234888707997,10,641534.5522459082
2018-05-23,618481.3106789452,618481.3106789452,595677.6919585033,0.9843639338358625,10,643260.1783128314
2018-05-24,624851.4618630272,624851.4618630272,602047.8431425854,0.9845233382887111,10,650141.662720171
2018-05-25,628997.7911171776,628997.7911171776,606194.1723967358,0.984625359847636,10,654621.7144034982
2018-05-28,631690.6041054588,631690.6041054588,608886.985385017,0.984690899892752,10,657532.1551283802
2018-05-29,626615.5254311424,626615.5254311424,603811.9067107006,0.984566908570603,10,652054.1547533207
2018-05-30,628006.9096016746,628006.9096016746,605203.2908812328,0.9846011014413962,10,653559.2147037863
2018-05-31,631165.6663035309,631165.6663035309,608362.0475830891,0.8631566472855804,9,656992.709667761
2018-06-01,627843.924543277,627843.924543277,605040.3058228352,0.862432648435619,9,653428.0266702045
2018-06-04,622466.6546000397,622466.6546000397,599663.0358795979,0.8612442525926107,9,647643.37340713
2018-06-05,614443.9511698639,614443.9511698639,591640.3324494221,0.8594325394028847,9,639001.5092445302
2018-06-06,626031.0385416901,626031.0385416901,603227.4198212483,0.8620342753349698,9,651538.184184491
2018-06-07,630995.1293620026,630995.1293620026,608191.5106415608,0.8631196630906882,9,656922.124444825
2018-06-08,630377.8961771881,630377.8961771881,607574.2774567463,0.8629856369980834,9,656277.931944188
2018-06-11,631917.3837260163,631917.3837260163,609113.7650055744,0.8633194336482221,9,657963.2450235162
2018-06-12,638759.0375651276,638759.0375651276,615955.4188446858,0.8647833990350401,9,665375.8190516123
2018-06-13,636611.6682261383,636611.6682261383,613808.0495056965,0.8643272968340805,9,663078.7203882071
2018-06-14,636099.0357035553,636099.0357035553,613295.4169831135,0.8642179581365416,9,662547.4409570079
2018-06-15,638044.8830698883,638044.8830698883,615241.2643494465,0.8646320530310638,9,664671.9695867521
2018-06-18,637241.7281779206,637241.7281779206,614438.1094574787,0.8644614404926562,9,663826.8023044304
2018-06-19,631201.3785990631,631201.3785990631,608397.7598786213,0.8631643896486668,9,657323.6304161842
2018-06-20,632083.2851694977,632083.2851694977,609279.6664490559,0.863355307881548,9,658298.9065404214
2018-06-21,628048.0670451081,628048.0670451081,605244.4483246662,0.8624773637126689,9,653961.6638200444
2018-06-22,632007.7561015046,632007.7561015046,609204.1373810627,0.8633389779454953,9,658262.4119994916
2018-06-25,629725.3304423249,629725.3304423249,606921.711721883,0.8628436530661104,9,655818.751110922
2018-06-26,631929.1637553131,631929.1637553131,609125.5450348713,0.8633219815620837,9,658222.5405140991
2018-06-27,627602.2155436432,627602.2155436432,604798.5968232014,0.8623796669991208,9,653569.4697591077
2018-06-28,611850.9752406037,611850.9752406037,589047.3565201618,0.8588368256482041,9,636571.1103155104
2018-06-29,622208.2845277903,622208.2845277903,599404.6658073484,0.9318788412207627,9,647774.8750039628
2018-07-02,622632.0843782541,622632.0843782541,599828.4656578123,0.9319252084697824,9,648243.8955190146
2018-07-03,625692.1069765207,625692.1069765207,602888.4882560789,0.9322581364356815,9,651561.8845377319
2018-07-04,626035.4693117258,626035.4693117258,603231.850591284,0.932295290887154,9,651943.9931901398
2018-07-05,620671.7928590891,620671.7928590891,597868.1741386473,0.9317102052457905,9,646158.3166733179
2018-07-06,616187.8974580881,616187.8974580881,593384.2787376463,0.9312132719274036,9,641323.3632872435
2018-07-09,623500.9068269846,623500.9068269846,600697.2881065428,0.9320200678459702,9,649238.0816485019
2018-07-10,630998.8841066477,630998.8841066477,608195.2653862059,0.9328278537226213,9,657352.8507505363
2018-07-11,632081.0619020578,632081.0619020578,609277.443181616,0.9329428582838285,9,658533.5129467037
2018-07-12,634253.2800569651,634253.2800569651,611449.6613365232,0.9331725184925057,9,660892.3396447798
2018-07-13,635411.1976595041,635411.1976595041,612607.5789390623,0.9332942990299843,9,662154.9063804857
2018-07-16,633812.6109895823,633812.6109895823,611008.9922691404,0.933126055542036,9,660438.0941776101
2018-07-17,631471.6089296457,631471.6089296457,608667.9902092039,0.9328781393419752,9,657918.7903056506
2018-07-18,626012.9833955881,626012.9833955881,603209.3646751463,0.9322928589848586,9,652029.6096195801
2018-07-19,620743.4634523508,620743.4634523508,597939.844731909,0.9317180899363139,9,646344.7328859626
2018-07-20,625336.2350587961,625336.2350587961,602532.6163383543,0.93221958529224,9,651320.251452387
2018-07-23,627826.621060383,627826.621060383,605023.0023399412,0.9324884483673433,9,654023.2762470255
2018-07-24,628977.2950868723,628977.2950868723,606173.6763664305,0.9326119564646284,9,655278.1576437902
2018-07-25,625460.7514314768,625460.7514314768,602657.132711035,0.9322330789788685,9,651487.8468404165
2018-07-26,628972.844082844,628972.844082844,606169.2253624022,0.9326114795848138,9,655295.4819272732
2018-07-27,630776.5525331614,630776.5525331614,607972.9338127195,0.9328041773685839,9,657256.375013148
2018-07-30,632851.5391206858,632851.5391206858,610047.920400244,0.9330244982844366,9,659510.5659474133
2018-07-31,638220.3160359393,638220.3160359393,615416.6973154974,0.9970225144409887,10,665315.133730093
2018-08-01,641528.8627583514,641528.8627583514,618725.2440379095,0.9970378701804716,10,668892.432395122
2018-08-02,637938.460368825,637938.460368825,615134.8416483832,0.9970211989204005,10,665011.412680138
2018-08-03,643381.849910451,643381.849910451,620578.2311900092,0.9970464013326936,10,670896.6558805497
2018-08-06,639858.6058613787,639858.6058613787,617054.9871409369,0.9970301379757072,10,667088.2341608144
2018-08-07,640130.8122059832,640130.8122059832,617327.1934855414,0.9970314008664636,10,667383.0070104052
2018-08-08,646912.4234272967,646912.4234272967,624108.8047068549,0.9970625208209837,10,674714.9933695012
2018-08-09,647936.0566365252,647936.0566365252,625132.4379160834,0.9970671615586124,10,675822.1229839936
2018-08-10,648634.4471547137,648634.4471547137,625830.8284342719,0.9970703193720277,10,676577.6382645135
2018-08-13,650223.3583333025,650223.3583333025,627419.7396128607,0.9970774784539644,10,678295.8838421879
2018-08-14,659583.4048726092,659583.4048726092,636779.7861521674,0.9971189515072295,10,688415.4052429828
2018-08-16,653193.4347798357,653193.4347798357,630389.8160593939,0.9970907671858258,10,681507.781595227
2018-08-17,663647.8418538104,663647.8418538104,640844.2231333685,0.9971365961664903,10,692810.4185469559
2018-08-20,662683.6515461932,662683.6515461932,639880.0328257513,0.997132429976157,10,691768.5383745894
2018-08-21,662956.4531209002,662956.4531209002,640152.8344004584,0.9971336099595698,10,692063.957282389
2018-08-23,663788.1938130389,663788.1938130389,640984.575092597,0.997137201607114,10,692963.6404684827
2018-08-24,662674.9266011248,662674.9266011248,639871.307880683,0.9971323922210075,10,691760.592244303
2018-08-27,670600.4135090838,670600.4135090838,647796.794788642,0.9971662830261006,10,700329.2730727928
2018-08-28,671150.0636555682,671150.0636555682,648346.4449351263,0.997168603748446,10,700923.9921774884
2018-08-29,667631.9176289568,667631.9176289568,644828.298908515,0.997153683452982,10,697121.041308996
2018-08-30,666963.5039326678,666963.5039326678,644159.885212226,0.9971508309476308,10,696398.9186155071
2018-08-31,672116.5749180305,672116.5749180305,649312.9561975887,0.9958175900589296,10,701970.6129483591
2018-09-03,661590.1878941047,661590.1878941047,638786.5691736629,0.9957510448372229,10,690591.3077196247
2018-09-04,652947.2733433235,652947.2733433235,630143.6546228817,0.9956948023841165,10,681248.2074079409
2018-09-05,642711.5727818001,642711.5727818001,619907.9540613582,0.9956262386371411,10,670183.1378156632
2018-09-06,641224.1248142708,641224.1248142708,618420.5060938289,0.9956160928204166,10,668575.7905645848
2018-09-07,646200.8891880501,646200.8891880501,623397.2704676082,0.9956498558087292,10,673956.9085464099
2018-09-10,637111.1719028938,637111.1719028938,614307.553182452,0.9955877919451649,10,664130.7274909576
2018-09-11,625367.9333775032,625367.9333775032,602564.3146570614,0.9955049389416031,10,651435.8043106147
2018-09-12,631411.5515110481,631411.5515110481,608607.9327906063,0.9955479638632392,10,657970.3200717255
2018-09-14,636071.8630650032,636071.8630650032,613268.2443445614,0.9955805826232434,10,663009.3424575616
2018-09-17,632292.551663636,632292.551663636,609488.9329431942,0.9955541670748783,10,658924.2345250841
2018-09-18,632912.3840916145,632912.3840916145,610108.7653711727,0.9955585210288942,10,659595.072657913
2018-09-19,626455.5575077522,626455.5575077522,603651.9387873104,0.9955127430656394,10,652615.2685314645
2018-09-21,614581.9430515755,614581.9430515755,591778.3243311336,0.9954260500552008,10,639779.3092093937
2018-09-24,603622.1459324348,603622.1459324348,580818.527211993,0.9953430021356273,10,627931.2734342824
2018-09-25,608333.0301334846,608333.0301334846,585529.4114130428,0.9953790655689392,10,633025.003387534
2018-09-26,605802.3392155159,605802.3392155159,582998.720495074,0.9953597619841885,10,630289.7680049597
2018-09-27,597741.0634281624,597741.0634281624,574937.4447077205,0.9952971826489996,10,621575.3273656116
2018-09-28,594521.7681469095,594521.7681469095,571718.1494264677,0.5471084341294187,5,618165.2458855342
2018-10-01,598855.6038402689,598855.6038402689,576051.9851198271,0.5503859481424876,5,622920.6326330005
2018-10-03,593096.8121990336,593096.8121990336,570293.1934785917,0.5460203309441438,5,616763.974003319
2018-10-04,581263.4354900492,581263.4354900492,558459.8167696074,0.5367782005878297,5,604037.7504508804
2018-10-05,578040.6900371683,578040.6900371683,555237.0713167265,0.5341956039411562,5,600622.3065471723
2018-10-08,576181.3458294047,576181.3458294047,553377.7271089628,0.5326924474921806,5,598681.1285494079
2018-10-09,572622.7715648783,572622.7715648783,549819.1528444365,0.52978835650497,5,594901.5816600953
2018-10-10,580943.3881115091,580943.3881115091,558139.7693910673,0.5365230071806607,5,603973.3591080846
2018-10-11,572196.5219310892,572196.5219310892,549392.9032106474,0.5294380790510513,5,594579.2457380902
2018-10-12,578061.4175914896,578061.4175914896,555257.7988710478,0.5342123062942774,5,600995.7338792431
2018-10-15,579653.1874889506,579653.1874889506,556849.5687685087,0.5354913932473923,5,602788.3944563557
2018-10-16,586916.7382244242,586916.7382244242,564113.1195039824,0.5412400482310938,5,610720.2864181136
2018-10-17,589819.3440441263,589819.3440441263,567015.7253236845,0.5434976874884307,5,613932.3858874653
2018-10-19,590086.6173290384,590086.6173290384,567282.9986085966,0.5437044552222716,5,614291.7885894063
2018-10-22,586574.5303691996,586574.5303691996,563770.9116487578,0.5409724074607744,5,610559.1418959176
2018-10-23,579964.0955547465,579964.0955547465,557160.4768343046,0.5357404077529072,5,603470.9417405642
2018-10-24,582301.6036724222,582301.6036724222,559497.9849519804,0.5376040649345847,5,606072.481974018
2018-10-25,572327.0836681498,572327.0836681498,549523.464947708,0.5295454256777389,5,595338.9121067786
2018-10-26,570387.9516033304,570387.9516033304,547584.3328828886,0.5279460343379588,5,593308.3473833356
2018-10-29,574824.557392515,574824.557392515,552020.9386720732,0.5315894370595889,5,598184.8744720304
2018-10-30,578630.1391796244,578630.1391796244,555826.5204591826,0.5346701177682417,5,602378.2753843623
2018-10-31,590605.335530695,590605.335530695,567801.7168102532,0.0,0,615506.9752297436
2018-11-01,590605.335530695,590605.335530695,567801.7168102532,0.0,0,615660.8096416142
2018-11-02,590605.335530695,590605.335530695,567801.7168102532,0.0,0,615814.6825015076
2018-11-05,590605.335530695,590605.335530695,567801.7168102532,0.0,0,615968.5938190334
2018-11-06,590605.335530695,590605.335530695,567801.7168102532,0.0,0,616122.5436038031
2018-11-07,590605.335530695,590605.335530695,567801.7168102532,0.0,0,616276.5318654311
2018-11-09,590605.335530695,590605.335530695,567801.7168102532,0.0,0,616430.5586135339
2018-11-12,590605.335530695,590605.335530695,567801.7168102532,0.0,0,616584.6238577303
2018-11-13,590605.335530695,590605.335530695,567801.7168102532,0.0,0,616738.7276076418
2018-11-14,590605.335530695,590605.335530695,567801.7168102532,0.0,0,616892.8698728923
2018-11-15,590605.335530695,590605.335530695,567801.7168102532,0.0,0,617047.0506631078
2018-11-16,590605.335530695,590605.335530695,567801.7168102532,0.0,0,617201.2699879168
2018-11-19,590605.335530695,590605.335530695,567801.7168102532,0.0,0,617355.5278569505
2018-11-20,590605.335530695,590605.335530695,567801.7168102532,0.0,0,617509.8242798424
2018-11-21,590605.335530695,590605.335530695,567801.7168102532,0.0,0,617664.1592662282
2018-11-22,590605.335530695,590605.335530695,567801.7168102532,0.0,0,617818.5328257461
2018-11-26,590605.335530695,590605.335530695,567801.7168102532,0.0,0,617972.9449680366
2018-11-27,590605.335530695,590605.335530695,567801.7168102532,0.0,0,618127.3957027429
2018-11-28,590605.335530695,590605.335530695,567801.7168102532,0.0,0,618281.8850395104
2018-11-29,590605.335530695,590605.335530695,567801.7168102532,0.0,0,618436.412987987
2018-11-30,590129.21727858,590129.21727858,567325.5985581381,0.6801430658537407,7,617967.2752597393
2018-12-03,592077.3986445467,592077.3986445467,569273.7799241049,0.6811955284545858,7,620138.5979608962
2018-12-04,595605.9309168856,595605.9309168856,572802.3121964438,0.6830842132510623,7,624031.5252786893
2018-12-05,593706.5563899081,593706.5563899081,570902.9376694662,0.6820703423984172,7,622011.8639616775
2018-12-06,584715.7090388339,584715.7090388339,561912.090318392,0.6771817153687554,7,612266.3146479565
2018-12-07,588223.5814448397,588223.5814448397,565419.9627243979,0.679106842800795,7,616137.6400081166
2018-12-10,582834.668450455,582834.668450455,560031.0497300131,0.6761398516483342,7,610315.2181035789
2018-12-11,586196.8984004061,586196.8984004061,563393.2796799643,0.6779974054725781,7,614028.4538144358
2018-12-12,589626.2924738924,589626.2924738924,566822.6737534506,0.6798702422225921,7,617815.194592582
2018-12-13,593195.3425074618,593195.3425074618,570391.72378702,0.6817963516183813,7,621754.4578693662
2018-12-14,593353.2658625643,593353.2658625643,570549.6471421225,0.6818810427975648,7,621976.0363011381
2018-12-17,593802.0571070712,593802.0571070712,570998.4383866293,0.6821214747748463,7,622514.6938716682
2018-12-18,588806.1785365145,588806.1785365145,566002.5598160727,0.6794243520711415,7,617117.9573814318
2018-12-19,589021.8192378085,589021.8192378085,566218.2005173666,0.6795417147142209,7,617402.4990220816
2018-12-20,588442.5612879794,588442.5612879794,565638.9425675375,0.6792262582507487,7,616820.3760291333
2018-12-21,581315.7370692294,581315.7370692294,558512.1183487875,0.6752936310644226,7,609098.7438409869
2018-12-24,580751.1852046053,580751.1852046053,557947.5664841635,0.6749779819694091,7,608532.5373176057
2018-12-26,579798.0309229891,579798.0309229891,556994.4122025473,0.6744436646527183,7,607542.481881649
2018-12-27,582165.0084162753,582165.0084162753,559361.3896958334,0.6757673177535118,7,610173.4988301867
2018-12-28,584994.0588465731,584994.0588465731,562190.4401261313,0.6773353176252279,7,613308.7456068182
2018-12-31,584774.9992297109,584774.9992297109,561971.3805092691,0.9608633282470438,10,613075.7666151504
2019-01-01,585530.1541064199,585530.1541064199,562726.5353859781,0.9609138025878188,10,613905.582593285
2019-01-02,585561.3090594228,585561.3090594228,562757.690338981,0.9609158821798693,10,613945.5678770375
2019-01-03,583210.371040624,583210.371040624,560406.7523201822,0.9607583329607932,10,611386.8122886447
2019-01-04,582378.4899218496,582378.4899218496,559574.8712014077,0.9607022793763218,10,610485.2600303369
2019-01-07,585720.8777850087,585720.8777850087,562917.2590645669,0.9609265299185922,10,614137.7017402056
2019-01-08,585506.9941637929,585506.9941637929,562703.3754433511,0.9609122565190295,10,613910.3562830962
2019-01-09,590660.3093493398,590660.3093493398,567856.690628898,0.9612532841094412,10,619538.5771841429
2019-01-10,593659.3304675039,593659.3304675039,570855.711747062,0.9614490230008418,10,622816.515123092
2019-01-11,592212.9248736318,592212.9248736318,569409.30615319,0.9613548670875902,10,621244.4694010529
2019-01-14,594155.262169164,594155.262169164,571351.6434487222,0.9614812008722521,10,623369.6046689636
2019-01-15,601736.1045000966,601736.1045000966,578932.4857796548,0.9619664716425791,10,631646.5604556828
2019-01-16,605305.63658933,605305.63658933,582502.0178688882,0.9621907581711228,10,635547.0813260736
2019-01-17,601688.4819415029,601688.4819415029,578884.8632210611,0.9619634613573782,10,631606.5753284734
2019-01-18,600683.7577746328,600683.7577746328,577880.139054191,0.9618998401438799,10,630516.3607245934
2019-01-21,603992.9166644033,603992.9166644033,581189.2979439615,0.9621085834572715,10,634132.9055509316
2019-01-22,610280.8046648916,610280.8046648916,587477.1859444497,0.9624989889584429,10,640999.5340526862
2019-01-23,604942.3401110586,604942.3401110586,582138.7213906167,0.9621680519336986,10,635180.7674105484
2019-01-24,605588.6875384267,605588.6875384267,582785.0688179849,0.9622084301356171,10,635892.0067813913
2019-01-25,604961.7352068837,604961.7352068837,582158.1164864419,0.9621692648273665,10,635213.9351319565
2019-01-28,597615.9512713369,597615.9512713369,574812.332550895,0.9617042564785936,10,627204.7624190181
2019-01-29,602688.5909197744,602688.5909197744,579884.9721993326,0.9620265796648623,10,632745.7106829255
2019-01-30,604127.2781756337,604127.2781756337,581323.6594551919,0.9621170107343922,10,634321.5356861966
2019-01-31,610252.8465302998,610252.8465302998,587449.2278098579,0.0,0,641164.0940945866
2019-02-01,610252.8465302998,610252.8465302998,587449.2278098579,0.0,0,641324.3410215864
2019-02-04,610252.8465302998,610252.8465302998,587449.2278098579,0.0,0,641484.627999297
2019-02-05,610252.8465302998,610252.8465302998,587449.2278098579,0.0,0,641644.9550377281
2019-02-06,610252.8465302998,610252.8465302998,587449.2278098579,0.0,0,641805.3221468922
2019-02-07,610252.8465302998,610252.8465302998,587449.2278098579,0.0,0,641965.7293368042
2019-02-08,610252.8465302998,610252.8465302998,587449.2278098579,0.0,0,642126.1766174817
2019-02-11,610252.8465302998,610252.8465302998,587449.2278098579,0.0,0,642286.6639989445
2019-02-12,610252.8465302998,610252.8465302998,587449.2278098579,0.0,0,642447.1914912149
2019-02-14,610252.8465302998,610252.8465302998,587449.2278098579,0.0,0,642607.759104318
2019-02-15,610252.8465302998,610252.8465302998,587449.2278098579,0.0,0,642768.3668482812
2019-02-18,610252.8465302998,610252.8465302998,587449.2278098579,0.0,0,642929.0147331345
2019-02-19,610252.8465302998,610252.8465302998,587449.2278098579,0.0,0,643089.7027689104
2019-02-20,610252.8465302998,610252.8465302998,587449.2278098579,0.0,0,643250.4309656438
2019-02-21,610252.8465302998,610252.8465302998,587449.2278098579,0.0,0,643411.1993333722
2019-02-22,610252.8465302998,610252.8465302998,587449.2278098579,0.0,0,643572.0078821356
2019-02-25,610252.8465302998,610252.8465302998,587449.2278098579,0.0,0,643732.8566219764
2019-02-26,610252.8465302998,610252.8465302998,587449.2278098579,0.0,0,643893.7455629396
2019-02-27,610252.8465302998,610252.8465302998,587449.2278098579,0.0,0,644054.6747150728
2019-02-28,610252.8465302998,610252.8465302998,587449.2278098579,0.0,0,644215.6440884261
2019-03-01,610252.8465302998,610252.8465302998,587449.2278098579,0.0,0,644376.653693052
2019-03-05,610252.8465302998,610252.8465302998,587449.2278098579,0.0,0,644537.7035390054
2019-03-06,610252.8465302998,610252.8465302998,587449.2278098579,0.0,0,644698.793636344
2019-03-07,610252.8465302998,610252.8465302998,587449.2278098579,0.0,0,644859.9239951278
2019-03-08,610252.8465302998,610252.8465302998,587449.2278098579,0.0,0,645021.0946254195
2019-03-11,610252.8465302998,610252.8465302998,587449.2278098579,0.0,0,645182.3055372841
2019-03-12,610252.8465302998,610252.8465302998,587449.2278098579,0.0,0,645343.5567407892
2019-03-13,610252.8465302998,610252.8465302998,587449.2278098579,0.0,0,645504.8482460051
2019-03-14,610252.8465302998,610252.8465302998,587449.2278098579,0.0,0,645666.1800630045
2019-03-15,610252.8465302998,610252.8465302998,587449.2278098579,0.0,0,645827.5522018623
2019-03-18,610252.8465302998,610252.8465302998,587449.2278098579,0.0,0,645988.9646726563
2019-03-19,610252.8465302998,610252.8465302998,587449.2278098579,0.0,0,646150.4174854668
2019-03-20,610252.8465302998,610252.8465302998,587449.2278098579,0.0,0,646311.9106503765
2019-03-22,610252.8465302998,610252.8465302998,587449.2278098579,0.0,0,646473.4441774704
2019-03-25,610252.8465302998,610252.8465302998,587449.2278098579,0.0,0,646635.0180768366
2019-03-26,610252.8465302998,610252.8465302998,587449.2278098579,0.0,0,646796.6323585655
2019-03-27,610252.8465302998,610252.8465302998,587449.2278098579,0.0,0,646958.2870327495
2019-03-28,609615.9639009689,609615.9639009689,586812.3451805271,0.8807154880849289,9,646276.1754208561
2019-04-01,612072.9584535812,612072.9584535812,589269.3397331394,0.8811943221715169,9,649001.3362111235
2019-04-02,612262.2203859542,612262.2203859542,589458.6016655124,0.8812310472729752,9,649229.0479082029
2019-04-03,609972.0655092453,609972.0655092453,587168.4467888034,0.8807851263666426,9,646726.0179921843
2019-04-04,609123.8685640548,609123.8685640548,586320.249843613,0.8806191212290088,9,645811.0832471541
2019-04-05,609973.3478883957,609973.3478883957,587169.7291679538,0.880785376998361,9,646765.9970088858
2019-04-08,607631.446536467,607631.446536467,584827.8278160251,0.8803259062313877,9,644205.7434518903
2019-04-09,610738.6398348068,610738.6398348068,587935.021114365,0.8809347600321613,9,647647.5822781734
2019-04-10,610146.7850069259,610146.7850069259,587343.1662864841,0.8808192643205729,9,647014.9082512463
2019-04-11,607963.2450899337,607963.2450899337,585159.6263694919,0.8803912188823096,9,644628.8711611904
2019-04-12,607633.6877321457,607633.6877321457,584830.0690117038,0.8803263476372335,9,644285.1021536646
2019-04-15,607683.6464571212,607683.6464571212,584880.0277366794,0.8803361862154477,9,644359.4088865196
2019-04-16,610054.8383363937,610054.8383363937,587251.2196159519,0.8808013015553449,9,646990.9355695099
2019-04-18,609548.8899568771,609548.8899568771,586745.2712364353,0.8807023621768763,9,646452.8090391323
2019-04-22,607275.7127718185,607275.7127718185,584472.0940513767,0.8802558027923536,9,643967.6589496615
2019-04-23,611606.652331755,611606.652331755,588803.0336113132,0.8811037413796503,9,648758.5968526984
2019-04-24,615744.311770842,615744.311770842,592940.6930504001,0.8819026967534122,9,653336.7272343124
2019-04-25,611486.651614592,611486.651614592,588683.0328941501,0.8810804086768599,9,648664.806602264
2019-04-26,614936.0914034103,614936.0914034103,592132.4726829685,0.8817474795736808,9,652484.8861339471
2019-04-30,621488.0106316593,621488.0106316593,598684.3919112175,0.9912846215973417,10,659706.0233797603
2019-05-02,616706.9381829288,616706.9381829288,593903.319462487,0.99121705489267,10,654439.0824752321
2019-05-03,615970.4253045109,615970.4253045109,593166.806584069,0.9912065531673984,10,653628.9361321473
2019-05-06,605100.453075507,605100.453075507,582296.8343550651,0.991048588448678,10,641652.4382844758
2019-05-07,597985.1241570499,597985.1241570499,575181.5054366081,0.9909420770407865,10,633813.2709899187
2019-05-08,591497.6499138859,591497.6499138859,568694.031193444,0.9908427308440553,10,626665.9394552932
2019-05-09,591390.1142083195,591390.1142083195,568586.4954878776,0.9908410657276184,10,626548.8762071462
2019-05-10,593535.414013007,593535.414013007,570731.7952925651,0.9908741701716698,10,628914.2994659344
2019-05-13,588733.3629265812,588733.3629265812,565929.7442061394,0.9907997346057561,10,623624.1557276002
2019-05-14,589581.1648674991,589581.1648674991,566777.5461470573,0.9908129643412412,10,624559.819811954
2019-05-15,592944.7238884952,592944.7238884952,570141.1051680534,0.9908650790416869,10,628267.7154715549
2019-05-16,602946.9650994327,602946.9650994327,580143.3463789909,0.9910166175486479,10,639291.1084906094
2019-05-17,606359.603893378,606359.603893378,583555.9851729362,0.9910671767205609,10,643053.10572057
2019-05-20,622306.7301751163,622306.7301751163,599503.1114546745,0.991296087728561,10,660627.5384584672
2019-05-21,620805.597606757,620805.597606757,598001.9788863151,0.9912750413233206,10,658974.7932832177
2019-05-22,618413.7603875187,618413.7603875187,595610.1416670769,0.9912412958243748,10,656340.5247551004
2019-05-23,613250.7920037296,613250.7920037296,590447.1732832878,0.9911675561515829,10,650652.5718858386
2019-05-24,617480.9711419132,617480.9711419132,594677.3524214714,0.9912280646068276,10,655315.5109603311
2019-05-27,616404.3365593937,616404.3365593937,593600.7178389519,0.9912127432204586,10,654130.53313517
2019-05-28,614298.6930047062,614298.6930047062,591495.0742842644,0.9911826229698184,10,651811.6173975348
2019-05-29,611483.9894524601,611483.9894524601,588680.3707320183,0.9911420359669264,10,648711.3330381515
2019-05-30,618506.2962151554,618506.2962151554,595702.6774947136,0.9912426062296931,10,656451.162755396
2019-05-31,626097.6273511365,626097.6273511365,603294.0086306947,0.9941227328338801,10,664817.6058774613
2019-06-03,633115.2775433973,633115.2775433973,610311.6588229554,0.9941878783240005,10,672551.8779815478
2019-06-04,632984.1952374891,632984.1952374891,610180.5765170472,0.9941866747136778,10,672408.4049372551
2019-06-06,626848.0417340711,626848.0417340711,604044.4230136293,0.9941297686472195,10,665647.4568032322
2019-06-07,627477.3156293348,627477.3156293348,604673.696908893,0.9941356556860932,10,666341.8823697713
2019-06-10,632981.0079358533,632981.0079358533,610177.3892154115,0.99418664544136,10,672407.841791377
2019-06-11,635506.9200604871,635506.9200604871,612703.3013400453,0.9942097514411548,10,675192.3384056157
2019-06-12,633025.3783429578,633025.3783429578,610221.759622516,0.9941870529146103,10,672458.6875119861
2019-06-13,636447.4345410779,636447.4345410779,613643.8158206361,0.9942183080199393,10,676230.733244349
2019-06-14,633469.0961469129,633469.0961469129,610665.4774264711,0.994191124633548,10,672949.6091617837
2019-06-17,625883.2398999647,625883.2398999647,603079.6211795228,0.994120719659142,10,664591.0309661957
2019-06-18,629722.5308087781,629722.5308087781,606918.9120883363,0.9941565644422944,10,668822.8828920687
2019-06-19,628874.900895448,628874.900895448,606071.2821750062,0.9941486883595181,10,667889.7752867689
2019-06-20,631096.0443280652,631096.0443280652,608292.4256076234,0.9941692820592241,10,670338.4458008828
2019-06-21,630766.5506604627,630766.5506604627,607962.9319400209,0.9941662362657573,10,669976.3210548356
2019-06-24,625721.9375318006,625721.9375318006,602918.3188113588,0.9941192040628599,10,664418.132405955
2019-06-25,632491.4153607801,632491.4153607801,609687.7966403383,0.9941821454985006,10,671879.0871642389
2019-06-26,630939.3288892225,630939.3288892225,608135.7101687806,0.9941678338002885,10,670169.6592492396
2019-06-27,631250.0609754041,631250.0609754041,608446.4422549623,0.9941707046771124,10,670513.0644920706
2019-06-28,632145.4741808645,632145.4741808645,609341.8554604227,0.9920682263916041,10,671501.14655164
2019-07-01,632732.3536364309,632732.3536364309,609928.7349159891,0.9920755833648176,10,672149.2238445189
2019-07-02,636716.3403307669,636716.3403307669,613912.721610325,0.9921251670937643,10,676540.9507575281
2019-07-03,634613.7262102835,634613.7262102835,611810.1074898416,0.992099076049431,10,674225.174678794
2019-07-04,632297.8971697561,632297.8971697561,609494.2784493143,0.9920701384407284,10,671674.427833205
2019-07-05,622545.1640154592,622545.1640154592,599741.5452950174,0.9919459099859779,10,660928.0802130987
2019-07-08,603741.6848589651,603741.6848589651,580938.0661385233,0.9916950660944573,10,640207.613681834
2019-07-09,599210.7272936575,599210.7272936575,576407.1085732157,0.9916322679812148,10,635215.7292110227
2019-07-10,590638.2080370657,590638.2080370657,567834.5893166239,0.9915108187710403,10,625769.9362284838
2019-07-11,592839.2821032278,592839.2821032278,570035.663382786,0.9915423371221518,10,628196.9054914645
2019-07-12,589308.851896929,589308.851896929,566505.2331764871,0.9914916689735188,10,624307.5982328531
2019-07-15,592702.8185259573,592702.8185259573,569899.1998055155,0.9915403898344123,10,628049.182263812
2019-07-16,601622.6469103567,601622.6469103567,578819.0281899149,0.9916658144195131,10,637880.4585180731
2019-07-17,599586.2851092092,599586.2851092092,576782.6663887674,0.9916375092071004,10,635637.6440037192
2019-07-18,594283.5511614553,594283.5511614553,571479.9324410135,0.9915628915204276,10,629795.1587676107
2019-07-19,585581.3129564993,585581.3129564993,562777.6942360575,0.9914375088858972,10,620206.27042714
2019-07-22,586748.2309862844,586748.2309862844,563944.6122658426,0.9914545378682328,10,621493.5910774211
2019-07-23,588576.1898180716,588576.1898180716,565772.5710976297,0.9914810777678171,10,623509.4112724501
2019-07-24,578657.6915575735,578657.6915575735,555854.0728371317,0.9913350589442985,10,612580.0849560642
2019-07-25,577306.4422594778,577306.4422594778,554502.823539036,0.9913147776956193,10,611092.2677160118
2019-07-26,583294.15455501,583294.15455501,560490.5358345682,0.9914039344477918,10,617692.3651884736
2019-07-29,578730.1460406057,578730.1460406057,555926.5273201639,0.99133614375702,10,612663.9064365108
2019-07-30,574201.8360277883,574201.8360277883,551398.2173073465,0.9912678182580175,10,607674.7781372608
2019-07-31,570779.1676906273,570779.1676906273,547975.5489701855,0.0,0,604054.6638402592
2019-08-01,570779.1676906273,570779.1676906273,547975.5489701855,0.0,0,604205.6359619234
2019-08-02,570779.1676906273,570779.1676906273,547975.5489701855,0.0,0,604356.6458162349
2019-08-05,570779.1676906273,570779.1676906273,547975.5489701855,0.0,0,604507.693412624
2019-08-06,570779.1676906273,570779.1676906273,547975.5489701855,0.0,0,604658.7787605239
2019-08-07,570779.1676906273,570779.1676906273,547975.5489701855,0.0,0,604809.9018693697
2019-08-08,570779.1676906273,570779.1676906273,547975.5489701855,0.0,0,604961.0627485991
2019-08-09,570779.1676906273,570779.1676906273,547975.5489701855,0.0,0,605112.2614076522
2019-08-13,570779.1676906273,570779.1676906273,547975.5489701855,0.0,0,605263.4978559712
2019-08-14,570779.1676906273,570779.1676906273,547975.5489701855,0.0,0,605414.7721030009
2019-08-16,570779.1676906273,570779.1676906273,547975.5489701855,0.0,0,605566.0841581883
2019-08-19,570779.1676906273,570779.1676906273,547975.5489701855,0.0,0,605717.434030983
2019-08-20,570779.1676906273,570779.1676906273,547975.5489701855,0.0,0,605868.8217308366
2019-08-21,570779.1676906273,570779.1676906273,547975.5489701855,0.0,0,606020.2472672035
2019-08-22,570779.1676906273,570779.1676906273,547975.5489701855,0.0,0,606171.7106495401
2019-08-23,570779.1676906273,570779.1676906273,547975.5489701855,0.0,0,606323.2118873051
2019-08-26,570779.1676906273,570779.1676906273,547975.5489701855,0.0,0,606474.75098996
2019-08-27,570779.1676906273,570779.1676906273,547975.5489701855,0.0,0,606626.3279669684
2019-08-28,570779.1676906273,570779.1676906273,547975.5489701855,0.0,0,606777.9428277963
2019-08-29,570779.1676906273,570779.1676906273,547975.5489701855,0.0,0,606929.595581912
2019-08-30,570779.1676906273,570779.1676906273,547975.5489701855,0.0,0,607081.2862387861
2019-09-03,570779.1676906273,570779.1676906273,547975.5489701855,0.0,0,607233.0148078918
2019-09-04,570779.1676906273,570779.1676906273,547975.5489701855,0.0,0,607384.7812987046
2019-09-05,570779.1676906273,570779.1676906273,547975.5489701855,0.0,0,607536.5857207021
2019-09-06,570779.1676906273,570779.1676906273,547975.5489701855,0.0,0,607688.4280833647
2019-09-09,570779.1676906273,570779.1676906273,547975.5489701855,0.0,0,607840.3083961749
2019-09-11,570779.1676906273,570779.1676906273,547975.5489701855,0.0,0,607992.2266686177
2019-09-12,570779.1676906273,570779.1676906273,547975.5489701855,0.0,0,608144.1829101803
2019-09-13,570779.1676906273,570779.1676906273,547975.5489701855,0.0,0,608296.1771303525
2019-09-16,570779.1676906273,570779.1676906273,547975.5489701855,0.0,0,608448.2093386261
2019-09-17,570779.1676906273,570779.1676906273,547975.5489701855,0.0,0,608600.2795444956
2019-09-18,570779.1676906273,570779.1676906273,547975.5489701855,0.0,0,608752.3877574579
2019-09-19,570779.1676906273,570779.1676906273,547975.5489701855,0.0,0,608904.5339870121
2019-09-20,570779.1676906273,570779.1676906273,547975.5489701855,0.0,0,609056.7182426596
2019-09-23,570779.1676906273,570779.1676906273,547975.5489701855,0.0,0,609208.9405339045
2019-09-24,570779.1676906273,570779.1676906273,547975.5489701855,0.0,0,609361.200870253
2019-09-25,570779.1676906273,570779.1676906273,547975.5489701855,0.0,0,609513.4992612138
2019-09-26,570779.1676906273,570779.1676906273,547975.5489701855,0.0,0,609665.8357162979
2019-09-27,570779.1676906273,570779.1676906273,547975.5489701855,0.0,0,609818.2102450187
2019-09-30,570107.6325758162,570107.6325758162,547304.0138553744,0.9929889893070166,10,609071.956521999
2019-10-01,563559.9358289901,563559.9358289901,540756.3171085482,0.9929075321824273,10,601786.3758103467
2019-10-03,564025.0488660994,564025.0488660994,541221.4301456576,0.9929133808575062,10,602305.0476279161
2019-10-04,556147.5142286483,556147.5142286483,533343.8955082064,0.9928130026550884,10,593539.5164297391
2019-10-07,556682.1627882186,556682.1627882186,533878.5440677768,0.9928199051894877,10,594135.5729849596
2019-10-09,565331.3026502791,565331.3026502791,542527.6839298373,0.9929297551906248,10,603761.9612981741
2019-10-10,562510.2810438338,562510.2810438338,539706.662323392,0.9928942975038193,10,600623.607502032
2019-10-11,569473.8709181014,569473.8709181014,546670.2521976596,0.9929811868247853,10,608374.2346715506
2019-10-14,568839.782691783,568839.782691783,546036.1639713412,0.9929733629226383,10,607669.6437985946
2019-10-15,572074.2257764998,572074.2257764998,549270.607056058,0.9930130907353585,10,611270.2337015185
2019-10-16,570050.8849867049,570050.8849867049,547247.2662662631,0.9929882913729119,10,609019.5769335899
2019-10-17,573978.4185865584,573978.4185865584,551174.7998661166,0.9930362700430736,10,613391.503601293
2019-10-18,579331.5790479842,579331.5790479842,556527.9603275424,0.9931006165507,10,619349.9874270392
2019-10-22,583937.7579725448,583937.7579725448,561134.1392521029,0.9931550398076359,10,624477.1809194285
2019-10-23,585188.0888136092,585188.0888136092,562384.4700931674,0.9931696649597843,10,625869.7201062839
2019-10-24,591432.0114210311,591432.0114210311,568628.3927005893,0.9932417748262614,10,632819.550387787
2019-10-25,589154.4855421248,589154.4855421248,566350.866821683,0.9932156491951979,10,630285.9928477489
2019-10-27,592231.868049449,592231.868049449,569428.2493290072,0.9932509023512954,10,633711.8430256847
2019-10-29,594136.7446058455,594136.7446058455,571333.1258854037,0.9932725408007005,10,635832.8294263873
2019-10-30,598635.9449842635,598635.9449842635,575832.3262638217,0.9933231027277429,10,640841.0206083143
2019-10-31,601454.0405653182,601454.0405653182,578650.4218448764,0.9933543871375715,10,643978.330000763
2019-11-01,599725.7364881698,599725.7364881698,576922.1177677279,0.9933352356503058,10,642055.9782396968
2019-11-04,598754.748481578,598754.748481578,575951.1297611361,0.9933244275418662,10,640976.4380034826
2019-11-05,598052.3710096541,598052.3710096541,575248.7522892123,0.9933165874731129,10,640195.832278703
2019-11-06,598202.3382642928,598202.3382642928,575398.719543851,0.9933182629814888,10,640363.8003372113
2019-11-07,600829.8018263045,600829.8018263045,578026.1831058627,0.9933474826049059,10,643288.9809644975
2019-11-08,591648.7128065291,591648.7128065291,568845.0940860873,0.9932442501409658,10,633072.3753259863
2019-11-11,589646.137153453,589646.137153453,566842.5184330111,0.9932213060405409,10,630844.7649967131
2019-11-13,583884.1247022811,583884.1247022811,561080.5059818393,0.9931544110568539,10,624433.2424610398
2019-11-14,589172.1752393905,589172.1752393905,566368.5565189486,0.993215852893059,10,630319.4362663896
2019-11-15,588449.554542369,588449.554542369,565645.9358219272,0.9932075219068711,10,629516.2917151095
2019-11-18,588888.1016004744,588888.1016004744,566084.4828800326,0.9932125802894007,10,630005.4255632868
2019-11-19,588444.1293104354,588444.1293104354,565640.5105899936,0.9932074592827965,10,629512.3904953202
2019-11-20,586335.6040418807,586335.6040418807,563531.9853214389,0.9931830325830683,10,627166.8440187228
2019-11-21,581978.1851270858,581978.1851270858,559174.566406644,0.993131992211585,10,622318.4555165345
2019-11-22,577811.5221937362,577811.5221937362,555007.9034732943,0.9930824662461468,10,617682.3547999712
2019-11-25,584083.3735426131,584083.3735426131,561279.7548221713,0.9931567462982255,10,624663.5134883047
2019-11-26,582850.993629283,582850.993629283,560047.3749088412,0.9931422769252707,10,623293.0349932048
2019-11-27,590177.6061781112,590177.6061781112,567373.9874576693,0.9932274104162906,10,631448.0905240537
2019-11-28,592764.2403944198,592764.2403944198,569960.6216739779,0.9932569638386404,10,634327.9000658187
2019-11-29,587886.6825623956,587886.6825623956,565083.0638419538,0.9774962745345591,10,628903.0734217139
2019-12-02,588235.8974976983,588235.8974976983,565432.2787772565,0.9775096342038108,10,629295.2634925962
2019-12-03,583785.1420350518,583785.1420350518,560981.52331461,0.9773381685202626,10,624345.3798616473
2019-12-04,585869.8525147882,585869.8525147882,563066.2337943463,0.9774188064936504,10,626669.0857283836
2019-12-05,585378.8492036309,585378.8492036309,562575.2304831891,0.9773998658694776,10,626126.1593782845
2019-12-06,584127.8115601983,584127.8115601983,561324.1928397565,0.9773514627323826,10,624737.3433520941
2019-12-09,583568.1599030938,583568.1599030938,560764.541182652,0.9773297424051206,10,624118.0072569596
2019-12-10,579552.9329286065,579552.9329286065,556749.3142081647,0.9771726795647109,10,619652.7129513585
2019-12-11,585224.4973664727,585224.4973664727,562420.8786460309,0.977393905127508,10,625968.5707181656
2019-12-12,588590.210669085,588590.210669085,565786.5919486432,0.9775231727110547,10,629718.0909918142
2019-12-13,590131.2910523858,590131.2910523858,567327.672331944,0.9775818691369841,10,631436.8352646251
2019-12-16,587862.6972413507,587862.6972413507,565059.0785209088,0.9774953563625395,10,628915.43739846
2019-12-17,596582.0189881768,596582.0189881768,573778.400267735,0.977824272123369,10,638623.6004704615
2019-12-18,595262.8814454522,595262.8814454522,572459.2627250104,0.9777751294066112,10,637158.9287946749
2019-12-19,596635.6817689385,596635.6817689385,573832.0630484967,0.9778262666591631,10,638690.4148549461
2019-12-20,600002.3234315362,600002.3234315362,577198.7047110944,0.9779506845348366,10,642441.0966610283
2019-12-23,599673.6158509698,599673.6158509698,576869.997130528,0.9779385983316953,10,642078.77665172
2019-12-24,598824.433325335,598824.433325335,576020.8146048932,0.977907313441258,10,641137.148759601
2019-12-26,600756.5534425225,600756.5534425225,577952.9347220807,0.9779783667221557,10,643291.214351364
2019-12-27,604074.8351197686,604074.8351197686,581271.2163993268,0.978099335148517,10,646988.1529506659
2019-12-30,604626.4619508233,604626.4619508233,581822.8432303815,0.9781193160708058,10,647605.6833672031
2019-12-31,600688.4841981378,600688.4841981378,577884.865477696,0.9779758712590716,10,643226.0294118288
2020-01-01,600870.0237031427,600870.0237031427,578066.4049827008,0.9779825253594129,10,643431.6350805747
2020-01-02,601692.7323670831,601692.7323670831,578889.1136466413,0.978012630371773,10,644350.907924507
2020-01-03,600016.4258180108,600016.4258180108,577212.807097569,0.977951202767263,10,642488.5925101241
2020-01-06,591668.1724458184,591668.1724458184,568864.5537253766,0.9776401011153183,10,633199.8431849378
2020-01-07,591853.9063783135,591853.9063783135,569050.2876578717,0.9776471180360572,10,633410.1200374014
2020-01-08,596912.0831208673,596912.0831208673,574108.4644004254,0.9778365342514032,10,639043.887421284
2020-01-09,604534.6197572198,604534.6197572198,581731.001036778,0.9781159919104617,10,647532.078064827
2020-01-10,605789.2983766046,605789.2983766046,582985.6796561627,0.978161316905687,10,648932.210921855
2020-01-13,611117.4144654718,611117.4144654718,588313.7957450299,0.9783517206415324,10,654866.5472108918
2020-01-14,617646.2628388848,617646.2628388848,594842.644118443,0.9785805544287347,10,662137.4745739078
2020-01-15,619789.5617738214,619789.5617738214,596985.9430533795,0.9786546251742123,10,664526.7783549918
2020-01-16,625711.9149232354,625711.9149232354,602908.2962027936,0.9788566588015253,10,671122.6767809902
2020-01-17,624659.8443818536,624659.8443818536,601856.2256614118,0.9788210485624146,10,669955.1250884302
2020-01-20,620833.3562531915,620833.3562531915,598029.7375327497,0.9786905127182349,10,665699.2451464573
2020-01-21,619866.6949372735,619866.6949372735,597063.0762168317,0.9786572812876941,10,664626.7531348375
2020-01-22,619774.426672503,619774.426672503,596970.8079520612,0.9786541039129327,10,664527.5895779339
2020-01-23,628123.200110003,628123.200110003,605319.5813895612,0.9789378254029527,10,673824.6582113517
2020-01-24,629711.1257234063,629711.1257234063,606907.5070029645,0.9789909373222923,10,675595.8302790717
2020-01-27,629057.3911805596,629057.3911805596,606253.7724601178,0.978969104099795,10,674871.6587615289
2020-01-28,635626.4942689385,635626.4942689385,612822.8755484967,0.9791864552084335,10,682187.7861742127
2020-01-29,637008.0634522882,637008.0634522882,614204.4447318463,0.9792315964770141,10,683729.2750355758
2020-01-30,629225.0184236016,629225.0184236016,606421.3997031598,0.9789747067872203,10,675068.8216681989
2020-01-31,634030.3091359752,634030.3091359752,611226.6904155334,0.5527694080309687,5,680493.5324988923
2020-02-03,638387.764732899,638387.764732899,615584.1460124572,0.5558220784512836,5,685420.3380011105
2020-02-04,642281.821373524,642281.821373524,619478.2026530822,0.5585150613872274,5,689831.7936725996
2020-02-05,640416.6225820201,640416.6225820201,617613.0038615783,0.5572292465833459,5,687831.1042347805
2020-02-06,638353.2008901256,638353.2008901256,615549.5821696838,0.5557980282924962,5,685609.4494944409
2020-02-07,647194.8676992076,647194.8676992076,624391.2489787658,0.5618665032229871,5,695532.5227483675
2020-02-10,647394.3882070201,647394.3882070201,624590.7694865783,0.562001531606549,5,695830.9156197807
2020-02-11,643057.2489858287,643057.2489858287,620253.6302653869,0.5590474239604771,5,691075.773006662
2020-02-12,648226.8500600475,648226.8500600475,625423.2313396056,0.5625640152750181,5,696911.2068890999
2020-02-13,649874.1471791881,649874.1471791881,627070.5284587463,0.5636728254047543,5,698822.7950117278
2020-02-14,652976.0790334361,652976.0790334361,630172.4603129943,0.5657455769269149,5,702355.5098911857
2020-02-17,652509.9128041881,652509.9128041881,629706.2940837463,0.5654353368172003,5,701912.23042156
2020-02-18,649767.6561513561,649767.6561513561,626964.0374309142,0.5636013153367264,5,698932.0873440687
2020-02-19,659085.5253530162,659085.5253530162,636281.9066325744,0.5697709332498052,5,709394.6921753251
2020-02-20,655602.4169240611,655602.4169240611,632798.7982036193,0.5674851965745045,5,705588.0375459522
2020-02-24,654545.9182668346,654545.9182668346,631742.2995463928,0.566787077013604,5,704486.4089715763
2020-02-25,654109.7186208385,654109.7186208385,631306.0999003967,0.5664981846179276,5,704076.3096685762
2020-02-26,650896.6683583873,650896.6683583873,628093.0496379455,0.5643582702668535,5,700569.5535241097
2020-02-27,650280.6665883678,650280.6665883678,627477.047867926,0.5639455929562733,5,699958.8210795254
2020-02-28,637345.4553897165,637345.4553897165,614541.8366692747,0.0,0,685704.3660447189
2020-03-02,637345.4553897165,637345.4553897165,614541.8366692747,0.0,0,685875.7449764169
2020-03-03,637345.4553897165,637345.4553897165,614541.8366692747,0.0,0,686047.1667410611
2020-03-04,637345.4553897165,637345.4553897165,614541.8366692747,0.0,0,686218.6313493568
2020-03-05,637345.4553897165,637345.4553897165,614541.8366692747,0.0,0,686390.1388120122
2020-03-06,637345.4553897165,637345.4553897165,614541.8366692747,0.0,0,686561.6891397376
2020-03-09,637345.4553897165,637345.4553897165,614541.8366692747,0.0,0,686733.2823432464
2020-03-11,637345.4553897165,637345.4553897165,614541.8366692747,0.0,0,686904.9184332546
2020-03-12,637345.4553897165,637345.4553897165,614541.8366692747,0.0,0,687076.597420481
2020-03-13,637345.4553897165,637345.4553897165,614541.8366692747,0.0,0,687248.3193156468
2020-03-16,637345.4553897165,637345.4553897165,614541.8366692747,0.0,0,687420.0841294761
2020-03-17,637345.4553897165,637345.4553897165,614541.8366692747,0.0,0,687591.8918726956
2020-03-18,637345.4553897165,637345.4553897165,614541.8366692747,0.0,0,687763.7425560348
2020-03-19,637345.4553897165,637345.4553897165,614541.8366692747,0.0,0,687935.6361902256
2020-03-20,637345.4553897165,637345.4553897165,614541.8366692747,0.0,0,688107.5727860028
2020-03-23,637345.4553897165,637345.4553897165,614541.8366692747,0.0,0,688279.5523541039
2020-03-24,637345.4553897165,637345.4553897165,614541.8366692747,0.0,0,688451.574905269
2020-03-25,637345.4553897165,637345.4553897165,614541.8366692747,0.0,0,688623.6404502409
2020-03-26,637345.4553897165,637345.4553897165,614541.8366692747,0.0,0,688795.7489997651
2020-03-27,637345.4553897165,637345.4553897165,614541.8366692747,0.0,0,688967.9005645899
2020-03-30,637345.4553897165,637345.4553897165,614541.8366692747,0.0,0,689140.095155466
2020-03-31,637345.4553897165,637345.4553897165,614541.8366692747,0.0,0,689312.3327831471
2020-04-01,637345.4553897165,637345.4553897165,614541.8366692747,0.0,0,689484.6134583892
2020-04-03,637345.4553897165,637345.4553897165,614541.8366692747,0.0,0,689656.9371919514
2020-04-07,637345.4553897165,637345.4553897165,614541.8366692747,0.0,0,689829.3039945954
2020-04-08,637345.4553897165,637345.4553897165,614541.8366692747,0.0,0,690001.7138770854
2020-04-09,637345.4553897165,637345.4553897165,614541.8366692747,0.0,0,690174.1668501884
2020-04-13,637345.4553897165,637345.4553897165,614541.8366692747,0.0,0,690346.6629246741
2020-04-15,637345.4553897165,637345.4553897165,614541.8366692747,0.0,0,690519.2021113147
2020-04-16,637345.4553897165,637345.4553897165,614541.8366692747,0.0,0,690691.7844208856
2020-04-17,637345.4553897165,637345.4553897165,614541.8366692747,0.0,0,690864.4098641644
2020-04-20,637345.4553897165,637345.4553897165,614541.8366692747,0.0,0,691037.0784519316
2020-04-21,637345.4553897165,637345.4553897165,614541.8366692747,0.0,0,691209.7901949703
2020-04-22,637345.4553897165,637345.4553897165,614541.8366692747,0.0,0,691382.5451040664
2020-04-23,637345.4553897165,637345.4553897165,614541.8366692747,0.0,0,691555.3431900084
2020-04-24,637345.4553897165,637345.4553897165,614541.8366692747,0.0,0,691728.1844635876
2020-04-27,637345.4553897165,637345.4553897165,614541.8366692747,0.0,0,691901.068935598
2020-04-28,637345.4553897165,637345.4553897165,614541.8366692747,0.0,0,692073.996616836
2020-04-29,637345.4553897165,637345.4553897165,614541.8366692747,0.0,0,692246.9675181012
2020-04-30,637345.4553897165,637345.4553897165,614541.8366692747,0.0,0,692419.9816501954
2020-05-04,637345.4553897165,637345.4553897165,614541.8366692747,0.0,0,692593.0390239236
2020-05-05,637345.4553897165,637345.4553897165,614541.8366692747,0.0,0,692766.1396500929
2020-05-06,637345.4553897165,637345.4553897165,614541.8366692747,0.0,0,692939.2835395137
2020-05-07,637345.4553897165,637345.4553897165,614541.8366692747,0.0,0,693112.4707029988
2020-05-08,637345.4553897165,637345.4553897165,614541.8366692747,0.0,0,693285.7011513638
2020-05-11,637345.4553897165,637345.4553897165,614541.8366692747,0.0,0,693458.9748954268
2020-05-12,637345.4553897165,637345.4553897165,614541.8366692747,0.0,0,693632.2919460086
2020-05-13,637345.4553897165,637345.4553897165,614541.8366692747,0.0,0,693805.6523139332
2020-05-14,637345.4553897165,637345.4553897165,614541.8366692747,0.0,0,693979.0560100267
2020-05-15,637345.4553897165,637345.4553897165,614541.8366692747,0.0,0,694152.5030451183
2020-05-18,637345.4553897165,637345.4553897165,614541.8366692747,0.0,0,694325.9934300397
2020-05-19,637345.4553897165,637345.4553897165,614541.8366692747,0.0,0,694499.5271756254
2020-05-20,637345.4553897165,637345.4553897165,614541.8366692747,0.0,0,694673.1042927126
2020-05-21,637345.4553897165,637345.4553897165,614541.8366692747,0.0,0,694846.7247921412
2020-05-22,637345.4553897165,637345.4553897165,614541.8366692747,0.0,0,695020.3886847539
2020-05-26,637345.4553897165,637345.4553897165,614541.8366692747,0.0,0,695194.0959813958
2020-05-27,637345.4553897165,637345.4553897165,614541.8366692747,0.0,0,695367.8466929151
2020-05-28,637345.4553897165,637345.4553897165,614541.8366692747,0.0,0,695541.6408301623
2020-05-29,637345.4553897165,637345.4553897165,614541.8366692747,0.0,0,695715.4784039911
2020-06-01,637345.4553897165,637345.4553897165,614541.8366692747,0.0,0,695889.3594252574
2020-06-02,637345.4553897165,637345.4553897165,614541.8366692747,0.0,0,696063.2839048203
2020-06-03,637345.4553897165,637345.4553897165,614541.8366692747,0.0,0,696237.2518535414
2020-06-04,637345.4553897165,637345.4553897165,614541.8366692747,0.0,0,696411.2632822847
2020-06-05,637345.4553897165,637345.4553897165,614541.8366692747,0.0,0,696585.3182019176
2020-06-08,637345.4553897165,637345.4553897165,614541.8366692747,0.0,0,696759.4166233096
2020-06-09,637345.4553897165,637345.4553897165,614541.8366692747,0.0,0,696933.5585573333
2020-06-10,637345.4553897165,637345.4553897165,614541.8366692747,0.0,0,697107.7440148637
2020-06-11,637345.4553897165,637345.4553897165,614541.8366692747,0.0,0,697281.9730067789
2020-06-12,637345.4553897165,637345.4553897165,614541.8366692747,0.0,0,697456.2455439591
2020-06-15,637345.4553897165,637345.4553897165,614541.8366692747,0.0,0,697630.561637288
2020-06-16,637345.4553897165,637345.4553897165,614541.8366692747,0.0,0,697804.9212976515
2020-06-17,637345.4553897165,637345.4553897165,614541.8366692747,0.0,0,697979.3245359383
2020-06-18,637345.4553897165,637345.4553897165,614541.8366692747,0.0,0,698153.7713630401
2020-06-19,637345.4553897165,637345.4553897165,614541.8366692747,0.0,0,698328.261789851
2020-06-22,637345.4553897165,637345.4553897165,614541.8366692747,0.0,0,698502.7958272678
2020-06-23,637345.4553897165,637345.4553897165,614541.8366692747,0.0,0,698677.3734861903
2020-06-24,637345.4553897165,637345.4553897165,614541.8366692747,0.0,0,698851.9947775208
2020-06-25,637345.4553897165,637345.4553897165,614541.8366692747,0.0,0,699026.6597121644
2020-06-26,637345.4553897165,637345.4553897165,614541.8366692747,0.0,0,699201.368301029
2020-06-29,637345.4553897165,637345.4553897165,614541.8366692747,0.0,0,699376.1205550251
2020-06-30,637345.4553897165,637345.4553897165,614541.8366692747,0.0,0,699550.916485066
2020-07-01,637345.4553897165,637345.4553897165,614541.8366692747,0.0,0,699725.7561020675
2020-07-02,637345.4553897165,637345.4553897165,614541.8366692747,0.0,0,699900.6394169487
2020-07-03,637345.4553897165,637345.4553897165,614541.8366692747,0.0,0,700075.5664406308
2020-07-06,637345.4553897165,637345.4553897165,614541.8366692747,0.0,0,700250.5371840382
2020-07-07,637345.4553897165,637345.4553897165,614541.8366692747,0.0,0,700425.5516580977
2020-07-08,637345.4553897165,637345.4553897165,614541.8366692747,0.0,0,700600.6098737388
2020-07-09,637345.4553897165,637345.4553897165,614541.8366692747,0.0,0,700775.7118418942
2020-07-10,637345.4553897165,637345.4553897165,614541.8366692747,0.0,0,700950.857573499
2020-07-13,637345.4553897165,637345.4553897165,614541.8366692747,0.0,0,701126.0470794907
2020-07-14,637345.4553897165,637345.4553897165,614541.8366692747,0.0,0,701301.2803708103
2020-07-15,637345.4553897165,637345.4553897165,614541.8366692747,0.0,0,701476.5574584008
2020-07-16,637345.4553897165,637345.4553897165,614541.8366692747,0.0,0,701651.8783532085
2020-07-17,637345.4553897165,637345.4553897165,614541.8366692747,0.0,0,701827.243066182
2020-07-20,637345.4553897165,637345.4553897165,614541.8366692747,0.0,0,702002.651608273
2020-07-21,637345.4553897165,637345.4553897165,614541.8366692747,0.0,0,702178.1039904357
2020-07-22,637345.4553897165,637345.4553897165,614541.8366692747,0.0,0,702353.6002236269
2020-07-23,637345.4553897165,637345.4553897165,614541.8366692747,0.0,0,702529.1403188066
2020-07-24,637345.4553897165,637345.4553897165,614541.8366692747,0.0,0,702704.7242869372
2020-07-27,637345.4553897165,637345.4553897165,614541.8366692747,0.0,0,702880.3521389839
2020-07-28,637345.4553897165,637345.4553897165,614541.8366692747,0.0,0,703056.0238859147
2020-07-29,637345.4553897165,637345.4553897165,614541.8366692747,0.0,0,703231.7395387003
2020-07-30,637345.4553897165,637345.4553897165,614541.8366692747,0.0,0,703407.4991083142
2020-07-31,636674.1064690915,636674.1064690915,613870.4877486497,0.8889220287368078,9,702658.5978474853
2020-08-03,638663.6117791501,638663.6117791501,615859.9930587083,0.88926804847174,9,704955.3046819887
2020-08-04,642902.8872918454,642902.8872918454,620099.2685714036,0.8899982104602234,9,709827.2494954423
2020-08-05,644314.7712029782,644314.7712029782,621511.1524825364,0.8902392568614367,9,711462.9045691377
2020-08-06,646555.7708978024,646555.7708978024,623752.1521773606,0.8906196939450554,9,714047.6954025205
2020-08-07,644641.1062249509,644641.1062249509,621837.487504509,0.890294820762308,9,711875.4385394381
2020-08-10,652694.0633782712,652694.0633782712,629890.4446578294,0.8916483662554688,9,721113.6884821504
2020-08-11,643579.1618890134,643579.1618890134,620775.5431685715,0.890113800616515,9,710698.5353041651
2020-08-12,641479.4470452634,641479.4470452634,618675.8283248215,0.889754116943045,9,708314.2469118093
2020-08-13,640791.8624505368,640791.8624505368,617988.243730095,0.8896358205425069,9,707546.5776306668
2020-08-14,636791.555870947,636791.555870947,613987.9371505051,0.8889425158823485,9,702986.1891844113
2020-08-17,636176.6991204587,636176.6991204587,613373.0804000169,0.8888351802256098,9,702301.7397050214
2020-08-18,639597.9768304196,639597.9768304196,616794.3581099778,0.889429812688193,9,706238.4525334104
2020-08-19,641454.3713616696,641454.3713616696,618650.7526412278,0.8897498072196968,9,708383.5114723542
2020-08-20,641762.2424554196,641762.2424554196,618958.6237349778,0.8898026972858177,9,708755.5481270825
2020-08-21,643212.3860101071,643212.3860101071,620408.7672896653,0.8900511407420549,9,710435.5511336186
2020-08-24,652169.7201775876,652169.7201775876,629366.1014571458,0.8915612517503344,9,720711.9278753012
2020-08-25,649736.2069939938,649736.2069939938,626932.588273552,0.891155106732345,9,717944.8220751851
2020-08-26,648731.1481561032,648731.1481561032,625927.5294356614,0.8909864767501885,9,716813.4191973688
2020-08-27,650806.9452752438,650806.9452752438,628003.326554802,0.891334183484347,9,719210.0940009629
2020-08-28,646750.064476904,646750.064476904,623946.4457564622,0.8906525534565018,9,714583.6760280088
2020-08-31,626364.474067513,626364.474067513,603560.8553470712,0.9302733912194551,10,691249.2372159204
2020-09-01,638926.0941847005,638926.0941847005,616122.4754642587,0.9316442527002006,10,705647.6826715997
2020-09-02,646028.5663831868,646028.5663831868,623224.947662745,0.9323957593983048,10,713794.09709836
2020-09-03,647441.7222059408,647441.7222059408,624638.1034854989,0.9325433175845823,10,715424.6517209633
2020-09-04,638046.3910902181,638046.3910902181,615242.7723697763,0.9315500075743524,10,704676.0177538621
2020-09-07,636845.1510389486,636845.1510389486,614041.5323185067,0.9314208947558333,10,703312.2405997561
2020-09-08,639602.4567640462,639602.4567640462,616798.8380436044,0.9317165370841454,10,706482.4123405415
2020-09-09,643327.9103773275,643327.9103773275,620524.2916568856,0.9321119604282034,10,710761.5402174676
2020-09-10,649513.7490308919,649513.7490308919,626710.1303104501,0.9327585124987708,10,717858.8744485903
2020-09-11,651559.8072279134,651559.8072279134,628756.1885074716,0.9329696673231715,10,720214.5376945969
2020-09-14,667142.6360548177,667142.6360548177,644339.0173343759,0.9345353328103758,10,738075.8156752436
2020-09-15,681194.7805860677,681194.7805860677,658391.1618656259,0.9358857820376105,10,754184.0574191901
2020-09-16,684215.6759107747,684215.6759107747,661412.0571903329,0.9361688540982324,10,757656.5109611304
2020-09-17,684191.5426099935,684191.5426099935,661387.9238895517,0.9361666025997157,10,757640.9535577524
2020-09-18,699507.7797926107,699507.7797926107,676704.1610721688,0.9375642817721259,10,775198.0142822566
2020-09-21,670394.5281446615,670394.5281446615,647590.9094242196,0.9348528831847611,10,741859.9696818797
2020-09-22,671540.0535352865,671540.0535352865,648736.4348148446,0.9349640123363955,10,743184.3064604186
2020-09-23,671194.8812330404,671194.8812330404,648391.2625125985,0.9349305665783625,10,742800.9677286021
2020-09-24,651862.8154981771,651862.8154981771,629059.1967777353,0.9330008253286242,10,720666.4741678146
2020-09-25,670453.1628492513,670453.1628492513,647649.5441288095,0.9348585806475534,10,741975.7896502846
2020-09-28,683780.1904371419,683780.1904371419,660976.5717167001,0.9361282013604164,10,757255.6629089433
2020-09-29,687664.1381910482,687664.1381910482,664860.5194706063,0.9364889512019259,10,761717.3740187201
2020-09-30,688091.5345568408,688091.5345568408,661921.2219344224,0.4622691863209801,5,758452.2512874629
2020-10-01,687830.6913561572,687830.6913561572,661660.3787337388,0.4620652648788157,5,758255.3395103124
2020-10-05,688240.2782091845,688240.2782091845,662069.9655867661,0.4623854016134249,5,758826.6056779119
2020-10-06,687279.154185747,687279.154185747,661108.8415633286,0.4616335756592793,5,757827.1240654074
2020-10-07,686688.0742296923,686688.0742296923,660517.761607274,0.4611701664136803,5,757251.6277291131
2020-10-08,686385.4973253955,686385.4973253955,660215.1847029771,0.4609326359535749,5,757006.7622956051
2020-10-09,682420.6530871142,682420.6530871142,656250.3404646958,0.4578006701745262,5,752563.2315921055
2020-10-12,683922.6296496142,683922.6296496142,657752.3170271958,0.45899140528153426,5,754387.3996691717
2020-10-13,685248.5344347705,685248.5344347705,659078.2218123521,0.4600382165456248,5,756009.9096562703
2020-10-14,685297.8195910205,685297.8195910205,659127.5069686021,0.460077049444411,5,756168.461961154
2020-10-15,680063.1104845752,680063.1104845752,653892.7978621568,0.45592105341628025,5,750265.8911367117
2020-10-16,685019.5402941455,685019.5402941455,658849.2276717271,0.4598577135419888,5,756054.1022686833
2020-10-19,685806.120982622,685806.120982622,659635.8083602036,0.46047722608140546,5,757058.6820414881
2020-10-20,687490.0106310595,687490.0106310595,661319.6980086411,0.46179869519375505,5,759093.1030414548
2020-10-21,685507.120982622,685507.120982622,659336.8083602036,0.4602419005764415,5,756919.4547744624
2020-10-22,683891.2506212939,683891.2506212939,657720.9379988755,0.45896658214773955,5,755166.7851570225
2020-10-23,687609.3003039111,687609.3003039111,661438.9876814927,0.46189206486974727,5,759537.2516449367
2020-10-26,681282.7905382861,681282.7905382861,655112.4779158677,0.4568951015619378,5,752375.5535766906
2020-10-27,683591.4433703173,683591.4433703173,657421.130747899,0.4587292975192296,5,755128.748603421
2020-10-28,676289.8452868212,676289.8452868212,650119.5326644029,0.45288544055253205,5,746845.2253185402
2020-10-29,675993.7730822314,675993.7730822314,649823.460459813,0.45264581495207684,5,746607.2721777376
2020-10-30,677505.6190764193,677505.6190764193,651335.3064540009,0.8683268852671554,10,748368.8606982831
2020-11-02,669355.6657377962,669355.6657377962,643185.3531153778,0.8667236572734983,10,739029.6851943582
2020-11-03,672922.3612791781,672922.3612791781,646752.0486567597,0.8674300628928192,10,743152.3587831783
2020-11-04,678697.4703032259,678697.4703032259,652527.1576808075,0.8685581146001036,10,749812.6785460613
2020-11-05,691609.6908079867,691609.6908079867,665439.3781855683,0.8710121094333196,10,764674.1594292326
2020-11-06,692616.808987308,692616.808987308,666446.4963648896,0.8711996677596789,10,765856.0816209768
2020-11-09,698216.2861601595,698216.2861601595,672045.9735377411,0.8722326063125759,10,772315.2533200384
2020-11-10,681235.2407805208,681235.2407805208,655064.9281581024,0.8690477682707881,10,752825.9125967763
2020-11-11,693813.296032596,693813.296032596,667642.9834101776,0.8714217850494969,10,767305.2920248305
2020-11-12,702051.4393278841,702051.4393278841,675881.1267054657,0.8729305715857493,10,776797.5515100843
2020-11-13,712991.4160887484,712991.4160887484,686821.10346633,0.8748802957514259,10,789395.2776213245
2020-11-14,713991.027874637,713991.027874637,687820.7152522187,0.8750554676039155,10,790568.8285775564
2020-11-17,711167.3441282992,711167.3441282992,684997.0315058808,0.8745593764261731,10,787348.1225217824
2020-11-18,711995.9711577181,711995.9711577181,685825.6585352997,0.8747053653018003,10,788325.2174312269
2020-11-19,705937.4399687533,705937.4399687533,679767.1273463349,0.8736300554950805,10,781386.1113140215
2020-11-20,709891.6136442904,709891.6136442904,683721.301021872,0.8743339498619618,10,785955.9395530218
2020-11-23,721523.3982664827,721523.3982664827,695353.0856440644,0.8763598307038571,10,799351.2746208976
2020-11-24,724278.5438200716,724278.5438200716,698108.2311976532,0.8768301561961527,10,802543.0916463317
2020-11-25,713604.2212950472,713604.2212950472,687433.9086726288,0.8749877418733603,10,790296.9980852902
2020-11-26,719467.4465910677,719467.4465910677,693297.1339686493,0.8760065162982958,10,797062.04903709
2020-11-27,735534.951304249,735534.951304249,708380.7049571127,0.8614315973852047,9,814430.763540907
2020-12-01,739346.6497905771,739346.6497905771,712192.4034434408,0.8621459861913883,9,818841.1631238919
2020-12-02,741642.3365581552,741642.3365581552,714488.0902110189,0.8625727008215517,9,821508.747411078
2020-12-03,743865.1851299326,743865.1851299326,716710.9387827963,0.8629833667349573,9,824092.6809988924
2020-12-04,742703.9043071787,742703.9043071787,715549.6579600424,0.8627691295568757,9,822785.6753859717
2020-12-07,749145.2600200693,749145.2600200693,721991.013672933,0.8639490780908757,9,830220.3438731387
2020-12-08,749163.380991749,749163.380991749,722009.1346446127,0.8639523689283158,9,830269.4108602669
2020-12-09,753376.5631816904,753376.5631816904,726222.3168345541,0.8647132015374352,9,835142.4039780014
2020-12-10,753418.5335186045,753418.5335186045,726264.2871714681,0.8647207378963897,9,835218.9056910343
2020-12-11,757027.952463917,757027.952463917,729873.7061167806,0.8653657332759598,9,839397.9164412008
2020-12-14,757697.2480571787,757697.2480571787,730543.0017100424,0.8654846595643308,9,840195.8661546514
2020-12-15,759997.8910625498,759997.8910625498,732843.6447154135,0.865891860400975,9,842869.9920367275
2020-12-16,768042.9856060068,768042.9856060068,740888.7392588705,0.8672966159710945,9,852150.9015966442
2020-12-17,773598.7196147959,773598.7196147959,746444.4732676595,0.8682496484478002,9,858569.0220042946
2020-12-18,774706.231760792,774706.231760792,747551.9854136556,0.8684379974097695,9,859871.1262144506
2020-12-21,752112.6093853037,752112.6093853037,724958.3630381674,0.8644858469360311,9,833911.9517118541
2020-12-22,765718.4202373545,765718.4202373545,738564.1738902181,0.8668937554904482,9,849590.3143882036
2020-12-23,781927.041941456,781927.041941456,754772.7955943197,0.8696529243744814,9,868263.2074403624
2020-12-24,780018.8015850107,780018.8015850107,752864.5552378744,0.8693340428942558,9,866096.3923578293
2020-12-28,791443.7633770029,791443.7633770029,764289.5170298666,0.8712202837575073,9,879267.5599412131
2020-12-29,793658.9284160654,793658.9284160654,766504.6820689291,0.8715797181630774,9,881844.1907437514
2020-12-30,798778.4918926279,798778.4918926279,771624.2455454916,0.8724027946369876,9,887762.2411167354
2020-12-31,802343.845844764,802343.845844764,775636.6856128826,0.9956834723753741,10,892379.5556056161
2021-01-01,807888.3716016,807888.3716016,781181.2113697185,0.9957130966396118,10,898759.5568702419
2021-01-04,820770.3961987679,820770.3961987679,794063.2359668865,0.995780379761408,10,913581.4483710425
2021-01-05,827330.5117383187,827330.5117383187,800623.3515064373,0.995813838211091,10,921129.9137571233
2021-01-06,832075.3747754281,832075.3747754281,805368.2145435467,0.9958377095633046,10,926589.9124698177
2021-01-07,837827.7890210336,837827.7890210336,811120.6287891521,0.9958662872962423,10,933209.120796655
2021-01-08,850535.4145093148,850535.4145093148,823828.2542774334,0.9959280480084001,10,947830.4261087262
2021-01-11,856981.2387891,856981.2387891,830274.0785572185,0.995958675384853,10,955247.4296425733
2021-01-12,852704.3255810922,852704.3255810922,825997.1653492107,0.9959384052934441,10,950327.7225896129
2021-01-13,862678.205585975,862678.205585975,835971.0453540935,0.9959853635427303,10,961803.8422321911
2021-01-14,871074.3655591195,871074.3655591195,844367.2053272381,0.9960240600435826,10,971464.7724175608
2021-01-15,852425.0088086312,852425.0088086312,825717.8485767498,0.9959370744179855,10,950009.2255308226
2021-01-18,848122.5956006234,848122.5956006234,821415.435368742,0.9959164637364899,10,945060.1601265279
2021-01-19,862124.6532788461,862124.6532788461,835417.4930469646,0.9959827858281681,10,961170.8462848064
2021-01-20,875134.2785229867,875134.2785229867,848427.1182911053,0.9960425051788822,10,976139.7293133897
2021-01-21,857426.4732251351,857426.4732251351,830719.3129932537,0.9959607739168462,10,955767.3769656151
2021-01-22,844614.4801831429,844614.4801831429,817907.3199512615,0.9958995027242649,10,941027.7758833261
2021-01-25,834128.8886914437,834128.8886914437,807421.7284595623,0.9958479565664359,10,928964.7537169836
2021-01-27,833463.1043896859,833463.1043896859,806755.9441578045,0.9958446398445273,10,928199.7121735549
2021-01-28,823343.3103223031,823343.3103223031,796636.1500904217,0.995793565901833,10,916557.526270155
2021-01-29,816535.2056612335,816535.2056612335,785500.6862989814,0.5020247170590333,5,903859.8632424551
2021-02-01,838848.2373995148,838848.2373995148,807813.7180372627,0.5152706628663313,5,929644.5224305254
2021-02-02,840656.3936495148,840656.3936495148,809621.8742872627,0.5163132605163552,5,931837.7598691122
2021-02-03,853414.3061251007,853414.3061251007,822379.7867628486,0.5235440194146356,5,946632.4981961306
2021-02-04,852789.8293184601,852789.8293184601,821755.309956208,0.523195122536376,5,946026.4783883066
2021-02-05,856259.0614961945,856259.0614961945,825224.5421339424,0.525126952396964,5,950132.6300819936
2021-02-08,867116.6322969757,867116.6322969757,836082.1129347236,0.5310730587726136,5,962744.985500038
2021-02-09,867614.2060274445,867614.2060274445,836579.6866651924,0.5313419867429521,5,963430.7080341021
2021-02-10,877419.9831270538,877419.9831270538,846385.4637648017,0.536579565214286,5,974834.9279763376
2021-02-11,885654.5575899445,885654.5575899445,854620.0382276924,0.540888321992157,5,984431.0597223074
2021-02-12,880462.9965547882,880462.9965547882,849428.4771925361,0.5381812164037821,5,978564.5614914461
2021-02-15,884572.6266817413,884572.6266817413,853538.1073194892,0.5403267772418779,5,983411.390504986
2021-02-16,889157.6530489288,889157.6530489288,858123.1336866767,0.5426971261214147,5,988806.4669924966
2021-02-17,888481.0822481476,888481.0822481476,857446.5628858955,0.5423488938655329,5,988139.9623830585
2021-02-18,889767.3564180695,889767.3564180695,858732.8370558174,0.5430104879242615,5,989735.1538964952
2021-02-19,882139.4572481476,882139.4572481476,851104.9378858955,0.5390588792628603,5,981057.6164444161
2021-02-22,871685.9465059601,871685.9465059601,840651.427143708,0.5335311396262908,5,969122.3670083561
2021-02-23,877470.642550882,877470.642550882,846436.1231886299,0.5366063200834268,5,975903.3385255405
2021-02-24,883587.3832735382,883587.3832735382,852552.8639112861,0.5398142189808353,5,983067.9128262054
2021-02-25,888363.5212129913,888363.5212129913,857329.0018507392,0.542288330890475,5,988687.6764787574
2021-02-26,881754.2046228572,881754.2046228572,849838.4127463712,0.8398172812461845,8,980088.9722299072
2021-03-01,893996.1272455378,893996.1272455378,862080.3353690519,0.8420107409141997,8,994245.8544391105
2021-03-02,904013.4396845027,904013.4396845027,872097.6478080167,0.8437614093233058,8,1005837.7450580447
2021-03-03,907487.4386011286,907487.4386011286,875571.6467246427,0.8443595142354605,8,1009883.6238376665
2021-03-04,913885.0273767634,913885.0273767634,881969.2355002775,0.8454490646656931,8,1017301.6063984048
2021-03-05,900593.0297723933,900593.0297723933,868677.2378959074,0.8431680225142388,8,1002009.9146801209
2021-03-08,898363.8455682917,898363.8455682917,866448.0536918058,0.8427788624109757,8,999477.9479628282
2021-03-09,894461.7345911189,894461.7345911189,862545.942714633,0.8420929813910233,8,995016.1726031856
2021-03-10,914225.7001672907,914225.7001672907,882309.9082908048,0.8455066558036467,8,1017853.9179995994
2021-03-12,914045.8936487361,914045.8936487361,882130.1017722501,0.8454762646487245,8,1017685.798707983
2021-03-15,913375.9231744929,913375.9231744929,881460.131298007,0.8453629199265478,8,1016952.2069762613
2021-03-16,919802.095980279,919802.095980279,887886.3041037931,0.8464432877611907,8,1024405.1967199838
2021-03-17,899877.7952142878,899877.7952142878,867962.0033378019,0.8430433704217988,8,1001457.5774305648
2021-03-18,895090.806994073,895090.806994073,863175.015117587,0.8422039588995213,8,995973.8294192135
2021-03-19,908478.0333887263,908478.0333887263,876562.2415122404,0.844529222966185,8,1011459.3708877664
2021-03-22,903287.2478967829,903287.2478967829,871371.456020297,0.8436358023453058,8,1005509.2859833259
2021-03-23,901266.1348596736,901266.1348596736,869350.3429831876,0.8432851515151086,8,1003216.4290593764
2021-03-24,886466.8814111872,886466.8814111872,854551.0895347013,0.8406688521242313,8,986178.2765511607
2021-03-25,871339.9086176081,871339.9086176081,839424.1167411222,0.8379027697776643,8,968761.2372508632
2021-03-26,881027.0401178523,881027.0401178523,849111.2482413664,0.8396850728324934,8,979979.7624638657
2021-03-30,899130.7433649226,899130.7433649226,867214.9514884367,0.842912961422594,8,1000912.1577781384
2021-03-31,902048.60634321,902048.60634321,869929.9459761671,0.5421961663987775,5,1004160.2426660268
2021-04-01,904143.4587602022,904143.4587602022,872024.7983931593,0.5432568735885889,5,1006692.9603449182
2021-04-05,901646.561421335,901646.561421335,869527.9010542921,0.5419920313037309,5,1003925.6998593662
2021-04-06,904931.8593949678,904931.8593949678,872813.1990279249,0.5436548003131804,5,1007833.2896224527
2021-04-07,916219.203633249,916219.203633249,884100.5432662062,0.5492767359154102,5,1020980.2650823911
2021-04-08,924187.3586625459,924187.3586625459,892068.698295503,0.5531627800274331,5,1030296.1010158918
2021-04-09,932160.7612504365,932160.7612504365,900042.1008833937,0.5569848815298777,5,1039619.0722675471
2021-04-12,904952.9142655733,904952.9142655733,872834.2538985304,0.5436654177596567,5,1008310.4503639957
2021-04-13,898260.7580766084,898260.7580766084,866142.0977095655,0.5402656674406987,5,1000695.4339248
2021-04-15,902954.0197343233,902954.0197343233,870835.3593672804,0.5426552171504067,5,1006232.1680509798
2021-04-16,911239.3607987764,911239.3607987764,879120.7004317335,0.5468135729820023,5,1015919.6788689131
2021-04-19,914248.8620194795,914248.8620194795,882130.2016524366,0.5483053605706728,5,1019512.1749807124
2021-04-20,914571.0013017061,914571.0013017061,882452.3409346632,0.5484644609431143,5,1019999.5387095602
2021-04-22,917732.1197709444,917732.1197709444,885613.4594039015,0.5500197702771566,5,1023768.0917311929
2021-04-23,924288.7058305147,924288.7058305147,892170.0454634718,0.5532117752023191,5,1031461.817737615
2021-04-26,928101.61024946,928101.61024946,895982.9498824171,0.5550473078399641,5,1035984.7255900134
2021-04-27,942712.9104203584,942712.9104203584,910594.2500533155,0.5619437206026797,5,1052992.537506583
2021-04-28,952296.6576127412,952296.6576127412,920177.9972456984,0.5663522424684436,5,1064189.1119978514
2021-04-29,959895.4596146944,959895.4596146944,927776.7992476515,0.5697851198876117,5,1073091.579429309
2021-04-30,968289.6745621448,968289.6745621448,936171.0141951019,0.51328751285512,4,1082931.08987401
2021-05-03,979832.2761246448,979832.2761246448,947713.6157576019,0.5190210740487013,4,1096413.3634295177
2021-05-04,989716.9790055042,989716.9790055042,957598.3186384613,0.5238248046866871,4,1107979.4978082536
2021-05-05,993900.5776383167,993900.5776383167,961781.9172712738,0.5258291559678039,4,1112951.3952653864
2021-05-06,986865.4707047229,986865.4707047229,954746.81033768,0.5224489155078993,4,1104943.3713540952
2021-05-07,975912.9765640979,975912.9765640979,943794.316197055,0.5170894463950246,4,1092401.2396043462
2021-05-10,970180.1821305042,970180.1821305042,938061.5217634613,0.5142359280644905,4,1085898.4029771374
2021-05-11,970464.6674820667,970464.6674820667,938346.0071150238,0.5143783266158356,4,1086359.5204124367
2021-05-12,965665.1826187854,965665.1826187854,933546.5222517425,0.5119647220739716,4,1080935.4798513085
2021-05-14,962956.7741715198,962956.7741715198,930838.1138044769,0.5105920759648711,4,1077931.6842565748
2021-05-17,974580.1716324573,974580.1716324573,942461.5112654144,0.5164290332385493,4,1091522.1208646707
2021-05-18,976539.4711930042,976539.4711930042,944420.8108259613,0.5173992555496981,4,1093922.961226539
2021-05-19,978373.3713394885,978373.3713394885,946254.7109724457,0.5183038606849842,4,1096178.866794965
2021-05-20,972735.5668961292,972735.5668961292,940616.9065290863,0.5155120344919267,4,1089780.5460820727
2021-05-21,973580.973878551,973580.973878551,941462.3135115082,0.515932738593516,4,1090891.8637425487
2021-05-24,976436.2780777698,976436.2780777698,944317.6177107269,0.5173482526574947,4,1094331.9578053611
2021-05-25,980623.073487926,980623.073487926,948504.4131208832,0.5194089466948989,4,1099315.313092669
2021-05-26,979214.7736832385,979214.7736832385,947096.1133161957,0.5187177640200723,4,1097815.3293968271
2021-05-27,983393.3779312854,983393.3779312854,951274.7175642425,0.5207628133776405,4,1102790.401702247
2021-05-28,984312.8779312854,984312.8779312854,952194.2175642425,0.5212104948039218,4,1103988.321225168
2021-05-31,987629.8058224212,987629.8058224212,955511.1454553783,0.9989679106593456,10,1107834.3021689544
2021-06-01,977697.2744961273,977697.2744961273,945578.6141290844,0.9989574255531937,10,1096318.6614199246
2021-06-02,985945.9851894866,985945.9851894866,953827.3248224438,0.9989661480340569,10,1105882.629126068
2021-06-03,988117.0768795501,988117.0768795501,955998.4165125072,0.9989684196144845,10,1108400.1126182424
2021-06-04,990268.9012585174,990268.9012585174,958150.2408914745,0.9989706612074696,10,1110895.2579521793
2021-06-07,997327.0525951873,997327.0525951873,965208.3922281445,0.9989779459080655,10,1119078.8792780573
2021-06-08,1009823.9476833831,1009823.9476833831,977705.2873163403,0.9989905941551096,10,1133568.272411577
2021-06-09,997382.5740795623,997382.5740795623,965263.9137125195,0.9989780028029439,10,1119143.8201000344
2021-06-10,1009252.3474407684,1009252.3474407684,977133.6870737255,0.9989900224679322,10,1132906.1248970118
2021-06-11,1021014.9239025604,1021014.9239025604,988896.2635355175,0.9990016578884021,10,1146544.147318895
2021-06-14,1017915.0801220428,1017915.0801220428,985796.4197549999,0.9989986176499324,10,1142950.4195355594
2021-06-15,1020378.95351987,1020378.95351987,988260.2931528271,0.9990010356528958,10,1145807.3648310236
2021-06-16,1005510.1903591644,1005510.1903591644,973391.5299921215,0.9989862636849679,10,1128568.534580663
2021-06-17,1000492.7646389495,1000492.7646389495,968374.1042719067,0.9989811798434447,10,1122751.5237566442
2021-06-18,987280.342329074,987280.342329074,955161.6819620312,0.9989675453349985,10,1107433.077445155
2021-06-21,993189.9508953582,993189.9508953582,961071.2905283154,0.9989736885736883,10,1114285.0769048366
2021-06-22,998927.8548870574,998927.8548870574,966809.1945200146,0.9989795837706247,10,1120938.0005446784
2021-06-23,990358.8491650115,990358.8491650115,958240.1887979687,0.9989707546956729,10,1111003.2115345355
2021-06-24,996916.7758083831,996916.7758083831,964798.1154413403,0.9989775252861249,10,1118606.8893031965
2021-06-25,1007923.9087811004,1007923.9087811004,975805.2484140575,0.9989886913226074,10,1131369.0696611893
2021-06-28,1013570.5328960906,1013570.5328960906,981451.8725290478,0.9989943253458747,10,1137916.1684505173
2021-06-29,1021878.1862774383,1021878.1862774383,989759.5259103954,0.999002501267969,10,1147548.5221059937
2021-06-30,1046199.5887051116,1046199.5887051116,1014080.9283380688,0.9990256905029341,10,1175747.5596086758
2021-07-01,1048958.3526440153,1048958.3526440153,1016839.6922769725,0.9990282529401359,10,1178946.4162804114
2021-07-02,1056891.7622204314,1056891.7622204314,1024773.1018533885,0.9990355472229623,10,1188144.8708912043
2021-07-05,1056441.5465298186,1056441.5465298186,1024322.8861627757,0.9990351362094287,10,1187623.1672633695
2021-07-06,1049345.9772625456,1049345.9772625456,1017227.3168955027,0.9990286118999943,10,1179396.6917876143
2021-07-07,1047268.3121014129,1047268.3121014129,1015149.65173437,0.9990266847728291,10,1176988.086029401
2021-07-08,1037231.0638256561,1037231.0638256561,1005112.4034586132,0.9990172660358414,10,1165350.9563211426
2021-07-09,1048273.9429531585,1048273.9429531585,1016155.2825861156,0.999027618494236,10,1178154.6132742234
2021-07-12,1050410.8503246794,1050410.8503246794,1018292.1899576365,0.9990295966623092,10,1180632.4802695161
2021-07-13,1053293.1151180754,1053293.1151180754,1021174.4547510325,0.9990322521048782,10,1183974.5330211439
2021-07-14,1060223.5356350432,1060223.5356350432,1028104.8752680003,0.9990385780348753,10,1192010.1158518652
2021-07-15,1071589.7709866057,1071589.7709866057,1039471.1106195628,0.9990487757323745,10,1205188.6924718411
2021-07-16,1067955.2090054045,1067955.2090054045,1035836.5486383616,0.999045538439715,10,1200974.9782937528
2021-07-19,1057213.0123653898,1057213.0123653898,1025094.351998347,0.9990358402865085,10,1188520.494409179
2021-07-20,1045437.2265606414,1045437.2265606414,1013318.5661935986,0.9990249800091247,10,1174867.6381201046
2021-07-22,1060921.2092037688,1060921.2092037688,1028802.5488367259,0.9990392102766361,10,1192820.4484243523
2021-07-23,1073705.2372799406,1073705.2372799406,1041586.5769128978,0.9990506498807028,10,1207642.8662874275
2021-07-26,1080931.9854183684,1080931.9854183684,1048813.3250513256,0.9990569969166865,10,1216022.0327343151
2021-07-27,1074487.4883633147,1074487.4883633147,1042368.8279962718,0.999051341028964,10,1208550.399956891
2021-07-28,1070702.168539096,1070702.168539096,1038583.508172053,0.9990479871760299,10,1204161.886101379
2021-07-29,1085943.5517941008,1085943.5517941008,1053824.891427058,0.999061348821108,10,1221833.4416928212
2021-07-30,1086121.7587725208,1086121.7587725208,1054003.098405478,0.9941912398444381,10,1222041.8335906332
2021-08-02,1091808.330366759,1091808.330366759,1059689.6699997163,0.9942214941753309,10,1228636.7749216387
2021-08-03,1099431.0645586536,1099431.0645586536,1067312.4041916109,0.9942615585462111,10,1237476.5693727192
2021-08-04,1093635.384627013,1093635.384627013,1061516.7242599702,0.9942311478897528,10,1230758.654564221
2021-08-05,1107017.5048967884,1107017.5048967884,1074898.8445297456,0.9943008843414497,10,1246276.093792536
2021-08-06,1103580.6053453968,1103580.6053453968,1071461.944978354,0.9942831354901602,10,1242293.0104646385
2021-08-09,1105328.6028582142,1105328.6028582142,1073209.9424911714,0.9942921762993082,10,1244321.476298557
2021-08-10,1096364.3094469593,1096364.3094469593,1064245.6490799165,0.9942455069523113,10,1233929.7144123055
2021-08-11,1095443.7237993763,1095443.7237993763,1063325.0634323335,0.9942406710090367,10,1232864.1261128227
2021-08-12,1108935.035811095,1108935.035811095,1076816.3754440523,0.9943107390489903,10,1248508.2778551779
2021-08-13,1124543.7112108753,1124543.7112108753,1092425.0508438325,0.9943897060349453,10,1266607.413425863
2021-08-16,1141092.1214129017,1141092.1214129017,1108973.461045859,0.9944710679549389,10,1285796.1450092122
2021-08-17,1156373.975477843,1156373.975477843,1124255.3151108003,0.994544134570445,10,1303516.4008124196
2021-08-18,1155194.7295214222,1155194.7295214222,1123076.0691543794,0.9945385651135542,10,1302150.904860074
2021-08-20,1124161.5987688587,1124161.5987688587,1092042.938401816,0.9943877990465463,10,1266171.3580392217
2021-08-23,1114841.0138536976,1114841.0138536976,1082722.3534866548,0.9943408784588593,10,1255366.378173449
2021-08-24,1115017.4288775013,1115017.4288775013,1082898.7685104585,0.9943417738296719,10,1255572.6985138513
2021-08-25,1120845.2593065784,1120845.2593065784,1088726.5989395357,0.9943711937539444,10,1262331.5736532786
2021-08-26,1123008.3423906849,1123008.3423906849,1090889.6820236421,0.9943820356819293,10,1264841.3477186302
2021-08-27,1138539.5898729847,1138539.5898729847,1106420.929505942,0.994458672449721,10,1282850.93684518
2021-08-30,1164519.749281554,1164519.749281554,1132401.0889145113,0.9945822981530894,10,1312975.6324777794
2021-08-31,1171384.0932945067,1171384.0932945067,1139265.432927464,0.8910994852832828,9,1320970.3121945653
2021-09-01,1171845.967470532,1171845.967470532,1139727.3071034893,0.8911424075929547,9,1321541.7915978415
2021-09-02,1189209.3734000975,1189209.3734000975,1157090.7130330547,0.8927318153185888,9,1341710.5171227108
2021-09-03,1193232.6634086424,1193232.6634086424,1161114.0030415996,0.8930934975193012,9,1346411.59337755
2021-09-06,1202323.730211621,1202323.730211621,1170205.0698445782,0.89390184399979,9,1356989.1706891067
2021-09-07,1207490.0253013426,1207490.0253013426,1175371.3649342998,0.8943557892671521,9,1363015.921651462
2021-09-08,1202797.9265922362,1202797.9265922362,1170679.2662251934,0.8939436726066183,9,1357610.8724561518
2021-09-09,1208106.1681999022,1208106.1681999022,1175987.5078328594,0.8944096685800224,9,1363802.550720273
2021-09-13,1223523.2026084715,1223523.2026084715,1191404.5422414287,0.8957401621654677,9,1381717.3521762153
2021-09-14,1224156.4314750487,1224156.4314750487,1192037.771108006,0.8957940934582698,9,1382487.7177531207
2021-09-15,1232763.9873222166,1232763.9873222166,1200645.3269551739,0.8965216927144024,9,1392506.2434091566
2021-09-16,1230686.9122489744,1230686.9122489744,1198568.2518819317,0.8963470486107356,9,1390133.3299754688
2021-09-17,1232045.1237510496,1232045.1237510496,1199926.4633840069,0.8964613160414383,9,1391744.5953033355
2021-09-20,1222548.2531760985,1222548.2531760985,1190429.5928090557,0.8956570177419637,9,1380765.86642576
2021-09-21,1223415.1322959715,1223415.1322959715,1191296.4719289287,0.8957309523780794,9,1381807.332629372
2021-09-22,1236645.3619560057,1236645.3619560057,1204526.701588963,0.8968464730349387,9,1397188.9512720504
2021-09-23,1261705.970003491,1261705.970003491,1229587.3096364483,0.8988953577746851,9,1426293.272062242
2021-09-24,1267938.0333045775,1267938.0333045775,1235819.3729375347,0.8993922988820826,9,1433558.1876924704
2021-09-27,1247109.6092704588,1247109.6092704588,1214990.948903416,0.8977120136494096,9,1409433.7346434258
2021-09-28,1234501.5321067625,1234501.5321067625,1202382.8717397198,0.8966673370805385,9,1394844.3062326899
2021-09-29,1237591.1306785399,1237591.1306785399,1205472.470311497,0.8969253030919779,9,1398464.3799911267
2021-09-30,1249534.3216960395,1249534.3216960395,1205703.5179974881,0.954579306446668,10,1398748.293037291
2021-10-01,1246849.747523066,1246849.747523066,1203018.9438245145,0.9544815118077598,10,1395649.805466051
2021-10-04,1278273.016764399,1278273.016764399,1234442.2130658475,0.9556004744168146,10,1432120.1464585105
2021-10-05,1282649.8586680854,1282649.8586680854,1238819.054969534,0.9557519808491921,10,1437213.7135799108
2021-10-06,1295429.0922267402,1295429.0922267402,1251598.2885281888,0.9561884815998924,10,1452055.2558621864
2021-10-07,1310669.0682780708,1310669.0682780708,1266838.2645795194,0.9566979057614524,10,1469751.7934110304
2021-10-08,1325238.777384516,1325238.777384516,1281407.9736859647,0.9571739700960629,10,1486670.9109139666
2021-10-11,1323348.0135447944,1323348.0135447944,1279517.209846243,0.9571127814231571,10,1484493.2095918297
2021-10-12,1313507.1082408393,1313507.1082408393,1269676.304542288,0.9567914667883776,10,1473091.8429776174
2021-10-13,1323965.7270762885,1323965.7270762885,1280134.9233777372,0.9571327910160803,10,1485241.8253746517
2021-10-14,1352254.5991160835,1352254.5991160835,1308423.795417532,0.9580295637025567,10,1518078.8016902949
2021-10-18,1351004.1839091743,1351004.1839091743,1307173.380210623,0.9579907181738662,10,1516643.9654348448
2021-10-19,1348054.6896922553,1348054.6896922553,1304223.885993704,0.9578988034060526,10,1513237.7824199845
2021-10-20,1312103.3869731391,1312103.3869731391,1268272.5832745878,0.9567452412107155,10,1471541.3113234795
2021-10-21,1277317.6634776557,1277317.6634776557,1233486.8597791044,0.9555672663637919,10,1431196.748040283
2021-10-22,1269641.0238597358,1269641.0238597358,1225810.2201611844,0.9552986124081034,10,1422305.6451797623
2021-10-25,1251056.2358806098,1251056.2358806098,1207225.4321820585,0.9546345608755331,10,1400757.8717439922
2021-10-26,1274516.503092524,1274516.503092524,1230685.6993939725,0.9554696111251482,10,1427994.6855788778
2021-10-27,1270547.040049311,1270547.040049311,1226716.2363507596,0.955330488583938,10,1423404.7631956097
2021-10-28,1249277.6467692817,1249277.6467692817,1205446.8430707303,0.9545699743712712,10,1398741.2519724607
2021-10-29,1240543.9762405013,1240543.9762405013,1197407.796876327,0.9889305406831913,10,1389417.0077635339
2021-11-01,1264237.131864891,1264237.131864891,1221100.9525007166,0.9891379941866999,10,1416913.2291941503
2021-11-02,1270736.9733871077,1270736.9733871077,1227600.7940229333,0.9891935535336602,10,1424459.1937175337
2021-11-03,1274892.1034835433,1274892.1034835433,1231755.924119369,0.9892287739188405,10,1429284.4763525147
2021-11-04,1283596.2503799056,1283596.2503799056,1240460.0710157312,0.9893018142802754,10,1439388.2713641918
2021-11-08,1295946.275877342,1295946.275877342,1252810.0965131677,0.9894037651627111,10,1453722.6388060679
2021-11-09,1316043.36637722,1316043.36637722,1272907.1870130457,0.9895655785922101,10,1477046.4810231642
2021-11-10,1327915.2232040022,1327915.2232040022,1284779.0438398279,0.9896588646355199,10,1490826.0746137248
2021-11-11,1330996.2897323226,1330996.2897323226,1287860.1103681482,0.9896828028886031,10,1494405.1128340692
2021-11-12,1345118.8401015853,1345118.8401015853,1301982.660737411,0.9897911242736966,10,1510796.4288771958
2021-11-15,1353886.7867721175,1353886.7867721175,1310750.607407943,0.9898572382788032,10,1520974.4207406412
2021-11-16,1359042.2142394637,1359042.2142394637,1315906.0348752893,0.9898957141052525,10,1526960.5388457756
2021-11-17,1362009.0863402938,1362009.0863402938,1318872.9069761194,0.9899177243284004,10,1530407.1070502019
2021-11-18,1334052.9152663802,1334052.9152663802,1290916.7359022058,0.989706441987,10,1497970.9792484893
2021-11-22,1277146.5259765242,1277146.5259765242,1234010.3466123499,0.9892477873161761,10,1431941.2186055495
2021-11-23,1303696.2092879866,1303696.2092879866,1260560.0299238123,0.9894667553852855,10,1462753.1464304973
2021-11-24,1302300.2359374617,1302300.2359374617,1259164.0565732874,0.989455464495235,10,1461137.1146956796
2021-11-25,1300681.3487151717,1300681.3487151717,1257545.1693509973,0.9894423402862883,10,1459262.4094076187
2021-11-26,1262946.6442321395,1262946.6442321395,1219810.464867965,0.9891268953138909,10,1415478.8140192751
2021-11-29,1250958.0223449324,1250958.0223449324,1207821.842980758,0.989022692344252,10,1401570.9949896932
2021-11-30,1280592.8282434437,1280592.8282434437,1236525.3329401263,0.5858298108738151,5,1435023.9523085542
2021-12-01,1294146.2183191273,1294146.2183191273,1250078.72301581,0.5901673502117099,5,1450900.0488773463
2021-12-02,1306152.4380151723,1306152.4380151723,1262084.9427118548,0.5939345527898773,5,1464982.2806437172
2021-12-03,1307997.897884557,1307997.897884557,1263930.4025812396,0.5945074722788015,5,1467272.892299719
2021-12-06,1287955.3896753285,1287955.3896753285,1243887.894372011,0.5881974033270487,5,1444156.9388406293
2021-12-07,1299234.9862939809,1299234.9862939809,1255167.4909906634,0.5917725588808829,5,1457399.9241431472
2021-12-08,1310126.9126245473,1310126.9126245473,1266059.4173212298,0.5951664157446257,5,1470194.2168472116
2021-12-09,1312057.561519811,1312057.561519811,1267990.0662164935,0.5957621148474173,5,1472584.6927000445
2021-12-10,1316277.2641870473,1316277.2641870473,1272209.7688837298,0.5970580148288166,5,1477633.559873424
2021-12-13,1316129.1880762074,1316129.1880762074,1272061.69277289,0.5970126803110514,5,1477610.3998469317
2021-12-14,1323965.709377477,1323965.709377477,1279898.2140741595,0.5993979525975737,5,1486861.1443007702
2021-12-15,1312906.3882104848,1312906.3882104848,1268838.8929071673,0.5960234647116424,5,1474163.6245601347
2021-12-16,1321874.7077295277,1321874.7077295277,1277807.2124262103,0.5987642620243354,5,1484731.0372835195
2021-12-17,1307022.4929773305,1307022.4929773305,1262954.997674013,0.594204861265213,5,1467624.2872871538
2021-12-20,1269824.5323144887,1269824.5323144887,1225757.0370111712,0.5823175876902442,5,1424551.3862498591
2021-12-21,1284086.8224756215,1284086.8224756215,1240019.327172304,0.5869567660193846,5,1441273.8069740958
2021-12-22,1300468.1887475941,1300468.1887475941,1256400.6934442767,0.5921596710658454,5,1460460.7722815368
2021-12-23,1308644.0844995473,1308644.0844995473,1264576.5891962298,0.5947076977235926,5,1470112.5052643518
2021-12-24,1315565.584804723,1315565.584804723,1271498.0895014056,0.5968400359561314,5,1478307.1123202033
2021-12-27,1320853.4142724965,1320853.4142724965,1276785.918969179,0.5984540236364161,5,1484603.3679050617
2021-12-28,1339704.8825952504,1339704.8825952504,1295637.387291933,0.6041043212145539,5,1506670.112566934
2021-12-29,1345420.4847070668,1345420.4847070668,1301352.9894037494,0.6057861613555695,5,1513465.1155992069
2021-12-30,1364518.8478662465,1364518.8478662465,1320451.352562929,0.611303739265599,5,1535823.4176127936
2021-12-31,1379421.2063257191,1379421.2063257191,1335353.7110224017,0.6155029577369097,5,1553304.0128011836
2022-01-03,1380462.3378564809,1380462.3378564809,1336394.8425531634,0.6157929417395203,5,1554664.2295869552
2022-01-04,1381815.23202152,1381815.23202152,1337747.7367182025,0.616169107434645,5,1556387.22892351
2022-01-05,1370868.1145288441,1370868.1145288441,1326800.6192255267,0.6131040117965605,5,1543801.4294767582
2022-01-06,1371950.6028100941,1371950.6028100941,1327883.1075067767,0.6134092781614245,5,1545210.1245929112
2022-01-07,1395448.5494043324,1395448.5494043324,1351381.054101015,0.6199190761324558,5,1572700.631252035
2022-01-10,1416719.169948766,1416719.169948766,1372651.6746454486,0.6256256108354885,5,1597601.9569547777
2022-01-11,1407057.721157262,1407057.721157262,1362990.2258539447,0.6230549991716055,5,1586507.6996498452
2022-01-12,1414606.4276391957,1414606.4276391957,1370538.9323358783,0.625066475378337,5,1595442.9902421813
2022-01-13,1423378.882412145,1423378.882412145,1379311.3871088275,0.62737723566026,5,1605803.5797119495
2022-01-14,1413279.499599645,1413279.499599645,1369212.0042963275,0.6247144503139892,5,1594196.427691814
2022-01-17,1428836.0422632191,1428836.0422632191,1384768.5469599017,0.6288003954413713,5,1612457.0709679644
2022-01-18,1416938.73202152,1416938.73202152,1372871.2367182025,0.6256836221065571,5,1598754.4138153824
2022-01-19,1432901.4316064809,1432901.4316064809,1388833.9363031634,0.6298535529603109,5,1617491.4133084116
2022-01-20,1452988.6679346059,1452988.6679346059,1408921.1726312884,0.63497074301264,5,1641033.3774827565
2022-01-21,1431949.9569360707,1431949.9569360707,1387882.4616327533,0.6296076051413981,5,1616680.5664790848
2022-01-24,1391102.776943395,1391102.776943395,1347035.2816400775,0.6187317122372442,5,1569253.6165293225
2022-01-25,1397391.7931787465,1397391.7931787465,1353324.297875429,0.6204476250281088,5,1576728.9846033456
2022-01-27,1374081.3657495473,1374081.3657495473,1330013.8704462298,0.6140087573504759,5,1549722.6168231983
2022-01-28,1401387.2528955434,1401387.2528955434,1357319.757592226,0.6215297571949895,5,1581685.8311965594
2022-01-31,1428360.374233434,1428360.374233434,1384292.8789301165,0.6286767797294385,5,1613264.4204783544
2022-02-01,1421692.7784082387,1421692.7784082387,1377625.2831049212,0.6269353112554648,5,1605644.3801533338
2022-02-02,1427966.457485387,1427966.457485387,1383898.9621820697,0.6285743470464882,5,1613105.5071803194
2022-02-03,1410928.3839380238,1410928.3839380238,1366860.8886347064,0.6240890892088534,5,1593397.0781708602
2022-02-04,1416768.9723779652,1416768.9723779652,1372701.4770746478,0.6256387708879557,5,1600354.739897099
2022-02-07,1423112.7284204457,1423112.7284204457,1379045.2331171283,0.6273075468477392,5,1607899.6340189974
2022-02-08,1413069.0420801137,1413069.0420801137,1369001.5467767962,0.6246585566077718,5,1596340.0208325426
2022-02-09,1421842.0956079457,1421842.0956079457,1377774.6003046283,0.6269744892871217,5,1606718.7688742615
2022-02-10,1420911.5240137074,1420911.5240137074,1376844.02871039,0.6267301905124767,5,1605783.4582829536
2022-02-11,1386910.1345483754,1386910.1345483754,1342842.639245058,0.6175791346135532,5,1566281.8510368767
2022-02-14,1331852.0039941762,1331852.0039941762,1287784.5086908587,0.6017700373039779,5,1502218.3417011146
2022-02-15,1367512.1385156605,1367512.1385156605,1323444.643212343,0.6121545404028974,5,1543961.9961634683
2022-02-16,1359840.617641637,1359840.617641637,1315773.1223383197,0.6099665159384167,5,1535162.7252632154
2022-02-17,1345713.316860387,1345713.316860387,1301645.8215570697,0.605871943732687,5,1518831.0852611181
2022-02-18,1338741.6147119496,1338741.6147119496,1294674.1194086322,0.6038194614714035,5,1510846.5157473837
2022-02-21,1316285.582485387,1316285.582485387,1272218.0871820697,0.5970605612303657,5,1484793.1414387356
2022-02-22,1320926.410976598,1320926.410976598,1276858.9156732806,0.5984762137694744,5,1490358.410389891
2022-02-23,1326255.367641637,1326255.367641637,1282187.8723383197,0.600089555294048,5,1496727.3663346265
2022-02-24,1274451.8935205434,1274451.8935205434,1230384.398217226,0.5838341356282244,5,1436411.6594889024
2022-02-25,1313877.4231225941,1313877.4231225941,1269809.9278192767,0.5963220278139032,5,1482583.8966549113
2022-02-28,1313902.2340288963,1313902.2340288963,1196873.0748450786,0.0,0,1397796.0233890358
2022-03-02,1313902.2340288963,1313902.2340288963,1196873.0748450786,0.0,0,1398145.376260452
2022-03-03,1313902.2340288963,1313902.2340288963,1196873.0748450786,0.0,0,1398494.8164460587
2022-03-04,1313902.2340288963,1313902.2340288963,1196873.0748450786,0.0,0,1398844.343967679
2022-03-07,1313902.2340288963,1313902.2340288963,1196873.0748450786,0.0,0,1399193.9588471407
2022-03-08,1313902.2340288963,1313902.2340288963,1196873.0748450786,0.0,0,1399543.6611062773
2022-03-09,1313902.2340288963,1313902.2340288963,1196873.0748450786,0.0,0,1399893.4507669276
2022-03-10,1313902.2340288963,1313902.2340288963,1196873.0748450786,0.0,0,1400243.327850936
2022-03-11,1313902.2340288963,1313902.2340288963,1196873.0748450786,0.0,0,1400593.2923801525
2022-03-14,1313902.2340288963,1313902.2340288963,1196873.0748450786,0.0,0,1400943.344376432
2022-03-15,1313902.2340288963,1313902.2340288963,1196873.0748450786,0.0,0,1401293.4838616357
2022-03-16,1313902.2340288963,1313902.2340288963,1196873.0748450786,0.0,0,1401643.7108576295
2022-03-17,1313902.2340288963,1313902.2340288963,1196873.0748450786,0.0,0,1401994.0253862853
2022-03-21,1313902.2340288963,1313902.2340288963,1196873.0748450786,0.0,0,1402344.42746948
2022-03-22,1313902.2340288963,1313902.2340288963,1196873.0748450786,0.0,0,1402694.9171290963
2022-03-23,1313902.2340288963,1313902.2340288963,1196873.0748450786,0.0,0,1403045.4943870225
2022-03-24,1313902.2340288963,1313902.2340288963,1196873.0748450786,0.0,0,1403396.1592651517
2022-03-25,1313902.2340288963,1313902.2340288963,1196873.0748450786,0.0,0,1403746.9117853835
2022-03-28,1313902.2340288963,1313902.2340288963,1196873.0748450786,0.0,0,1404097.751969622
2022-03-29,1313902.2340288963,1313902.2340288963,1196873.0748450786,0.0,0,1404448.6798397773
2022-03-30,1313902.2340288963,1313902.2340288963,1196873.0748450786,0.0,0,1404799.6954177648
2022-03-31,1312378.4151806775,1312378.4151806775,1195349.2559968599,0.9788289900977012,10,1403018.5845482636
2022-04-01,1321138.2916455213,1321138.2916455213,1204109.1324617036,0.9789693655849253,10,1413307.6984584504
2022-04-04,1334817.572346205,1334817.572346205,1217788.4131623872,0.9791848886327464,10,1429370.931793294
2022-04-05,1363470.27162599,1363470.27162599,1246441.1124421724,0.979622308603605,10,1463009.124028981
2022-04-06,1360927.6815380994,1360927.6815380994,1243898.5223542817,0.9795842374284343,10,1460032.2262793563
2022-04-07,1337009.489216322,1337009.489216322,1219980.3300325044,0.9792190132923896,10,1431965.7093577322
2022-04-08,1358580.7686963025,1358580.7686963025,1241551.6095124849,0.9795489697311002,10,1457292.5618803366
2022-04-11,1348012.610249037,1348012.610249037,1230983.4510652192,0.9793886376046436,10,1444895.5112139594
2022-04-12,1318165.7661938611,1318165.7661938611,1201136.6070100435,0.978921940520744,10,1409869.6942889348
2022-04-13,1317707.5947461072,1317707.5947461072,1200678.4355622896,0.978914611607208,10,1409339.3318398667
2022-04-18,1308934.7597851697,1308934.7597851697,1191905.600601352,0.9787732916284434,10,1399049.379341214
2022-04-19,1300226.3246045057,1300226.3246045057,1183197.165420688,0.9786311229840662,10,1388834.9588848944
2022-04-20,1296610.9256176893,1296610.9256176893,1179581.7664338716,0.9785715391761663,10,1384598.6473821197
2022-04-21,1310511.1140332166,1310511.1140332166,1193481.954849399,0.9787988242710552,10,1400922.0909413379
2022-04-22,1290592.841511244,1290592.841511244,1173563.6823274263,0.9784716174383714,10,1377549.3439793687
2022-04-25,1262435.3771557752,1262435.3771557752,1145406.2179719575,0.977991446591151,10,1344505.202792387
2022-04-26,1271026.6314282361,1271026.6314282361,1153997.4722444185,0.9781402090748229,10,1354597.1680846442
2022-04-27,1269571.7339672986,1269571.7339672986,1152542.574783481,0.9781151583010362,10,1352896.7746479155
2022-04-28,1276737.1234631483,1276737.1234631483,1159707.9642793306,0.9782379818736779,10,1361315.130236866
2022-04-29,1258213.0843022647,1258213.0843022647,1141183.925118447,0.0,0,1339911.0508255572
2022-05-02,1258213.0843022647,1258213.0843022647,1141183.925118447,0.0,0,1340245.936434913
2022-05-04,1258213.0843022647,1258213.0843022647,1141183.925118447,0.0,0,1340580.9057426394
2022-05-05,1258213.0843022647,1258213.0843022647,1141183.925118447,0.0,0,1340915.9587696549
2022-05-06,1258213.0843022647,1258213.0843022647,1141183.925118447,0.0,0,1341251.0955368835
2022-05-09,1258213.0843022647,1258213.0843022647,1141183.925118447,0.0,0,1341586.3160652549
2022-05-10,1258213.0843022647,1258213.0843022647,1141183.925118447,0.0,0,1341921.620375703
2022-05-11,1258213.0843022647,1258213.0843022647,1141183.925118447,0.0,0,1342257.0084891682
2022-05-12,1258213.0843022647,1258213.0843022647,1141183.925118447,0.0,0,1342592.480426595
2022-05-13,1258213.0843022647,1258213.0843022647,1141183.925118447,0.0,0,1342928.0362089342
2022-05-16,1258213.0843022647,1258213.0843022647,1141183.925118447,0.0,0,1343263.6758571407
2022-05-17,1258213.0843022647,1258213.0843022647,1141183.925118447,0.0,0,1343599.3993921753
2022-05-18,1258213.0843022647,1258213.0843022647,1141183.925118447,0.0,0,1343935.206835004
2022-05-19,1258213.0843022647,1258213.0843022647,1141183.925118447,0.0,0,1344271.098206598
2022-05-20,1258213.0843022647,1258213.0843022647,1141183.925118447,0.0,0,1344607.073527934
2022-05-23,1258213.0843022647,1258213.0843022647,1141183.925118447,0.0,0,1344943.1328199932
2022-05-24,1258213.0843022647,1258213.0843022647,1141183.925118447,0.0,0,1345279.2761037627
2022-05-25,1258213.0843022647,1258213.0843022647,1141183.925118447,0.0,0,1345615.5034002345
2022-05-26,1258213.0843022647,1258213.0843022647,1141183.925118447,0.0,0,1345951.8147304063
2022-05-27,1258213.0843022647,1258213.0843022647,1141183.925118447,0.0,0,1346288.2101152807
2022-05-30,1258213.0843022647,1258213.0843022647,1141183.925118447,0.0,0,1346624.6895758654
2022-05-31,1258213.0843022647,1258213.0843022647,1141183.925118447,0.0,0,1346961.2531331736
2022-06-01,1258213.0843022647,1258213.0843022647,1141183.925118447,0.0,0,1347297.9008082238
2022-06-02,1258213.0843022647,1258213.0843022647,1141183.925118447,0.0,0,1347634.6326220394
2022-06-03,1258213.0843022647,1258213.0843022647,1141183.925118447,0.0,0,1347971.4485956496
2022-06-06,1258213.0843022647,1258213.0843022647,1141183.925118447,0.0,0,1348308.3487500884
2022-06-07,1258213.0843022647,1258213.0843022647,1141183.925118447,0.0,0,1348645.3331063953
2022-06-08,1258213.0843022647,1258213.0843022647,1141183.925118447,0.0,0,1348982.4016856148
2022-06-09,1258213.0843022647,1258213.0843022647,1141183.925118447,0.0,0,1349319.5545087974
2022-06-10,1258213.0843022647,1258213.0843022647,1141183.925118447,0.0,0,1349656.7915969975
2022-06-13,1258213.0843022647,1258213.0843022647,1141183.925118447,0.0,0,1349994.112971276
2022-06-14,1258213.0843022647,1258213.0843022647,1141183.925118447,0.0,0,1350331.5186526985
2022-06-15,1258213.0843022647,1258213.0843022647,1141183.925118447,0.0,0,1350669.008662336
2022-06-16,1258213.0843022647,1258213.0843022647,1141183.925118447,0.0,0,1351006.583021265
2022-06-17,1258213.0843022647,1258213.0843022647,1141183.925118447,0.0,0,1351344.2417505665
2022-06-20,1258213.0843022647,1258213.0843022647,1141183.925118447,0.0,0,1351681.9848713276
2022-06-21,1258213.0843022647,1258213.0843022647,1141183.925118447,0.0,0,1352019.8124046407
2022-06-22,1258213.0843022647,1258213.0843022647,1141183.925118447,0.0,0,1352357.7243716028
2022-06-23,1258213.0843022647,1258213.0843022647,1141183.925118447,0.0,0,1352695.7207933164
2022-06-24,1258213.0843022647,1258213.0843022647,1141183.925118447,0.0,0,1353033.8016908893
2022-06-27,1258213.0843022647,1258213.0843022647,1141183.925118447,0.0,0,1353371.967085435
2022-06-28,1258213.0843022647,1258213.0843022647,1141183.925118447,0.0,0,1353710.2169980716
2022-06-29,1258213.0843022647,1258213.0843022647,1141183.925118447,0.0,0,1354048.5514499233
2022-06-30,1258213.0843022647,1258213.0843022647,1141183.925118447,0.0,0,1354386.9704621185
2022-07-01,1258213.0843022647,1258213.0843022647,1141183.925118447,0.0,0,1354725.474055792
2022-07-04,1258213.0843022647,1258213.0843022647,1141183.925118447,0.0,0,1355064.0622520829
2022-07-05,1258213.0843022647,1258213.0843022647,1141183.925118447,0.0,0,1355402.7350721362
2022-07-06,1258213.0843022647,1258213.0843022647,1141183.925118447,0.0,0,1355741.492537102
2022-07-07,1258213.0843022647,1258213.0843022647,1141183.925118447,0.0,0,1356080.3346681355
2022-07-08,1258213.0843022647,1258213.0843022647,1141183.925118447,0.0,0,1356419.261486398
2022-07-11,1258213.0843022647,1258213.0843022647,1141183.925118447,0.0,0,1356758.273013055
2022-07-12,1258213.0843022647,1258213.0843022647,1141183.925118447,0.0,0,1357097.3692692781
2022-07-13,1258213.0843022647,1258213.0843022647,1141183.925118447,0.0,0,1357436.5502762436
2022-07-14,1258213.0843022647,1258213.0843022647,1141183.925118447,0.0,0,1357775.8160551332
2022-07-15,1258213.0843022647,1258213.0843022647,1141183.925118447,0.0,0,1358115.1666271344
2022-07-18,1258213.0843022647,1258213.0843022647,1141183.925118447,0.0,0,1358454.6020134396
2022-07-19,1258213.0843022647,1258213.0843022647,1141183.925118447,0.0,0,1358794.1222352465
2022-07-20,1258213.0843022647,1258213.0843022647,1141183.925118447,0.0,0,1359133.727313758
2022-07-21,1258213.0843022647,1258213.0843022647,1141183.925118447,0.0,0,1359473.4172701826
2022-07-22,1258213.0843022647,1258213.0843022647,1141183.925118447,0.0,0,1359813.1921257337
2022-07-25,1258213.0843022647,1258213.0843022647,1141183.925118447,0.0,0,1360153.0519016306
2022-07-26,1258213.0843022647,1258213.0843022647,1141183.925118447,0.0,0,1360492.9966190972
2022-07-27,1258213.0843022647,1258213.0843022647,1141183.925118447,0.0,0,1360833.0262993635
2022-07-28,1258213.0843022647,1258213.0843022647,1141183.925118447,0.0,0,1361173.140963664
2022-07-29,1256733.3508749977,1256733.3508749977,1139704.19169118,0.9925968792857542,10,1359410.6737257037
2022-08-01,1271071.8257285133,1271071.8257285133,1154042.6665446956,0.9926803910575127,10,1376515.7350549337
2022-08-02,1276612.694747068,1276612.694747068,1159583.5355632503,0.9927121602813221,10,1383127.2643369115
2022-08-03,1273614.555129148,1273614.555129148,1156585.3959453304,0.9926950044150503,10,1379553.6706333878
2022-08-04,1289538.1134177223,1289538.1134177223,1172508.9542339046,0.9927852084359973,10,1398549.484086526
2022-08-05,1299398.554045774,1299398.554045774,1182369.3948619564,0.9928399576302605,10,1410313.3589604837
2022-08-08,1326529.2039938942,1326529.2039938942,1209500.0448100765,0.9929863973788632,10,1442676.8836225292
2022-08-10,1329842.443801023,1329842.443801023,1212813.2846172054,0.9930038714394213,10,1446631.3981988712
2022-08-11,1337017.114089109,1337017.114089109,1219987.9549052913,0.9930414139025553,10,1455191.7881628384
2022-08-12,1346690.7270651832,1346690.7270651832,1229661.5678813655,0.993091399149661,10,1466732.9083048
2022-08-16,1369066.8651267067,1369066.8651267067,1252037.705942889,0.9932043138730956,10,1493425.5221259699
2022-08-17,1364635.9706717506,1364635.9706717506,1247606.811487933,0.9931822486713682,10,1488142.9138549431
2022-08-18,1366564.364302732,1366564.364302732,1249535.2051189144,0.9931918693731684,10,1490445.630098915
2022-08-19,1345611.5177145973,1345611.5177145973,1228582.3585307796,0.9930858583033328,10,1465455.649640216
2022-08-22,1335574.8294669166,1335574.8294669166,1218545.670283099,0.9930338993391635,10,1453486.4179827583
2022-08-23,1348580.8231955543,1348580.8231955543,1231551.6640117366,0.9931010818616712,10,1469002.528371079
2022-08-24,1347302.0091696754,1347302.0091696754,1230272.8499858577,0.9930945336392099,10,1467479.6863410545
2022-08-25,1344454.347304441,1344454.347304441,1227425.1881206234,0.9930799073090137,10,1464085.5096626503
2022-08-26,1353073.0713797584,1353073.0713797584,1236043.9121959407,0.9931239865023263,10,1474368.5293098988
2022-08-29,1347478.760573484,1347478.760573484,1230449.6013896663,0.9930954394426325,10,1467698.1101691294
2022-08-30,1369342.3314200416,1369342.3314200416,1252313.172236224,0.9932056809399167,10,1493779.786530855
2022-09-01,1380077.8872061744,1380077.8872061744,1263048.7280223568,0.9932585336027805,10,1506587.8512390477
2022-09-02,1386552.8128653541,1386552.8128653541,1269523.6536815364,0.9932900149090466,10,1514313.7887571456
2022-09-05,1413396.0181418434,1413396.0181418434,1296366.8589580257,0.9934174508893994,10,1546335.40455264
2022-09-06,1414566.2338553444,1414566.2338553444,1297537.0746715267,0.9934228963766588,10,1547733.8059499569
2022-09-07,1418329.535964109,1418329.535964109,1301300.3767802913,0.9934403476299167,10,1552225.3017583103
2022-09-08,1426275.9320975319,1426275.9320975319,1309246.7729137142,0.9934768942721598,10,1561706.5026200835
2022-09-09,1433858.0601340309,1433858.0601340309,1316828.9009502132,0.9935113879394196,10,1570753.2115682953
2022-09-12,1443959.6066123024,1443959.6066123024,1326930.4474284847,0.9935567804947302,10,1582805.1702203408
2022-09-13,1444541.5353995338,1444541.5353995338,1327512.3762157161,0.9935593761244305,10,1583501.8613925762
2022-09-14,1439398.4539481178,1439398.4539481178,1322369.2947643,0.9935363632796556,10,1577369.5772047583
2022-09-15,1441004.5493613258,1441004.5493613258,1323975.3901775081,0.9935435674326846,10,1579287.9308284698
2022-09-16,1415612.8040762916,1415612.8040762916,1298583.644892474,0.993427758865026,10,1549002.2906449994
2022-09-19,1425099.5639792457,1425099.5639792457,1308070.404795428,0.9934715096844409,10,1560321.0031549232
2022-09-20,1455366.9052268043,1455366.9052268043,1338337.7460429866,0.9936072830371966,10,1596427.644729484
2022-09-21,1457472.6525870338,1457472.6525870338,1340443.4934032161,0.9936165191946265,10,1598942.0190285475
2022-09-22,1461617.516356565,1461617.516356565,1344588.3571727474,0.9936346215080003,10,1603888.744984452
2022-09-23,1434602.9834738746,1434602.9834738746,1317573.824290057,0.9935147571771967,10,1571667.1289767814
2022-09-26,1380675.8055869117,1380675.8055869117,1263646.646403094,0.9932614530764583,10,1507342.7748373388
2022-09-27,1379303.5970603004,1379303.5970603004,1262274.4378764827,0.9932547491922916,10,1505708.4750148074
2022-09-28,1373972.1219473854,1373972.1219473854,1256942.9627635677,0.9932285753447752,10,1499351.3545389
2022-09-29,1384747.345717527,1384747.345717527,1267718.1865337093,0.9932812662678727,10,1512207.1574615645
2022-09-30,1407941.130457126,1407941.130457126,1290911.9712733084,0.5704298160796666,5,1540036.392838638
2022-10-03,1395370.765222751,1395370.765222751,1278341.6060389334,0.5665599814520117,5,1525206.98977964
2022-10-04,1412689.6170293917,1412689.6170293917,1295660.457845574,0.5718737342805242,5,1546033.5509630176
2022-10-06,1429314.9637090792,1429314.9637090792,1312285.8045252615,0.5768535657179533,5,1566035.0800055815
2022-10-07,1429812.0470831026,1429812.0470831026,1312782.887899285,0.5770006753032222,5,1566793.8439631094
2022-10-10,1415815.3333379854,1415815.3333379854,1298786.1741541678,0.5728189149261821,5,1550256.1798724164
2022-10-11,1402435.1974737276,1402435.1974737276,1285406.03828991,0.5687433319921366,5,1534452.485727401
2022-10-12,1410837.8771612276,1410837.8771612276,1293808.71797741,0.5713118139580871,5,1544647.583419644
2022-10-13,1407171.7566778292,1407171.7566778292,1290142.5974940115,0.5701949477813884,5,1540436.6176835292
2022-10-14,1407114.824182712,1407114.824182712,1290085.6649988943,0.5701775576767457,5,1540534.1230237938
2022-10-17,1409491.546472751,1409491.546472751,1292462.3872889334,0.5709023357585903,5,1543537.4604517738
2022-10-18,1432146.8409063448,1432146.8409063448,1315117.6817225271,0.5776902807140142,5,1570756.7135783497
2022-10-19,1442983.0505010714,1442983.0505010714,1325953.8913172537,0.5808616531223624,5,1583863.8646106275
2022-10-20,1438550.5963995089,1438550.5963995089,1321521.4372156912,0.5795702063777085,5,1578735.6883594252
2022-10-21,1432523.3174688448,1432523.3174688448,1315494.1582850271,0.5778012664895952,5,1571701.8795408907
2022-10-24,1441959.0966436495,1441959.0966436495,1324929.9374598318,0.5805640175458209,5,1583140.1477215402
2022-10-25,1444013.0951788058,1444013.0951788058,1326983.935994988,0.5811606332527206,5,1585760.1664329567
2022-10-27,1441953.697229587,1441953.697229587,1324924.5380457693,0.5805624469624198,5,1583465.3996896315
2022-10-28,1444520.5453741183,1444520.5453741183,1327491.3861903006,0.5813077686597878,5,1586698.8336315388
2022-10-31,1452863.9342165343,1452863.9342165343,1335834.7750327166,0.9143806075978823,9,1596705.3155814891
2022-11-01,1469405.1247759215,1469405.1247759215,1352375.9655921038,0.9153444307542214,9,1616510.5610834027
2022-11-02,1466068.273572003,1466068.273572003,1349039.1143881853,0.9151517500699393,9,1612556.264513287
2022-11-03,1473852.4663744322,1473852.4663744322,1356823.3071906145,0.9155998784623482,9,1621895.0132145525
2022-11-04,1480892.4888353697,1480892.4888353697,1363863.329651552,0.9160011086365915,9,1630344.438473175
2022-11-07,1492147.6409578673,1492147.6409578673,1375118.4817740496,0.9166347056577344,9,1643832.6697332582
2022-11-09,1489576.3431139342,1489576.3431139342,1372547.1839301165,0.916490800981353,9,1640793.219650361
2022-11-10,1463939.5594530455,1463939.5594530455,1346910.4002692278,0.9150283722525775,9,1610180.9142764173
2022-11-11,1469541.12076286,1469541.12076286,1352511.9615790423,0.9153522650485646,9,1616911.4360974748
2022-11-14,1454312.5595827452,1454312.5595827452,1337283.4003989275,0.9144658921695213,9,1598740.4440285908
2022-11-15,1460211.7210436217,1460211.7210436217,1343182.561859804,0.9148114444652825,9,1605827.0108014364
2022-11-16,1467284.6820421568,1467284.6820421568,1350255.5228583391,0.9152220909732117,9,1614317.0361580797
2022-11-17,1467228.3314943663,1467228.3314943663,1350199.1723105486,0.9152188349826398,9,1614283.871972685
2022-11-18,1448274.8213625303,1448274.8213625303,1331245.6621787127,0.9141093075321566,9,1591657.9088668935
2022-11-21,1437774.3616686217,1437774.3616686217,1320745.202484804,0.9134820242960765,9,1579137.8140926412
2022-11-22,1444156.6652880064,1444156.6652880064,1327127.5061041887,0.9138643816972847,9,1586802.757002532
2022-11-23,1446604.1229524962,1446604.1229524962,1329574.9637686785,0.9140101114625022,9,1589763.2045857569
2022-11-24,1450701.3987017027,1450701.3987017027,1333672.239517885,0.914252976248665,9,1594696.3576686804
2022-11-25,1442288.3843050352,1442288.3843050352,1325259.2251212175,0.9137528051641984,9,1584671.1371141067
2022-11-28,1450751.458035504,1450751.458035504,1333722.2988516863,0.9142559350179708,9,1594824.7688044158
2022-11-29,1446296.805691754,1446296.805691754,1329267.6465079363,0.9139918398484788,9,1589532.3128741512
2022-11-30,1459403.5738018383,1459403.5738018383,1342374.4146180206,0.9953640584447108,10,1605207.1693604982
2022-12-01,1466599.6923778881,1466599.6923778881,1349570.5331940704,0.9953868054733082,10,1613814.1164503782
2022-12-02,1471532.2569530834,1471532.2569530834,1354503.0977692658,0.9954022688651526,10,1619714.323124433
2022-12-05,1469102.4051540722,1469102.4051540722,1352073.2459702545,0.9953946643542415,10,1616810.5715253877
2022-12-06,1472822.2102383007,1472822.2102383007,1355793.051054483,0.9954062957316275,10,1621260.5745293323
2022-12-07,1467046.1432522167,1467046.1432522167,1350016.984068399,0.9953882093587547,10,1614355.4085210252
2022-12-08,1469371.8330715527,1469371.8330715527,1352342.673887735,0.9953955088008033,10,1617138.3350011331
2022-12-09,1470411.0061062207,1470411.0061062207,1353381.846922403,0.9953987628998767,10,1618382.8431659767
2022-12-12,1469900.2578762402,1469900.2578762402,1352871.0986924225,0.9953971641018005,10,1617773.9488753509
2022-12-13,1472181.8931682934,1472181.8931682934,1355152.7339844757,0.9954042977263055,10,1620504.2045753493
2022-12-14,1479135.476717793,1479135.476717793,1362106.3175339752,0.9954259026436587,10,1628821.2168352199
2022-12-15,1464625.356264912,1464625.356264912,1347596.1970810944,0.9953805868205235,10,1611471.7410537237
2022-12-16,1448590.59671291,1448590.59671291,1331561.4375290924,0.9953294535467246,10,1592299.0638147253
2022-12-19,1466327.7852962841,1466327.7852962841,1349298.6261124664,0.9953859500300211,10,1613511.2685505233
2022-12-20,1476039.3513210644,1476039.3513210644,1359010.1921372467,0.9954163080627423,10,1625126.3513982662
2022-12-21,1440614.6437710156,1440614.6437710156,1323585.484587198,0.9953035950988147,10,1582766.8211315032
2022-12-22,1433464.4967068066,1433464.4967068066,1316435.337522989,0.9952801693454781,10,1574218.416494374
2022-12-23,1389640.8663814892,1389640.8663814892,1272611.7071976715,0.9951313250513834,10,1521815.2013454782
2022-12-26,1419096.4397762646,1419096.4397762646,1302067.280592447,0.9952323820396645,10,1557040.5939812243
2022-12-27,1427831.0589779248,1427831.0589779248,1310801.899794107,0.995261547484078,10,1567487.4870588933
2022-12-28,1439929.716372334,1439929.716372334,1322900.5571885162,0.9953013611728421,10,1581957.1845378343
2022-12-29,1442259.1467846264,1442259.1467846264,1325229.9876008087,0.9953089500671158,10,1584744.6297512432
2022-12-30,1451906.112364663,1451906.112364663,1334876.9531808454,0.578150929078134,5,1596447.807922622
2023-01-02,1455076.8827504052,1455076.8827504052,1338047.7235665875,0.5790701839691907,5,1600407.8467447113
2023-01-03,1450409.6852406396,1450409.6852406396,1333380.526056822,0.5777156959171896,5,1594994.4303547763
2023-01-04,1439282.5390004052,1439282.5390004052,1322253.3798165875,0.5744510004323488,5,1581853.7396483046
2023-01-05,1445049.2410267724,1445049.2410267724,1328020.0818429547,0.5761492223395701,5,1588920.1999213109
2023-01-06,1445012.1806019677,1445012.1806019677,1327983.02141815,0.5761383517807716,5,1589044.1829454706
2023-01-09,1451158.1286000146,1451158.1286000146,1334128.969416197,0.5779334915363783,5,1596565.9548245056
2023-01-10,1444732.5021351709,1444732.5021351709,1327703.3429513532,0.576056298545496,5,1589045.5080549773
2023-01-11,1442649.735411538,1442649.735411538,1325620.5762277204,0.5754442471151249,5,1586721.3873785269
2023-01-12,1440489.8247670068,1440489.8247670068,1323460.665583189,0.5748076563707221,5,1584304.669054264
2023-01-13,1438734.9390248193,1438734.9390248193,1321705.7798410016,0.5742890313194475,5,1582372.4762990286
2023-01-16,1436717.8242787255,1436717.8242787255,1319688.6650949079,0.5736913441062813,5,1580126.1447381538
2023-01-17,1436928.4574574365,1436928.4574574365,1319899.2982736188,0.5737538348634493,5,1580546.680238739
2023-01-18,1438011.34551896,1438011.34551896,1320982.1863351422,0.5740748176463285,5,1582011.664198922
2023-01-19,1443128.7075795068,1443128.7075795068,1326099.548395689,0.5755851565075545,5,1588308.0412957496
2023-01-20,1436368.0879506005,1436368.0879506005,1319338.9287667829,0.5735875436771218,5,1580379.9223198146
2023-01-23,1435017.584654702,1435017.584654702,1317988.4254708844,0.5731862444639036,5,1578930.797510469
2023-01-24,1437347.741637124,1437347.741637124,1320318.5824533063,0.5738781737889,5,1581890.4493349427
2023-01-25,1441636.8478382959,1441636.8478382959,1324607.6886544782,0.575145956150316,5,1587197.253822408
2023-01-27,1447498.8792103662,1447498.8792103662,1330469.7200265485,0.5768665155022904,5,1594389.2242460717
2023-01-30,1442430.6239613427,1442430.6239613427,1325401.464777525,0.5753797552600866,5,1588484.8071229646
2023-01-31,1455841.3150013818,1455841.3150013818,1338812.155817564,0.5792912055348353,5,1604724.4572243097
2023-02-01,1443258.6747425927,1443258.6747425927,1326229.515558775,0.5756233755698374,5,1589812.8821518265
2023-02-02,1450839.109190835,1450839.109190835,1333809.9500070172,0.5778406849616784,5,1599067.6432190745
2023-02-03,1459090.1808461084,1459090.1808461084,1342061.0216622907,0.5802279717819505,5,1609127.3882880798
2023-02-06,1466130.6622914209,1466130.6622914209,1349101.5031076032,0.5822437519930481,5,1617736.9152508879
2023-02-07,1456860.4141224755,1456860.4141224755,1339831.2549386579,0.5795854986314969,5,1606790.7425579303
2023-02-08,1458854.769347085,1458854.769347085,1341825.6101632672,0.5801602342905379,5,1609351.0725143538
2023-02-09,1456741.046324624,1456741.046324624,1339711.8871408063,0.579551049164078,5,1606985.043524368
2023-02-10,1454553.8423451318,1454553.8423451318,1337524.683161314,0.578918822572205,5,1604530.612564447
2023-02-13,1453691.2753285302,1453691.2753285302,1336662.1161447125,0.5786689684655419,5,1603664.8170927893
2023-02-14,1461974.473326577,1461974.473326577,1344945.3141427594,0.5810561294048026,5,1613770.526605172
2023-02-15,1466171.1721791162,1466171.1721791162,1349142.0129952985,0.5822552944779993,5,1618974.5436164895
2023-02-16,1489754.0575550927,1489754.0575550927,1372724.898371275,0.5888682152193695,5,1647440.435420599
2023-02-17,1486758.604185952,1486758.604185952,1369729.4450021344,0.5880398856664651,5,1644015.1424614524
2023-02-20,1486552.7722767724,1486552.7722767724,1369523.6130929547,0.5879828446125447,5,1643937.38713127
2023-02-21,1488208.4247425927,1488208.4247425927,1371179.265558775,0.5884412193992588,5,1646093.8831802078
2023-02-22,1478929.7756947412,1478929.7756947412,1361900.6165109235,0.5858591431232151,5,1635125.2929806644
2023-02-23,1475783.4027699365,1475783.4027699365,1358754.2435861188,0.5849761940558338,5,1631517.301624154
2023-02-24,1465572.7186879052,1465572.7186879052,1348543.5595040875,0.5820847121696179,5,1619427.2863483399
2023-02-27,1457212.0315541162,1457212.0315541162,1340182.8723702985,0.5796869423912208,5,1609557.2967369205
2023-02-28,1461396.594531523,1461396.594531523,1315189.3298148979,0.0,0,1579942.3742621653
2023-03-01,1461396.594531523,1461396.594531523,1315189.3298148979,0.0,0,1580337.2511940529
2023-03-02,1461396.594531523,1461396.594531523,1315189.3298148979,0.0,0,1580732.2268180153
2023-03-03,1461396.594531523,1461396.594531523,1315189.3298148979,0.0,0,1581127.301158719
2023-03-06,1461396.594531523,1461396.594531523,1315189.3298148979,0.0,0,1581522.4742408365
2023-03-08,1461396.594531523,1461396.594531523,1315189.3298148979,0.0,0,1581917.7460890461
2023-03-09,1461396.594531523,1461396.594531523,1315189.3298148979,0.0,0,1582313.1167280327
2023-03-10,1461396.594531523,1461396.594531523,1315189.3298148979,0.0,0,1582708.586182487
2023-03-13,1461396.594531523,1461396.594531523,1315189.3298148979,0.0,0,1583104.1544771062
2023-03-14,1461396.594531523,1461396.594531523,1315189.3298148979,0.0,0,1583499.821636594
2023-03-15,1461396.594531523,1461396.594531523,1315189.3298148979,0.0,0,1583895.5876856588
2023-03-16,1461396.594531523,1461396.594531523,1315189.3298148979,0.0,0,1584291.452649017
2023-03-17,1461396.594531523,1461396.594531523,1315189.3298148979,0.0,0,1584687.4165513902
2023-03-20,1461396.594531523,1461396.594531523,1315189.3298148979,0.0,0,1585083.4794175064
2023-03-21,1461396.594531523,1461396.594531523,1315189.3298148979,0.0,0,1585479.6412720995
2023-03-22,1461396.594531523,1461396.594531523,1315189.3298148979,0.0,0,1585875.9021399098
2023-03-23,1461396.594531523,1461396.594531523,1315189.3298148979,0.0,0,1586272.262045684
2023-03-24,1461396.594531523,1461396.594531523,1315189.3298148979,0.0,0,1586668.7210141749
2023-03-27,1461396.594531523,1461396.594531523,1315189.3298148979,0.0,0,1587065.279070141
2023-03-28,1461396.594531523,1461396.594531523,1315189.3298148979,0.0,0,1587461.9362383476
2023-03-29,1461396.594531523,1461396.594531523,1315189.3298148979,0.0,0,1587858.6925435658
2023-03-31,1461396.594531523,1461396.594531523,1315189.3298148979,0.0,0,1588255.548010573
2023-04-03,1461396.594531523,1461396.594531523,1315189.3298148979,0.0,0,1588652.5026641532
2023-04-05,1461396.594531523,1461396.594531523,1315189.3298148979,0.0,0,1589049.5565290956
2023-04-06,1461396.594531523,1461396.594531523,1315189.3298148979,0.0,0,1589446.7096301967
2023-04-10,1461396.594531523,1461396.594531523,1315189.3298148979,0.0,0,1589843.9619922587
2023-04-11,1461396.594531523,1461396.594531523,1315189.3298148979,0.0,0,1590241.3136400897
2023-04-12,1461396.594531523,1461396.594531523,1315189.3298148979,0.0,0,1590638.7645985046
2023-04-13,1461396.594531523,1461396.594531523,1315189.3298148979,0.0,0,1591036.3148923244
2023-04-17,1461396.594531523,1461396.594531523,1315189.3298148979,0.0,0,1591433.9645463754
2023-04-18,1461396.594531523,1461396.594531523,1315189.3298148979,0.0,0,1591831.7135854915
2023-04-19,1461396.594531523,1461396.594531523,1315189.3298148979,0.0,0,1592229.562034512
2023-04-20,1461396.594531523,1461396.594531523,1315189.3298148979,0.0,0,1592627.5099182823
2023-04-21,1461396.594531523,1461396.594531523,1315189.3298148979,0.0,0,1593025.5572616542
2023-04-24,1461396.594531523,1461396.594531523,1315189.3298148979,0.0,0,1593423.7040894863
2023-04-25,1461396.594531523,1461396.594531523,1315189.3298148979,0.0,0,1593821.9504266423
2023-04-26,1461396.594531523,1461396.594531523,1315189.3298148979,0.0,0,1594220.2962979933
2023-04-27,1461396.594531523,1461396.594531523,1315189.3298148979,0.0,0,1594618.7417284152
2023-04-28,1459689.7167422355,1459689.7167422355,1313482.4520256103,0.9857673733546866,10,1592554.8874627845
2023-05-02,1473695.842352587,1473695.842352587,1327488.5776359618,0.9859026414003921,10,1609542.4718201656
2023-05-03,1472198.0612246573,1472198.0612246573,1325990.7965080321,0.9858882990654712,10,1607732.1312158874
2023-05-04,1474097.8178774894,1474097.8178774894,1327890.5531608642,0.9859064856453629,10,1610041.2038175496
2023-05-05,1481235.061896044,1481235.061896044,1335027.7971794188,0.9859743944152912,10,1618700.6158470786
2023-05-08,1486521.8190981925,1486521.8190981925,1340314.5543815673,0.9860242759376388,10,1625116.3814969617
2023-05-09,1484112.6222598136,1484112.6222598136,1337905.3575431884,0.986001588798051,10,1622200.9430181808
2023-05-10,1490804.349005419,1490804.349005419,1344597.0842887938,0.9860644230275719,10,1630320.2651886772
2023-05-11,1487460.9189517081,1487460.9189517081,1341253.654235083,0.9860330994302445,10,1626272.0565118352
2023-05-12,1483659.2008120597,1483659.2008120597,1337451.9360954345,0.9859973107402127,10,1621668.1590758692
2023-05-15,1497510.7424990714,1497510.7424990714,1351303.4777824462,0.9861268315700189,10,1638468.8558500828
2023-05-16,1495620.0609194816,1495620.0609194816,1349412.7962028563,0.9861092938646308,10,1636182.0740085507
2023-05-17,1503178.0437075675,1503178.0437075675,1356970.7789909423,0.9861791363682018,10,1645351.8866923624
2023-05-18,1489727.1619326652,1489727.1619326652,1343519.89721604,0.9860543465358829,10,1629048.1813405182
2023-05-19,1485579.63843413,1485579.63843413,1339372.3737175048,0.9860154122883014,10,1624024.909367253
2023-05-22,1489788.9440371573,1489788.9440371573,1343581.6793205321,0.9860549248673459,10,1629134.465484828
2023-05-23,1495022.4015566886,1495022.4015566886,1348815.1368400634,0.986103740830396,10,1635485.8532362683
2023-05-24,1493073.1600405753,1493073.1600405753,1346865.89532395,0.9860855989429004,10,1633128.0168899784
2023-05-25,1510539.3297793448,1510539.3297793448,1364332.0650627196,0.9862464893519651,10,1654312.05030957
2023-05-26,1527632.658758837,1527632.658758837,1381425.3940422118,0.9864003832090923,10,1675044.0791264805
2023-05-29,1523295.437689501,1523295.437689501,1377088.1729728759,0.9863616615382851,10,1669790.7016579274
2023-05-30,1529380.6278140128,1529380.6278140128,1383173.3630973876,0.9864159265662399,10,1677174.9787943843
2023-05-31,1535189.0269650358,1535189.0269650358,1383254.4264516465,0.9487733385698405,10,1677294.7457500834
2023-06-01,1532735.2996853727,1532735.2996853727,1380800.6991719834,0.9486913307654772,10,1674340.9352678317
2023-06-02,1548705.7975338835,1548705.7975338835,1396771.1970204941,0.9492204338352305,10,1693727.8025841846
2023-06-05,1557659.1682232756,1557659.1682232756,1405724.5677098862,0.9495123130143184,10,1704606.0516454796
2023-06-06,1573730.0746258635,1573730.0746258635,1421795.4741124741,0.9500278924679442,10,1724115.2019991989
2023-06-07,1590957.7031277556,1590957.7031277556,1439023.1026143662,0.9505690136444068,10,1745027.282133575
2023-06-08,1580748.2130230803,1580748.2130230803,1428813.612509691,0.9502497564964917,10,1732668.4708399873
2023-06-09,1588831.772715463,1588831.772715463,1436897.1722020737,0.9505028726979532,10,1742492.533949986
2023-06-12,1595208.5566815275,1595208.5566815275,1443273.9561681382,0.9507007355331442,10,1750246.9848862155
2023-06-13,1611134.0235394377,1611134.0235394377,1459199.4230260483,0.9511880406182056,10,1769581.025767302
2023-06-14,1613685.6598462004,1613685.6598462004,1461751.059332811,0.9512652244036616,10,1772696.9665050982
2023-06-15,1619845.2433422941,1619845.2433422941,1467910.6428289048,0.951450542057112,10,1780188.3359150463
2023-06-16,1639889.850047006,1639889.850047006,1487955.2495336167,0.9520439689815875,10,1804518.492368268
2023-06-19,1638798.1324871916,1638798.1324871916,1486863.5319738023,0.9520120221297307,10,1803216.1541801458
2023-06-20,1647476.2601727385,1647476.2601727385,1495541.6596593491,0.9522648001571882,10,1813762.1976037254
2023-06-21,1643959.6197613615,1643959.6197613615,1492025.0192479722,0.9521626884442272,10,1809518.9737747803
2023-06-22,1630420.0560940641,1630420.0560940641,1478485.4555806748,0.9517654311097994,10,1793120.0866935959
2023-06-23,1615797.7159985441,1615797.7159985441,1463863.1154851548,0.9513289270451569,10,1775407.797052304
2023-06-26,1618855.0253857512,1618855.0253857512,1466920.4248723618,0.9514208454232062,10,1779137.3301827663
2023-06-27,1618585.116694345,1618585.116694345,1466650.5161809556,0.9514127445603561,10,1778831.579478824
2023-06-28,1638186.6153668303,1638186.6153668303,1486252.014853441,0.9519941087432069,10,1802626.6600235656
2023-06-30,1655053.4041958423,1655053.4041958423,1503826.5432867438,0.9278564844139294,10,1823974.7361514363
2023-07-03,1657619.4080639454,1657619.4080639454,1506392.5471548468,0.9279681629688208,10,1827119.851152723
2023-07-04,1651363.9785976978,1651363.9785976978,1500137.1176885993,0.9276953036345295,10,1819565.591188986
2023-07-05,1663284.9886837574,1663284.9886837574,1512058.1277746588,0.9282135221121245,10,1834057.6220083535
2023-07-06,1669939.2204876514,1669939.2204876514,1518712.359578553,0.9284995707649081,10,1842161.676988013
2023-07-07,1657818.2386913868,1657818.2386913868,1506591.3777822882,0.9279768021157541,10,1827492.3771707194
2023-07-10,1650315.705839214,1650315.705839214,1499088.8449301154,0.927649376032167,10,1818424.8655414789
2023-07-11,1670642.292493877,1670642.292493877,1519415.4315847785,0.9285296609586343,10,1843113.9051648835
2023-07-12,1671989.7575436207,1671989.7575436207,1520762.8966345221,0.9285872592683829,10,1844781.3325302294
2023-07-13,1672869.763525066,1672869.763525066,1521642.9026159674,0.9286248256350933,10,1845881.744143327
2023-07-14,1684354.6021404834,1684354.6021404834,1533127.741231385,0.9291115000905117,10,1859846.530249027
2023-07-17,1681830.634138164,1681830.634138164,1530603.7732290656,0.9290051158316736,10,1856817.690224807
2023-07-18,1683001.2253170582,1683001.2253170582,1531774.3644079596,0.9290544954660458,10,1858270.690855496
2023-07-19,1694087.5497570606,1694087.5497570606,1542860.688847962,0.9295187718730921,10,1871752.7896592603
2023-07-20,1692437.3645229908,1692437.3645229908,1541210.5036138922,0.9294500502268013,10,1869783.8378514925
2023-07-21,1693541.5076046558,1693541.5076046558,1542314.6466955573,0.9294960468785538,10,1871156.322828896
2023-07-24,1696658.6437206836,1696658.6437206836,1545431.782811585,0.9296255781896464,10,1874970.9845069775
2023-07-25,1697623.0946179004,1697623.0946179004,1546396.233708802,0.9296655591927744,10,1876174.049190955
2023-07-26,1713469.53804594,1713469.53804594,1562242.6771368415,0.9303160234774009,10,1895432.5128730505
2023-07-27,1700093.5896130176,1700093.5896130176,1548866.728703919,0.9297677658507256,10,1879237.058346285
2023-07-28,1695230.546247539,1695230.546247539,1544003.6853384406,0.9295662933129175,10,1873369.8183777402
2023-07-31,1712920.9940014454,1712920.9940014454,1561694.1330923468,0.9302937079529535,10,1894866.6214816032
2023-08-01,1708732.305448589,1708732.305448589,1557505.4445394904,0.9301228339391431,10,1889817.4092081499
2023-08-02,1690300.631139812,1690300.631139812,1539073.7702307135,0.9293608670187465,10,1867486.486649035
2023-08-03,1680235.7789135547,1680235.7789135547,1529008.9180044562,0.9289377285260602,10,1855307.1303720607
2023-08-04,1682587.2605419727,1682587.2605419727,1531360.3996328742,0.9290370408350044,10,1858193.3355023107
2023-08-07,1679833.6356411548,1679833.6356411548,1528606.7747320563,0.9289207165947662,10,1854885.0246735623
2023-08-08,1677405.9177075,1677405.9177075,1526179.0567984015,0.9288178431941108,10,1851972.1144973077
2023-08-09,1681868.5567226978,1681868.5567226978,1530641.6958135993,0.9290067166163993,10,1857420.2522885115
2023-08-10,1679168.552686748,1679168.552686748,1527941.6917776496,0.9288925636021863,10,1854176.8311229353
2023-08-11,1685908.273946819,1685908.273946819,1534681.4130377204,0.9291768283562334,10,1862388.38991444
2023-08-14,1691514.9027920337,1691514.9027920337,1540288.0418829352,0.9294115760586581,10,1869225.0825218547
2023-08-16,1696797.3976803394,1696797.3976803394,1545570.5367712409,0.9296313329896585,10,1875668.558118145
2023-08-17,1697920.6867199512,1697920.6867199512,1546693.8258108527,0.9296778866084482,10,1877064.7218176539
2023-08-18,1695695.1155224415,1695695.1155224415,1544468.254613343,0.9295855900224171,10,1874396.8068036584
2023-08-21,1703335.5904980274,1703335.5904980274,1552108.7295889289,0.9299014406042729,10,1883702.2753941778
2023-08-22,1722148.1500073047,1722148.1500073047,1570921.2890982062,0.9306671896602651,10,1906566.6042947713
2023-08-23,1734741.479337749,1734741.479337749,1583514.6184286505,0.9311705101402404,10,1921883.440564443
2023-08-24,1729820.8140087696,1729820.8140087696,1578593.953099671,0.9309747170953069,10,1915944.4723586624
2023-08-25,1716795.6161861988,1716795.6161861988,1565568.7552771003,0.9304510275214776,10,1900169.0524038451
2023-08-28,1720561.7793102833,1720561.7793102833,1569334.9184011847,0.9306032642958941,10,1904773.0939256565
2023-08-29,1726261.716749248,1726261.716749248,1575034.8558401496,0.9308324051313444,10,1911724.2950569538
2023-08-30,1735394.023832378,1735394.023832378,1584167.1629232795,0.931196391469817,10,1922841.656352912
2023-08-31,1734409.0023154498,1734409.0023154498,1552262.798352362,0.4274024004685503,5,1884391.728315512
2023-09-01,1737954.2502402544,1737954.2502402544,1555808.0462771666,0.4285704406808899,5,1888964.6582012433
2023-09-04,1737976.5427207232,1737976.5427207232,1555830.3387576353,0.42857777022877347,5,1889261.4991973713
2023-09-05,1740103.4678916216,1740103.4678916216,1557957.2639285338,0.42927621853724324,5,1892113.7347477512
2023-09-06,1745168.7841758013,1745168.7841758013,1563022.5802127135,0.43093273250324177,5,1898534.589860241
2023-09-07,1754225.9317588091,1754225.9317588091,1572079.7277957213,0.43387085246434026,5,1909804.537577796
2023-09-08,1760513.3251303912,1760513.3251303912,1578367.1211673033,0.435892692684954,5,1917711.8909371493
2023-09-11,1762265.357051778,1762265.357051778,1580119.15308869,0.4364535242337038,5,1920110.71071963
2023-09-12,1756764.8764609576,1756764.8764609576,1574618.6724978697,0.43468904425490196,5,1913697.9913031687
2023-09-13,1755667.1361655474,1755667.1361655474,1573520.9322024595,0.4343355805471324,5,1912634.4162268487
2023-09-14,1757901.920772481,1757901.920772481,1575755.7168093931,0.4350546981055954,5,1915620.8840706798
2023-09-15,1757965.0272177935,1757965.0272177935,1575818.8232547056,0.43507497819606733,5,1915968.072675951
2023-09-18,1757630.162166524,1757630.162166524,1575483.958203436,0.4349673482461144,5,1915831.4968172682
2023-09-20,1755303.1365317584,1755303.1365317584,1573156.9325686705,0.43421827793583806,5,1913272.6811899752
2023-09-21,1748834.859859395,1748834.859859395,1566688.6558963072,0.43212566599260893,5,1905677.516196645
2023-09-22,1745121.442989278,1745121.442989278,1562975.23902619,0.43091729499901354,5,1901431.6642468954
2023-09-25,1742448.8326987505,1742448.8326987505,1560302.6287356627,0.43004442214042227,5,1898451.1685843521
2023-09-26,1745706.2807578326,1745706.2807578326,1563560.0767947447,0.43110794623455323,5,1902684.4994408735
2023-09-27,1754646.6639365435,1754646.6639365435,1572500.4599734556,0.4340065998794849,5,1913833.137151394
2023-09-28,1748496.9292563677,1748496.9292563677,1566350.7252932799,0.4320159133742749,5,1906620.2005936124
2023-09-29,1754673.1922164755,1754673.1922164755,1569186.3511527486,0.9225656399105799,10,1910108.7288912998
2023-10-03,1747952.0136352377,1747952.0136352377,1562465.1725715108,0.922267891369187,10,1901964.4119609871
2023-10-04,1720889.7875533896,1720889.7875533896,1535402.9464896626,0.9210454982137388,10,1869059.5193378981
2023-10-05,1728426.1815810995,1728426.1815810995,1542939.3405173726,0.9213897606659417,10,1878270.3598121637
2023-10-06,1737433.2134643393,1737433.2134643393,1551946.3724006123,0.9217972842050015,10,1889271.6247160153
2023-10-09,1730831.3396926718,1730831.3396926718,1545344.4986289449,0.9214989972220701,10,1881271.8596108984
2023-10-10,1738806.9872604208,1738806.9872604208,1553320.1461966939,0.9218590695799906,10,1891017.9963495394
2023-10-11,1756002.1373000937,1756002.1373000937,1570515.2962363667,0.922624242351863,10,1911988.0086593812
2023-10-12,1759183.0492873983,1759183.0492873983,1573696.2082236714,0.9227641513142245,10,1915897.4457184996
2023-10-13,1775038.1402145224,1775038.1402145224,1589551.2991507954,0.9234540415064423,10,1935236.8896780738
2023-10-16,1787127.1974502401,1787127.1974502401,1601640.3563865132,0.9239718381550031,10,1949991.7718370366
2023-10-17,1785830.7055145102,1785830.7055145102,1600343.8644507832,0.923916642610198,10,1948450.377522278
2023-10-18,1782448.6502090292,1782448.6502090292,1596961.8091453023,0.9237722804584532,10,1944369.7794148705
2023-10-19,1779910.603852828,1779910.603852828,1594423.762789101,0.9236635842770802,10,1941316.6950163054
2023-10-20,1758896.6604858236,1758896.6604858236,1573409.8194220967,0.9227515755429239,10,1915768.3056372472
2023-10-23,1720072.575868209,1720072.575868209,1534585.734804482,0.9210079866910493,10,1868534.3046276665
2023-10-25,1704650.4290405111,1704650.4290405111,1519163.5879767842,0.920293337865277,10,1849793.2937968173
2023-10-26,1683441.7754531698,1683441.7754531698,1497954.934389443,0.9192891623657332,10,1824006.1179292013
2023-10-27,1705847.4627395468,1705847.4627395468,1520360.6216758199,0.9203492699240905,10,1851325.0323927354
2023-10-30,1711128.9463516073,1711128.9463516073,1525642.1052878804,0.9205951158181019,10,1857792.9730745645
2023-10-31,1703677.606464702,1703677.606464702,1526181.1126923973,0.3878139620661695,5,1858733.5794660696
2023-11-01,1704454.5349314988,1704454.5349314988,1526958.0411591942,0.38809301014289954,5,1859964.0642190045
2023-11-02,1713231.9011424363,1713231.9011424363,1535735.4073701317,0.3912279807989016,5,1870938.6344137988
2023-11-03,1713136.0949900926,1713136.0949900926,1535639.601217788,0.39119393557331517,5,1871106.5981196375
2023-11-06,1723877.190449077,1723877.190449077,1546380.6966767723,0.3949872707889822,5,1884477.0644984243
2023-11-07,1727432.7982371629,1727432.7982371629,1549936.3044648583,0.39623257999815614,5,1889094.4286803396
2023-11-08,1737495.2856639207,1737495.2856639207,1559998.791891616,0.3997292237718588,5,1901642.2105562887
2023-11-09,1733392.6465037644,1733392.6465037644,1555896.1527314598,0.3983084871613637,5,1896927.0555348275
2023-11-10,1740574.135029155,1740574.135029155,1563077.6412568504,0.400791024738083,5,1905966.7127068795
2023-11-13,1744196.8904002488,1744196.8904002488,1566700.3966279442,0.40203560185290604,5,1910669.0310190339
2023-11-15,1744029.9453318894,1744029.9453318894,1566533.4515595848,0.40197836246456164,5,1910751.0099786215
2023-11-16,1751693.141620952,1751693.141620952,1574196.6478486473,0.40459454967489683,5,1920382.3955088323
2023-11-17,1764746.4467967332,1764746.4467967332,1587249.9530244286,0.40899858690105156,5,1936589.9466646386
2023-11-20,1771810.0544627488,1771810.0544627488,1594313.5606904442,0.41135470972678956,5,1945493.1060523556
2023-11-21,1759864.9531443894,1759864.9531443894,1582368.4593720848,0.40735927381545706,5,1931205.0218520984
2023-11-22,1752615.4504588426,1752615.4504588426,1575118.956686538,0.404907880079932,5,1922644.582741992
2023-11-23,1751057.5730174363,1751057.5730174363,1573561.0792451317,0.404378439698606,5,1921029.197129874
2023-11-24,1761181.0512889207,1761181.0512889207,1583684.557516616,0.4078021433089338,5,1933672.4346927914
2023-11-28,1763513.3474314988,1763513.3474314988,1586016.8536591942,0.40858534167758537,5,1936805.980746304
2023-11-29,1769087.3344920457,1769087.3344920457,1591590.840719741,0.4104487531602375,5,1943898.1839587796
2023-11-30,1783715.212726241,1783715.212726241,1606218.7189539364,0.9607736886713626,10,1961783.0808418437
2023-12-01,1805512.9179264363,1805512.9179264363,1628016.4241541317,0.9612472624475141,10,1988425.086901951
2023-12-04,1832934.8253971394,1832934.8253971394,1655438.3316248348,0.961827028824734,10,2021936.5998786688
2023-12-05,1834948.8024479207,1834948.8024479207,1657452.308675616,0.9618689261723901,10,2024415.721603738
2023-12-06,1836977.2485843953,1836977.2485843953,1659480.7548120907,0.9619110316635957,10,2026912.5416371468
2023-12-07,1841698.1714054402,1841698.1714054402,1664201.6776331356,0.9620086671408097,10,2032697.9874650731
2023-12-08,1843915.3446842488,1843915.3446842488,1666418.8509119442,0.9620543489386669,10,2035425.3766484684
2023-12-11,1856335.3784366902,1856335.3784366902,1678838.8846643856,0.9623082288530481,10,2050614.837857721
2023-12-12,1847161.0690189656,1847161.0690189656,1669664.575246661,0.9621210248366773,10,2039428.307019317
2023-12-13,1883755.769000655,1883755.769000655,1706259.2752283504,0.9628568791095754,10,2084146.1976761138
2023-12-14,1894035.5143925007,1894035.5143925007,1716539.0206201961,0.9630584708025034,10,2096721.8509977825
2023-12-15,1897508.6831547078,1897508.6831547078,1720012.1893824032,0.9631260879714659,10,2100983.5880685514
2023-12-18,1903437.253741866,1903437.253741866,1725940.7599695614,0.96324093787779,10,2108244.6003223574
2023-12-19,1903499.0898319539,1903499.0898319539,1726002.5960596493,0.963242132013731,10,2108339.5017060884
2023-12-20,1870402.1060673054,1870402.1060673054,1692905.6122950008,0.9625916972457107,10,2067930.7238852466
2023-12-21,1887523.7813297566,1887523.7813297566,1710027.287557452,0.9629310269104353,10,2088864.4794408919
2023-12-22,1894350.7433658894,1894350.7433658894,1716854.2495935848,0.9630646180486588,10,2097223.1605958203
2023-12-26,1917973.1567875203,1917973.1567875203,1740476.6630152157,0.9635195268461323,10,2126098.239336158
2023-12-27,1931118.6923404988,1931118.6923404988,1753622.1985681942,0.9637678571837421,10,2142175.5645562727
2023-12-28,1940870.8616825398,1940870.8616825398,1763374.3679102352,0.9639499105080229,10,2154107.8414799087
2023-12-29,1943622.8177372273,1943622.8177372273,1766126.3239649227,0.9640009534681817,10,2157488.964854673
2024-01-01,1934024.7312198933,1934024.7312198933,1756528.2374475887,0.9638222991016805,10,2145783.5097663812
2024-01-02,1925835.420550948,1925835.420550948,1748338.9267786434,0.9636684591479736,10,2135798.8922322695
2024-01-03,1945867.988483077,1945867.988483077,1768371.4947107723,0.9640424896909009,10,2160290.1929438286
2024-01-04,1956142.1652103718,1956142.1652103718,1778645.6714380672,0.9642313480582321,10,2172860.7159956684
2024-01-05,1968215.9137760457,1968215.9137760457,1790719.420003741,0.9644507659112508,10,2187629.7687336192
2024-01-08,1970716.7962223347,1970716.7962223347,1793220.30245003,0.9644958786619423,10,2190704.380254444
2024-01-09,1970348.3718448933,1970348.3718448933,1792851.8780725887,0.9644892399456688,10,2190273.7342066634
2024-01-10,1968852.8326908406,1968852.8326908406,1791356.338918536,0.9644622659986223,10,2188466.132559098
2024-01-11,1953970.8177372273,1953970.8177372273,1776474.3239649227,0.964191600191321,10,2170304.6425541765
2024-01-12,1957530.0239139851,1957530.0239139851,1780033.5301416805,0.9642567074827657,10,2174672.2847360284
2024-01-15,1965970.2831608113,1965970.2831608113,1788473.7893885067,0.9644101597794584,10,2185003.118424709
2024-01-16,1957895.2771183308,1957895.2771183308,1780398.7833460262,0.9642633755371189,10,2175157.2878555814
2024-01-17,1944205.4340397175,1944205.4340397175,1766708.940267413,0.9640117412332072,10,2158451.6321640383
2024-01-18,1941071.5735660847,1941071.5735660847,1763575.07979378,0.9639536381816762,10,2154642.3282351606
2024-01-19,1971196.1657291707,1971196.1657291707,1793699.671956866,0.9645045128067485,10,2191466.069086088
2024-01-23,1934540.5647465046,1934540.5647465046,1757044.0709742,0.9638319456665441,10,2146701.6226223744
2024-01-24,1958512.5537601765,1958512.5537601765,1781016.059987872,0.9642746388723971,10,2176009.0184733607
2024-01-25,1955337.0700870808,1955337.0700870808,1777840.5763147762,0.9642166205886384,10,2172148.7383116963
2024-01-29,1987528.7069889363,1987528.7069889363,1810032.2132166317,0.9647961974033437,10,2211499.286383599
2024-01-30,1978024.8368717488,1978024.8368717488,1800528.3430994442,0.9646270527286798,10,2199906.99918147
2024-01-31,1985216.3859539651,1985216.3859539651,1812221.9500921865,0.9977253602530618,10,2214195.6382951303
2024-02-01,1969645.1121197366,1969645.1121197366,1796650.676257958,0.9977073778062971,10,2195171.728235191
2024-02-02,1988309.9135113382,1988309.9135113382,1815315.4776495595,0.9977288992691339,10,2217977.877217949
2024-02-05,1983729.6555462503,1983729.6555462503,1810735.2196844716,0.9977236554965346,10,2212382.915754985
2024-02-06,2003649.8579388284,2003649.8579388284,1830655.4220770497,0.9977462868175934,10,2236722.958113339
2024-02-07,2034862.6087933206,2034862.6087933206,1861868.172931542,0.9977808565166757,10,2274860.417855747
2024-02-08,2061619.2438030862,2061619.2438030862,1888624.8079413075,0.9978096575731249,10,2307553.3493098146
2024-02-09,2047017.560941758,2047017.560941758,1874023.1250799794,0.9977940335325279,10,2289714.041441596
2024-02-12,2026584.3069134378,2026584.3069134378,1853589.871051659,0.9977717916385914,10,2264749.6114968876
2024-02-13,2042494.9494305276,2042494.9494305276,1869500.513568749,0.9977891489528418,10,2284190.7735500447
2024-02-14,2065696.1958294534,2065696.1958294534,1892701.7599676747,0.9978139805326258,10,2312539.7393139265
2024-02-15,2086183.5396404886,2086183.5396404886,1913189.10377871,0.9978354483141296,10,2337572.82460983
2024-02-16,2119490.9003887796,2119490.9003887796,1946496.464527001,0.9978694637957938,10,2378269.6708293883
2024-02-19,2106629.244993272,2106629.244993272,1933634.809131493,0.9978564561806516,10,2362556.3081748486
2024-02-20,2101299.2694683694,2101299.2694683694,1928304.8336065907,0.9978510190512242,10,2356045.2991643846
2024-02-21,2067155.3582440042,2067155.3582440042,1894160.9223822255,0.9978155235987681,10,2314328.8030471634
2024-02-22,2098531.9809857034,2098531.9809857034,1925537.5451239247,0.997848185236785,10,2352666.7174662733
2024-02-23,2095978.201505723,2095978.201505723,1922983.7656439443,0.9978455634249822,10,2349547.7169079273
2024-02-26,2104144.412931504,2104144.412931504,1931149.9770697255,0.9978539248209334,10,2359526.650248584
2024-02-27,2113975.9284649515,2113975.9284649515,1940981.4926031728,0.9978639056211757,10,2371540.2979980526
2024-02-28,2089079.301755967,2089079.301755967,1916084.8658941884,0.9978384486917427,10,2341122.250754368
2024-02-29,2086412.015675576,2086412.015675576,1903803.8529570508,0.9964791008537554,10,2326119.0503511466
2024-03-01,2132137.5212908103,2132137.5212908103,1949529.3585722852,0.996554609535571,10,2381989.7131506945
2024-03-04,2169498.153401406,2169498.153401406,1986889.9906828809,0.9966139421353324,10,2427639.9983852077
2024-03-05,2183342.0927629783,2183342.0927629783,2000733.9300444531,0.9966354121467925,10,2444556.9677213025
2024-03-06,2183042.1433000877,2183042.1433000877,2000433.9805815625,0.9966349498532348,10,2444192.536383024
2024-03-07,2204964.4931536033,2204964.4931536033,2022356.3304350781,0.9966684060865759,10,2470979.9813593384
2024-03-11,2200117.0757341697,2200117.0757341697,2017508.9130156445,0.9966610657379424,10,2465059.3129589125
2024-03-12,2172459.864338906,2172459.864338906,1989851.7016203809,0.9966185583424151,10,2431268.897945702
2024-03-13,2090204.1102495505,2090204.1102495505,1907595.9475310254,0.9964854885469392,10,2330768.1385582313
2024-03-14,2122060.393116982,2122060.393116982,1939452.230398457,0.9965382482475361,10,2369693.28727053
2024-03-15,2087161.2808428123,2087161.2808428123,1904553.118124287,0.9964803648131397,10,2327054.3668964077
2024-03-18,2095670.5288896873,2095670.5288896873,1913062.366171162,0.9964946559187436,10,2337453.3237380907
2024-03-19,2068259.8945513084,2068259.8945513084,1885651.7318327832,0.9964481996174371,10,2303964.029335488
2024-03-20,2064450.3787126853,2064450.3787126853,1881842.2159941602,0.9964416455050435,10,2299311.460898778
2024-03-21,2109019.907673867,2109019.907673867,1926411.7449553418,0.9965168435546874,10,2353770.328222068
2024-03-22,2118285.612690957,2118285.612690957,1935677.4499724316,0.9965320794133258,10,2365093.5937128
2024-03-26,2141746.5646257713,2141746.5646257713,1959138.401907246,0.9965700674365314,10,2393761.2168501774
2024-03-27,2153785.525136025,2153785.525136025,1971177.3624175,0.9965892396438857,10,2408472.9873413835
2024-03-28,2179450.3534293426,2179450.3534293426,1975721.4672357303,0.9632297285045542,10,2414047.31255329
2024-04-01,2197064.769475485,2197064.769475485,1993335.8832818728,0.963524524938983,10,2435591.6014462835
2024-04-02,2224870.861943747,2224870.861943747,2021141.9757501346,0.9639803897937568,10,2469588.878170661
2024-04-03,2229353.244878317,2229353.244878317,2025624.3586847049,0.9640528115539553,10,2475087.990772856
2024-04-04,2228322.2238059295,2228322.2238059295,2024593.3376123172,0.9640361791709071,10,2473850.444815818
2024-04-05,2225879.6114554657,2225879.6114554657,2022150.7252618533,0.9639967135715661,10,2470888.0775319873
2024-04-08,2241146.428548361,2241146.428548361,2037417.5423547488,0.9642419700089164,10,2489564.8506819
2024-04-09,2235305.6951041473,2235305.6951041473,2031576.808910535,0.9641485362015738,10,2482450.238827982
2024-04-10,2245155.601598288,2245155.601598288,2041426.7154046756,0.9643058231022417,10,2494508.3083270653
2024-04-12,2252158.2728629364,2252158.2728629364,2048429.386669324,0.9644168075698473,10,2503087.3621944776
2024-04-15,2233081.7194724334,2233081.7194724334,2029352.833278821,0.9641128309333099,10,2479799.1342845536
2024-04-16,2236459.3166098846,2236459.3166098846,2032730.4304162723,0.9641670292809439,10,2483948.6499650665
2024-04-18,2222466.4642691864,2222466.4642691864,2018737.578075574,0.9639414216165487,10,2466872.100139435
2024-04-19,2208843.2112937225,2208843.2112937225,2005114.3251001101,0.9637190268658749,10,2450247.0241745696
2024-04-22,2221225.540914084,2221225.540914084,2017496.6547204715,0.9639212769120855,10,2465400.3087799456
2024-04-23,2226719.018682028,2226719.018682028,2022990.1324884158,0.9640102857459422,10,2472135.5675887805
2024-04-24,2244406.979253317,2244406.979253317,2040678.0930597049,0.9642939173032231,10,2493772.680858396
2024-04-25,2275527.162206198,2275527.162206198,2071798.2760125857,0.9647822348432242,10,2531824.4714366565
2024-04-26,2288934.8192343963,2288934.8192343963,2085205.933040784,0.9649885263079501,10,2548231.3458348047
2024-04-29,2295429.709752585,2295429.709752585,2091700.8235589724,0.9650875908480421,10,2556190.6788275545
2024-04-30,2304218.030943126,2304218.030943126,2097217.997653125,0.987950767451523,10,2562940.71237465
2024-05-02,2337690.569914073,2337690.569914073,2130690.536624072,0.9881232960193496,10,2603854.002283689
2024-05-03,2332147.764158458,2332147.764158458,2125147.730868457,0.9880950687070869,10,2597088.050548978
2024-05-06,2316723.9035017197,2316723.9035017197,2109723.8702117186,0.9880158102330354,10,2578246.7284140536
2024-05-07,2260749.7670881455,2260749.7670881455,2053749.7337981442,0.9877190924438366,10,2509849.891956713
2024-05-08,2293320.352201671,2293320.352201671,2086320.3189116695,0.987893510441935,10,2549661.401085215
2024-05-09,2275131.5578138535,2275131.5578138535,2068131.5245238522,0.9877967237534582,10,2527440.9191829
2024-05-10,2300934.1158430283,2300934.1158430283,2093934.082553027,0.9879335706719898,10,2558981.5653747763
2024-05-13,2307123.7759077256,2307123.7759077256,2100123.7426177245,0.9879659430555242,10,2566553.6003958792
2024-05-14,2339804.861463756,2339804.861463756,2132804.8281737547,0.9881340280317827,10,2606500.647959043
2024-05-15,2352561.5743696396,2352561.5743696396,2145561.5410796385,0.9881983710013342,10,2622098.3141313046
2024-05-16,2398067.786955089,2398067.786955089,2191067.7536650877,0.9884223210668783,10,2677719.204130002
2024-05-17,2417946.8230116074,2417946.8230116074,2210946.7897216063,0.9885175064095716,10,2702021.1975382464
2024-05-21,2473130.3839094345,2473130.3839094345,2266130.3506194334,0.9887737180870589,10,2769469.1858411627
2024-05-22,2495845.5588361924,2495845.5588361924,2288845.5255461913,0.9888758906580045,10,2797237.4145570262
2024-05-23,2503150.5733015244,2503150.5733015244,2296150.5400115233,0.9889083544580348,10,2806172.752514453
2024-05-24,2531335.575559825,2531335.575559825,2324335.542269824,0.9890318537118149,10,2840625.9153854037
2024-05-27,2528711.233915538,2528711.233915538,2321711.200625537,0.9890204707738666,10,2837426.4398946064
2024-05-28,2504903.1853315537,2504903.1853315537,2297903.1520415526,0.9889161149780914,10,2808337.8360867635
2024-05-29,2515022.147398204,2515022.147398204,2308022.114108203,0.9889607099778627,10,2820712.277994527
2024-05-30,2474526.3875105088,2474526.3875105088,2267526.3542205077,0.9887800513919112,10,2771228.9432230955
2024-05-31,2468957.4666449395,2468957.4666449395,2254315.8157193484,0.9633023857441577,10,2755109.2663749643
2024-06-03,2580526.6840826836,2580526.6840826836,2365885.0331570925,0.9648890091763475,10,2891487.623505316
2024-06-04,2319736.905625042,2319736.905625042,2105095.254699451,0.9609417565822601,10,2572789.281909883
2024-06-05,2409971.9878546563,2409971.9878546563,2195330.336929065,0.9624041900977971,10,2683096.282176071
2024-06-06,2464582.4727179375,2464582.4727179375,2249940.8217923464,0.9632372421178915,10,2749864.962636029
2024-06-07,2514623.5116278497,2514623.5116278497,2299981.8607022585,0.9639688214533697,10,2811049.6011178917
2024-06-10,2521888.265289959,2521888.265289959,2307246.614364368,0.9640726157569871,10,2819953.861692533
2024-06-11,2528576.73831242,2528576.73831242,2313935.087386829,0.9641676491948243,10,2828153.875268174
2024-06-12,2561305.795441326,2561305.795441326,2346664.144515735,0.964625524649857,10,2868181.2158936053
2024-06-13,2599196.5744940606,2599196.5744940606,2384554.9235684695,0.965141209551396,10,2914517.74023254
2024-06-14,2645966.3886114922,2645966.3886114922,2431324.737685901,0.9657573697402242,10,2971707.000304493
2024-06-18,2686088.2098395196,2686088.2098395196,2471446.5589139285,0.9662688483598121,10,3020771.284827337
2024-06-19,2638244.9788519708,2638244.9788519708,2423603.3279263796,0.9656571510791071,10,2962319.9388665324
2024-06-20,2639219.287415203,2639219.287415203,2424577.636489612,0.9656698292722186,10,2963536.2332016258
2024-06-21,2622866.4849554864,2622866.4849554864,2408224.8340298953,0.965455790737074,10,2943573.9576633694
2024-06-24,2663262.4455267754,2663262.4455267754,2448620.7946011843,0.9659797520604108,10,2992974.98112503
2024-06-25,2655402.902649578,2655402.902649578,2440761.251723987,0.9658790578881226,10,2983393.7028634707
2024-06-26,2642662.708008465,2642662.708008465,2428021.057082874,0.9657145618884908,10,2967846.6602770924
2024-06-27,2662303.1876227227,2662303.1876227227,2447661.5366971316,0.9659674941808855,10,2991879.0813726736
2024-06-28,2680245.1121832696,2680245.1121832696,2465603.4612576785,0.9661953123939426,10,3013835.524197711
2024-07-01,2699995.646729168,2699995.646729168,2485353.995803577,0.9664425945150029,10,3038002.908389498
2024-07-02,2692127.5511481133,2692127.5511481133,2477485.900222522,0.9663445185996565,10,3028410.7996833166
2024-07-03,2712633.0388190118,2712633.0388190118,2497991.3878934206,0.9665989290005611,10,3053501.42637041
2024-07-04,2758972.0360113946,2758972.0360113946,2544330.3850858035,0.9671599249494375,10,3110170.4767071484
2024-07-05,2783288.1139838067,2783288.1139838067,2568646.4630582156,0.967446830865335,10,3139919.5734849996
2024-07-08,2785472.6441046563,2785472.6441046563,2570830.993179065,0.9674723609593585,10,3142615.474842307
2024-07-09,2787432.02145451,2787432.02145451,2572790.3705289187,0.9674952257032122,10,3145036.1723275944
2024-07-10,2785709.645416912,2785709.645416912,2571067.994491321,0.9674751283307355,10,3142956.2674898314
2024-07-11,2794249.406861004,2794249.406861004,2579607.755935413,0.9675745305689083,10,3153421.017684331
2024-07-12,2776160.5190131036,2776160.5190131036,2561518.8680875124,0.9673632529154954,10,3131334.122643599
2024-07-15,2798950.0588080254,2798950.0588080254,2584308.4078824343,0.9676289870053619,10,3159218.577595032
2024-07-16,2777774.0363776055,2777774.0363776055,2563132.3854520144,0.9673822105259605,10,3133357.451483773
2024-07-18,2693874.645661053,2693874.645661053,2479232.9947354617,0.9663663456386316,10,3030819.138827336
2024-07-19,2602456.786499676,2602456.786499676,2387815.1355740847,0.9651848786903848,10,2919088.771160343
2024-07-22,2642405.5682074395,2642405.5682074395,2427763.9172818484,0.965711225477593,10,2967950.9180716285
2024-07-23,2617850.411286053,2617850.411286053,2403208.7603604617,0.965389600439199,10,2937957.8157810154
2024-07-24,2626834.832916912,2626834.832916912,2412193.181991321,0.9655079765238199,10,2948966.72952782
2024-07-25,2636875.1523444024,2636875.1523444024,2422233.5014188113,0.965639310361561,10,2961266.5972806187
2024-07-26,2693730.72860783,2693730.72860783,2479089.077682239,0.9663645487045975,10,3030799.4552496104
2024-07-29,2738259.5732733575,2738259.5732733575,2523617.9223477663,0.9669115194157042,10,3085263.0628119726
2024-07-30,2762346.0766608086,2762346.0766608086,2547704.4257352175,0.9672000371385243,10,3114735.4430502593
2024-07-31,2795704.8604437676,2795704.8604437676,2581063.2095181765,0.9675914113800139,10,3155543.9691223796
2024-08-01,2783146.725647625,2783146.725647625,2568505.074722034,0.967445177111913,10,3140216.3794566346
2024-08-02,2716948.7819525567,2716948.7819525567,2502307.1310269656,0.9666519850035952,10,3059309.923724958
2024-08-05,2648477.6767279473,2648477.6767279473,2433836.025802356,0.9657898386227083,10,2975623.602980171
2024-08-06,2625107.559570965,2625107.559570965,2410465.908645374,0.9654852813955457,10,2947076.8158421232
2024-08-07,2726440.593475994,2726440.593475994,2511798.942550403,0.9667680825535598,10,3070992.7924386133
2024-08-08,2726868.6747748223,2726868.6747748223,2512227.023849231,0.9667732995126729,10,3071541.6788439434
2024-08-09,2800812.226380047,2800812.226380047,2586170.575454456,0.967650509423075,10,3161972.6338475267
2024-08-12,2796252.256317791,2796252.256317791,2581610.6053922,0.9675977557030818,10,3156423.0087088775
2024-08-13,2784997.842346844,2784997.842346844,2570356.1914212527,0.9674668154684575,10,3142688.391280206
2024-08-14,2779629.0202643243,2779629.0202643243,2564987.369338733,0.9674039779896952,10,3136149.715150705
2024-08-16,2826690.823883709,2826690.823883709,2612049.172958118,0.967946671790397,10,3193716.1994023984
2024-08-19,2845498.215363201,2845498.215363201,2630856.56443761,0.9681585290632654,10,3216737.1515814224
2024-08-20,2859686.435059246,2859686.435059246,2645044.784133655,0.9683165092458326,10,3234110.499921239
2024-08-21,2871665.915161785,2871665.915161785,2657024.264236194,0.9684486805214202,10,3248783.377842152
2024-08-22,2881544.5812994805,2881544.5812994805,2666902.9303738894,0.9685568464520657,10,3260887.701912968
2024-08-23,2908653.212067303,2908653.212067303,2694011.5611417117,0.9688498964575358,10,3294059.477698522
2024-08-26,2926708.7578741875,2926708.7578741875,2712067.1069485964,0.9690420686782554,10,3316162.0943830865
2024-08-27,2905738.4974066583,2905738.4974066583,2691096.846481067,0.9688186501277105,10,3290546.690762812
2024-08-28,2932047.2525336114,2932047.2525336114,2717405.6016080203,0.9690984350109894,10,3322741.213283752
2024-08-29,2926834.7676398125,2926834.7676398125,2712193.1167142214,0.9690434015179883,10,3316393.291211064
2024-08-30,2947346.5943915215,2947346.5943915215,2732704.9434659304,0.9692588415297242,10,3341500.0552023463
2024-09-02,2934723.0388190118,2934723.0388190118,2720081.3878934206,0.9691266100662504,10,3326089.9933420746
2024-09-03,2942668.681366619,2942668.681366619,2728027.030441028,0.969209972805046,10,3335831.446036975
2024-09-04,2949586.0099188653,2949586.0099188653,2734944.358993274,0.969282181153446,10,3344315.565692558
2024-09-05,2922836.867737469,2922836.867737469,2708195.2168118777,0.9690010586204376,10,3311632.3746483335
2024-09-06,2876199.813904461,2876199.813904461,2661558.16297887,0.9684984164566713,10,3254629.7756679384
2024-09-09,2862460.6840826836,2862460.6840826836,2647819.0331570925,0.9683472163551993,10,3237854.920499542
2024-09-10,2887286.5519415704,2887286.5519415704,2672644.9010159792,0.9686193777115437,10,3268238.3407418695
2024-09-11,2890454.3117682305,2890454.3117682305,2675812.6608426394,0.9686537689400148,10,3272137.6340475883
2024-09-12,2935614.6787421075,2935614.6787421075,2720973.0278165163,0.9691359873006763,10,3327387.5692798477
2024-09-13,2935564.4298102227,2935564.4298102227,2720922.7788846316,0.9691354589921656,10,3327351.7890388686
2024-09-16,2967092.939850506,2967092.939850506,2752451.288924915,0.9694634274821258,10,3365932.6490155114
2024-09-17,2973425.0115057793,2973425.0115057793,2758783.360580188,0.969528456788243,10,3373701.6815843564
2024-09-18,2943644.947876629,2943644.947876629,2729003.296951038,0.9692201843872595,10,3337309.751524418
2024-09-19,2910326.850495037,2910326.850495037,2695685.199569446,0.9688678099129635,10,3296590.875667801
2024-09-20,2944065.1566778985,2944065.1566778985,2729423.5057523074,0.9692245776152397,10,3337875.2754661
2024-09-23,3001788.465973553,3001788.465973553,2787146.8150479617,0.9698163778853643,10,3408491.6288399366
2024-09-24,3015833.3019415704,3015833.3019415704,2801191.6510159792,0.9699569440172019,10,3425693.1045370307
2024-09-25,3006652.2690741387,3006652.2690741387,2792010.6181485476,0.9698652053458386,10,3414491.0408302518
2024-09-26,3025410.127625164,3025410.127625164,2810768.476699573,0.97005204421784,10,3437456.5322905206
2024-09-27,3047835.0821539727,3047835.0821539727,2833193.4312283816,0.9702723912932372,10,3464906.8874412
2024-09-30,2996718.1460021264,2996718.1460021264,2781571.5397112537,0.9958081435590963,10,3401778.559980035
2024-10-01,3002466.8356688744,3002466.8356688744,2787320.2293780018,0.9958161695201228,10,3408812.592148192
2024-10-03,2936894.7008116967,2936894.7008116967,2721748.094520824,0.9957227570132425,10,3328623.3984454433
2024-10-04,2923581.7822936303,2923581.7822936303,2708435.1760027576,0.9957032800183763,10,3312345.6381610692
2024-10-07,2881646.1579344994,2881646.1579344994,2666499.5516436268,0.9956407513020626,10,3261063.0712579247
2024-10-08,3004238.803442312,3004238.803442312,2789092.1971514393,0.9958186372376595,10,3410994.2558384854
2024-10-09,3037507.1833861596,3037507.1833861596,2822360.577095287,0.9958644337269061,10,3451684.2288365215
2024-10-10,3016749.7457335717,3016749.7457335717,2801603.139442699,0.9958359780158571,10,3426301.93637575
2024-10-11,3035911.7248290307,3035911.7248290307,2820765.118538158,0.9958622603683909,10,3449740.1786118164
2024-10-14,3049206.291143728,3049206.291143728,2834059.6848528553,0.9958803009496677,10,3466002.7233434855
2024-10-15,3046818.366888357,3046818.366888357,2831671.760597484,0.9958770721620924,10,3463085.9075588705
2024-10-16,3028865.01654656,3028865.01654656,2813718.4102556873,0.9958526338436122,10,3441132.858260678
2024-10-17,2941001.3478148705,2941001.3478148705,2725854.741523998,0.9957287295120673,10,3333680.662530125
2024-10-18,2961736.4180053,2961736.4180053,2746589.8117144275,0.9957586326097336,10,3359042.8853549752
2024-10-21,2940917.2396605737,2940917.2396605737,2725770.633369701,0.9957286073567504,10,3333584.892524866
2024-10-22,2875252.9097350365,2875252.9097350365,2660106.303444164,0.9956310583255615,10,3253281.8422332793
2024-10-23,2860164.1379454858,2860164.1379454858,2645017.531654613,0.995608010010602,10,3234832.0052166935
2024-10-24,2856558.770819021,2856558.770819021,2641412.1645281482,0.9956024667196711,10,3230426.2298712106
2024-10-25,2815642.4677489526,2815642.4677489526,2600495.86145808,0.9955385627238621,10,3180389.5162432385
2024-10-28,2813858.6417296655,2813858.6417296655,2598712.035438793,0.9955357344268828,10,3178211.457178991
2024-10-29,2858791.8120787865,2858791.8120787865,2643645.205787914,0.9956059016928702,10,3233167.9838596904
2024-10-30,2825701.603918386,2825701.603918386,2610554.9976275135,0.9955544448697369,10,3192702.378053464
2024-10-31,2815028.6747665107,2815028.6747665107,2559759.0067852302,0.5978465746326705,5,3130899.9062180016
2024-11-01,2824341.0766830146,2824341.0766830146,2569071.408701734,0.5991725527024006,5,3142603.7697695387
2024-11-04,2793903.742973298,2793903.742973298,2538634.0749920174,0.5948058601117576,5,3105689.7069061124
2024-11-05,2802321.985862702,2802321.985862702,2547052.3178814217,0.596023073088764,5,3116301.9062801707
2024-11-06,2816031.083457917,2816031.083457917,2560761.4154766365,0.5979897272034056,5,3133388.007999728
2024-11-07,2772608.1139449775,2772608.1139449775,2517338.445963697,0.591693677021724,5,3080574.735999329
2024-11-08,2753133.1156844795,2753133.1156844795,2497863.447703199,0.5888054167758059,5,3057058.9393727537
2024-11-11,2760863.1627731025,2760863.1627731025,2505593.494791822,0.5899567065368374,5,3066832.8038113234
2024-11-12,2735349.823905915,2735349.823905915,2480080.1559246345,0.5861321231490334,5,3035921.844465693
2024-11-13,2707745.5840072334,2707745.5840072334,2452475.916025953,0.5819129275841218,5,3002448.106781894
2024-11-14,2697390.6791915596,2697390.6791915596,2442121.011210279,0.5803079499021987,5,2990086.0349381464
2024-11-18,2686312.583305329,2686312.583305329,2431042.9153240486,0.5785771800719984,5,2976837.16318565
2024-11-19,2694055.8811568916,2694055.8811568916,2438786.213175611,0.5797884401794713,5,2986631.550710651
2024-11-21,2683252.828819245,2683252.828819245,2427983.1608379646,0.578096625146289,5,2973716.647451641
2024-11-22,2714677.954399079,2714677.954399079,2459408.2864177986,0.5829805807240948,5,3012515.0821118793
2024-11-25,2740221.0849227607,2740221.0849227607,2484951.4169414802,0.5868678515417975,5,3044113.7720704284
2024-11-26,2713366.9189071357,2713366.9189071357,2458097.2509258552,0.5827790866851976,5,3011534.326516953
2024-11-27,2734344.249198884,2734344.249198884,2479074.5812176033,0.5859799202692622,5,3037546.2958488986
2024-11-28,2715307.9376754463,2715307.9376754463,2460038.269694166,0.5830773341185879,5,3014538.1115341014
2024-11-29,2727675.773192033,2727675.773192033,2415283.1985161523,0.45359042215668993,3,2960106.7958745277
2024-12-02,2760012.374754533,2760012.374754533,2447619.8000786523,0.45999221548568703,3,3000137.1842256887
2024-12-03,2767332.034910783,2767332.034910783,2454939.4602349023,0.46142054913503233,3,3009513.0015464486
2024-12-04,2785154.363035783,2785154.363035783,2472761.7883599023,0.46486694328183115,3,3031763.9250318236
2024-12-05,2795479.105223283,2795479.105223283,2483086.5305474023,0.4668433883342375,3,3044826.7086263266
2024-12-06,2802424.511473283,2802424.511473283,2490031.9367974023,0.468164740344874,3,3053748.0755704553
2024-12-09,2792337.984129533,2792337.984129533,2479945.4094536523,0.46624363662484775,3,3041785.4454435557
2024-12-10,2797492.886473283,2797492.886473283,2485100.3117974023,0.46722718226382265,3,3048513.2420751275
2024-12-11,2812399.863035783,2812399.863035783,2500007.2883599023,0.4700511163748695,3,3067203.652238841
2024-12-12,2809324.671629533,2809324.671629533,2496932.0969536523,0.4694710145912866,3,3063837.4661088428
2024-12-13,2809356.179442033,2809356.179442033,2496963.6047661523,0.46947696464059696,3,3064282.3747766744
2024-12-16,2833548.581785783,2833548.581785783,2521156.0071099023,0.4740064887880014,3,3094374.2119431337
2024-12-17,2830458.273192033,2830458.273192033,2518065.6985161523,0.4734322064241345,3,3090988.5181542374
2024-12-18,2849050.159910783,2849050.159910783,2536657.5852349023,0.47686840031979105,3,3114214.660551798
2024-12-19,2842430.659910783,2842430.659910783,2530038.0852349023,0.47565012271220575,3,3106496.1266219523
2024-12-20,2810106.359129533,2810106.359129533,2497713.7844536523,0.4696185918795748,3,3067218.669818544
2024-12-23,2820573.652098283,2820573.652098283,2508181.0774224023,0.47158686439032615,3,3080477.6933307634
2024-12-24,2822787.753660783,2822787.753660783,2510395.1789849023,0.47200133421636303,3,3083603.5009722263
2024-12-26,2832785.507567033,2832785.507567033,2520392.9328911523,0.4738648006557501,3,3096289.5675245062
2024-12-27,2841616.386473283,2841616.386473283,2529223.8117974023,0.47549986873032973,3,3107544.1455634707
2024-12-30,2848430.577879533,2848430.577879533,2536038.0032036523,0.47675461031147626,3,3116322.8278991436
2024-12-31,2859293.335560261,2859293.335560261,2461621.3303835015,0.0,0,3025657.3326434963
2025-01-01,2859293.335560261,2859293.335560261,2461621.3303835015,0.0,0,3026413.538884889
2025-01-02,2859293.335560261,2859293.335560261,2461621.3303835015,0.0,0,3027169.9341258327
2025-01-03,2859293.335560261,2859293.335560261,2461621.3303835015,0.0,0,3027926.518413565
2025-01-06,2859293.335560261,2859293.335560261,2461621.3303835015,0.0,0,3028683.2917953352
2025-01-07,2859293.335560261,2859293.335560261,2461621.3303835015,0.0,0,3029440.2543184026
2025-01-08,2859293.335560261,2859293.335560261,2461621.3303835015,0.0,0,3030197.4060300402
2025-01-09,2859293.335560261,2859293.335560261,2461621.3303835015,0.0,0,3030954.7469775323
2025-01-10,2859293.335560261,2859293.335560261,2461621.3303835015,0.0,0,3031712.2772081746
2025-01-13,2859293.335560261,2859293.335560261,2461621.3303835015,0.0,0,3032469.9967692746
2025-01-14,2859293.335560261,2859293.335560261,2461621.3303835015,0.0,0,3033227.9057081523
2025-01-15,2859293.335560261,2859293.335560261,2461621.3303835015,0.0,0,3033986.0040721386
2025-01-16,2859293.335560261,2859293.335560261,2461621.3303835015,0.0,0,3034744.2919085776
2025-01-17,2859293.335560261,2859293.335560261,2461621.3303835015,0.0,0,3035502.7692648238
2025-01-20,2859293.335560261,2859293.335560261,2461621.3303835015,0.0,0,3036261.4361882443
2025-01-21,2859293.335560261,2859293.335560261,2461621.3303835015,0.0,0,3037020.292726218
2025-01-22,2859293.335560261,2859293.335560261,2461621.3303835015,0.0,0,3037779.338926135
2025-01-23,2859293.335560261,2859293.335560261,2461621.3303835015,0.0,0,3038538.5748353982
2025-01-24,2859293.335560261,2859293.335560261,2461621.3303835015,0.0,0,3039298.0005014217
2025-01-27,2859293.335560261,2859293.335560261,2461621.3303835015,0.0,0,3040057.6159716314
2025-01-28,2859293.335560261,2859293.335560261,2461621.3303835015,0.0,0,3040817.421293466
2025-01-29,2859293.335560261,2859293.335560261,2461621.3303835015,0.0,0,3041577.416514375
2025-01-30,2859293.335560261,2859293.335560261,2461621.3303835015,0.0,0,3042337.601681819
2025-01-31,2859293.335560261,2859293.335560261,2461621.3303835015,0.0,0,3043097.9768432733
2025-02-01,2859293.335560261,2859293.335560261,2461621.3303835015,0.0,0,3043858.542046223
2025-02-03,2859293.335560261,2859293.335560261,2461621.3303835015,0.0,0,3044619.2973381644
2025-02-04,2859293.335560261,2859293.335560261,2461621.3303835015,0.0,0,3045380.2427666076
2025-02-05,2859293.335560261,2859293.335560261,2461621.3303835015,0.0,0,3046141.378379073
2025-02-06,2859293.335560261,2859293.335560261,2461621.3303835015,0.0,0,3046902.704223094
2025-02-07,2859293.335560261,2859293.335560261,2461621.3303835015,0.0,0,3047664.220346215
2025-02-10,2859293.335560261,2859293.335560261,2461621.3303835015,0.0,0,3048425.9267959935
2025-02-11,2859293.335560261,2859293.335560261,2461621.3303835015,0.0,0,3049187.8236199976
2025-02-12,2859293.335560261,2859293.335560261,2461621.3303835015,0.0,0,3049949.910865807
2025-02-13,2859293.335560261,2859293.335560261,2461621.3303835015,0.0,0,3050712.188581015
2025-02-14,2859293.335560261,2859293.335560261,2461621.3303835015,0.0,0,3051474.6568132257
2025-02-17,2859293.335560261,2859293.335560261,2461621.3303835015,0.0,0,3052237.3156100553
2025-02-18,2859293.335560261,2859293.335560261,2461621.3303835015,0.0,0,3053000.1650191317
2025-02-19,2859293.335560261,2859293.335560261,2461621.3303835015,0.0,0,3053763.2050880943
2025-02-20,2859293.335560261,2859293.335560261,2461621.3303835015,0.0,0,3054526.435864596
2025-02-21,2859293.335560261,2859293.335560261,2461621.3303835015,0.0,0,3055289.8573963
2025-02-24,2859293.335560261,2859293.335560261,2461621.3303835015,0.0,0,3056053.469730882
2025-02-25,2859293.335560261,2859293.335560261,2461621.3303835015,0.0,0,3056817.2729160297
2025-02-27,2859293.335560261,2859293.335560261,2461621.3303835015,0.0,0,3057581.266999443
2025-02-28,2859293.335560261,2859293.335560261,2461621.3303835015,0.0,0,3058345.4520288324
2025-03-03,2859293.335560261,2859293.335560261,2461621.3303835015,0.0,0,3059109.8280519214
2025-03-04,2859293.335560261,2859293.335560261,2461621.3303835015,0.0,0,3059874.3951164465
2025-03-05,2859293.335560261,2859293.335560261,2461621.3303835015,0.0,0,3060639.153270154
2025-03-06,2859293.335560261,2859293.335560261,2461621.3303835015,0.0,0,3061404.1025608024
2025-03-07,2859293.335560261,2859293.335560261,2461621.3303835015,0.0,0,3062169.243036164
2025-03-10,2859293.335560261,2859293.335560261,2461621.3303835015,0.0,0,3062934.5747440215
2025-03-11,2859293.335560261,2859293.335560261,2461621.3303835015,0.0,0,3063700.0977321696
2025-03-12,2859293.335560261,2859293.335560261,2461621.3303835015,0.0,0,3064465.812048415
2025-03-13,2859293.335560261,2859293.335560261,2461621.3303835015,0.0,0,3065231.7177405776
2025-03-17,2859293.335560261,2859293.335560261,2461621.3303835015,0.0,0,3065997.814856487
2025-03-18,2859293.335560261,2859293.335560261,2461621.3303835015,0.0,0,3066764.1034439867
2025-03-19,2859293.335560261,2859293.335560261,2461621.3303835015,0.0,0,3067530.5835509314
2025-03-20,2859293.335560261,2859293.335560261,2461621.3303835015,0.0,0,3068297.255225187
2025-03-21,2859293.335560261,2859293.335560261,2461621.3303835015,0.0,0,3069064.1185146333
2025-03-24,2859293.335560261,2859293.335560261,2461621.3303835015,0.0,0,3069831.1734671597
2025-03-25,2859293.335560261,2859293.335560261,2461621.3303835015,0.0,0,3070598.42013067
2025-03-26,2859293.335560261,2859293.335560261,2461621.3303835015,0.0,0,3071365.8585530785
2025-03-27,2859293.335560261,2859293.335560261,2461621.3303835015,0.0,0,3072133.488782311
2025-03-28,2859293.335560261,2859293.335560261,2461621.3303835015,0.0,0,3072901.310866307
2025-04-01,2859293.335560261,2859293.335560261,2461621.3303835015,0.0,0,3073669.3248530156
2025-04-02,2859293.335560261,2859293.335560261,2461621.3303835015,0.0,0,3074437.530790401
2025-04-03,2859293.335560261,2859293.335560261,2461621.3303835015,0.0,0,3075205.9287264366
2025-04-04,2859293.335560261,2859293.335560261,2461621.3303835015,0.0,0,3075974.518709109
2025-04-07,2859293.335560261,2859293.335560261,2461621.3303835015,0.0,0,3076743.3007864165
2025-04-08,2859293.335560261,2859293.335560261,2461621.3303835015,0.0,0,3077512.27500637
2025-04-09,2859293.335560261,2859293.335560261,2461621.3303835015,0.0,0,3078281.441416992
2025-04-11,2859293.335560261,2859293.335560261,2461621.3303835015,0.0,0,3079050.8000663165
2025-04-15,2859293.335560261,2859293.335560261,2461621.3303835015,0.0,0,3079820.35100239
2025-04-16,2859293.335560261,2859293.335560261,2461621.3303835015,0.0,0,3080590.0942732715
2025-04-17,2859293.335560261,2859293.335560261,2461621.3303835015,0.0,0,3081360.0299270307
2025-04-21,2859293.335560261,2859293.335560261,2461621.3303835015,0.0,0,3082130.158011751
2025-04-22,2859293.335560261,2859293.335560261,2461621.3303835015,0.0,0,3082900.4785755253
2025-04-23,2859293.335560261,2859293.335560261,2461621.3303835015,0.0,0,3083670.991666462
2025-04-24,2859293.335560261,2859293.335560261,2461621.3303835015,0.0,0,3084441.697332679
2025-04-25,2859293.335560261,2859293.335560261,2461621.3303835015,0.0,0,3085212.5956223058
2025-04-28,2859293.335560261,2859293.335560261,2461621.3303835015,0.0,0,3085983.686583487
2025-04-29,2859293.335560261,2859293.335560261,2461621.3303835015,0.0,0,3086754.970264375
2025-04-30,2856859.163979515,2856859.163979515,2459187.1588027556,0.7182818914745096,8,3083919.9748482606
2025-05-02,2834650.8316736068,2834650.8316736068,2436978.8264968474,0.7160747450772117,8,3056288.6700543934
2025-05-05,2839767.0820398177,2839767.0820398177,2442095.0768630584,0.7165862774133186,8,3062921.60296032
2025-05-06,2847262.1419458236,2847262.1419458236,2449590.1367690642,0.7173323284346409,8,3072538.4358274294
2025-05-07,2860891.668465599,2860891.668465599,2463219.6632888396,0.7186789807977307,8,3089850.081426439
2025-05-08,2818401.049263939,2818401.049263939,2420729.0440871795,0.7144377446885304,8,3036770.592613363
2025-05-09,2812496.057290062,2812496.057290062,2414824.0521133025,0.7138381908433665,8,3029580.055278301
2025-05-12,2861141.7494287337,2861141.7494287337,2463469.7442519744,0.7187035699434612,8,3090822.7621111292
2025-05-13,2850267.4669580306,2850267.4669580306,2452595.4617812713,0.7176303735245652,8,3077397.3378004376
2025-05-14,2857715.6319665755,2857715.6319665755,2460043.626789816,0.7183663234377982,8,3086959.5475823535
2025-05-15,2865242.265694603,2865242.265694603,2467570.2605178435,0.7191061399462803,8,3096620.9811231564
2025-05-16,2848377.3691797103,2848377.3691797103,2450705.364002951,0.717443001510786,8,3075675.44695468
2025-05-19,2871172.058876976,2871172.058876976,2473500.0537002166,0.7196862662717532,8,3104498.635798625
2025-05-20,2839915.146676048,2839915.146676048,2442243.141499289,0.7166010537525999,8,3065487.8675241442
2025-05-21,2844307.087441429,2844307.087441429,2446635.0822646697,0.7170386546679108,8,3071217.397282302
2025-05-22,2845206.660592064,2845206.660592064,2447534.6554153045,0.7171281189702597,8,3072563.745930534
2025-05-23,2853821.7467737044,2853821.7467737044,2456149.741596945,0.7179820495411474,8,3083595.4442301095
2025-05-26,2870570.462075218,2870570.462075218,2472898.456898459,0.7196275198142362,8,3104838.849953251
2025-05-27,2854057.5846032943,2854057.5846032943,2456385.579426535,0.7180053533811611,8,3084324.9922236465
2025-05-28,2852426.0353174056,2852426.0353174056,2454754.0301406463,0.7178440562401945,8,3082493.866286877
2025-05-29,2852319.7531518782,2852319.7531518782,2454647.747975119,0.7178335426416802,8,3082577.7894811686
2025-05-30,2852434.283859454,2852434.283859454,2454762.278682695,0.8321810904368793,9,3082850.911729165
2025-06-02,2853102.6880647764,2853102.6880647764,2455430.682888017,0.8322204058338868,9,3083819.6117119994
2025-06-03,2851344.9182283506,2851344.9182283506,2453672.9130515913,0.8321169746748195,9,3081741.3915556036
2025-06-04,2876368.1148531064,2876368.1148531064,2478696.109676347,0.8335774866068555,9,3113297.976925239
2025-06-05,2884100.2443391904,2884100.2443391904,2486428.239162431,0.8340236570981486,9,3123138.8531117663
2025-06-06,2922623.4000703916,2922623.4000703916,2524951.3948936323,0.8362113944936507,9,3171654.65120538
2025-06-09,2962531.309921466,2962531.309921466,2564859.3047447065,0.8384177714798752,9,3221912.0612464203
2025-06-10,2957122.7157747373,2957122.7157747373,2559450.710597978,0.8381222366714186,9,3215248.2737633316
2025-06-11,2950565.8957979307,2950565.8957979307,2552893.8906211713,0.8377625079312792,9,3207141.799261741
2025-06-12,2947400.6778413877,2947400.6778413877,2549728.6726646284,0.8375882808480797,9,3203295.592370431
2025-06-13,2949763.6276399717,2949763.6276399717,2552091.6224632123,0.8377183830486296,9,3206394.155673448
2025-06-16,2972883.113937579,2972883.113937579,2575211.10876082,0.8389804130295161,9,3235570.0288123093
2025-06-17,2959779.6077730283,2959779.6077730283,2562107.602596269,0.8382675487524125,9,3219237.19128038
2025-06-18,2944982.290237628,2944982.290237628,2547310.2850608686,0.8374549101009604,9,3200775.43822201
2025-06-19,2931045.811660968,2931045.811660968,2533373.8064842084,0.836682043926673,9,3183394.4649235616
2025-06-20,2960558.901199542,2960558.901199542,2562886.8960227827,0.8383101207938133,9,3220608.7568635466
2025-06-23,2962604.21196004,2962604.21196004,2564932.2067832807,0.8384217476012245,9,3223309.0215600105
2025-06-24,2969185.411331378,2969185.411331378,2571513.4061546186,0.8387798857926121,9,3231709.3887072555
2025-06-25,2988048.196914874,2988048.196914874,2590376.1917381147,0.8397976272230149,9,3255544.2967291833
2025-06-26,3022641.2263338193,3022641.2263338193,2624969.22115706,0.8416310851095073,9,3299149.134029246
2025-06-27,3032556.4112093076,3032556.4112093076,2634884.4060325483,0.8421488848984463,9,3311741.02786352
2025-06-30,3034652.3247412555,3034652.3247412555,2636025.299469065,0.7764946205843481,8,3313359.99433674
2025-07-01,3039542.122867476,3039542.122867476,2640915.0975952856,0.7768541800644568,8,3319691.0306785735
2025-07-02,3031080.340610396,3031080.340610396,2632453.3153382055,0.7762312301166862,8,3309240.0354271354
2025-07-03,3014878.750400435,3014878.750400435,2616251.7251282446,0.7750287240752889,8,3289059.190955483
2025-07-04,3025300.397403609,3025300.397403609,2626673.3721314184,0.7758037119824578,8,3302345.2151895887
2025-07-07,3021633.1289099567,3021633.1289099567,2623006.103637766,0.7755316114499431,8,3297919.8646033723
2025-07-08,3038918.227542769,3038918.227542769,2640291.2022705786,0.7768083678301809,8,3319836.479691732
2025-07-09,3040159.6972998492,3040159.6972998492,2641532.6720276587,0.7768995096414543,8,3321582.586229751
2025-07-10,3010201.349216353,3010201.349216353,2611574.3239441626,0.7746791524718251,8,3284098.6591288075
2025-07-11,2982569.120700728,2982569.120700728,2583942.0954285376,0.7725916510942308,8,3249537.3232833277
2025-07-14,2969191.0954321735,2969191.0954321735,2570564.070159983,0.7715670371370417,8,3232898.7893043514
2025-07-15,2980326.233493697,2980326.233493697,2581699.2082215063,0.7724205116831151,8,3247086.9055793863
2025-07-16,2971319.8056982867,2971319.8056982867,2572692.780426096,0.7717306908750985,8,3235944.480553389
2025-07-17,2967012.729862105,2967012.729862105,2568385.7045899145,0.7713993228241366,8,3230711.9052104712
2025-07-18,2950275.733341109,2950275.733341109,2551648.7080689184,0.7701024648066465,8,3209844.463452983
2025-07-21,2956509.4162634723,2956509.4162634723,2557882.3909912817,0.770587194647568,8,3217870.1641394044
2025-07-22,2955898.8381995074,2955898.8381995074,2557271.812927317,0.7705398065486484,8,3217286.586512585
2025-07-23,2973435.920474898,2973435.920474898,2574808.8952027075,0.7718931440340047,8,3239533.2933925963
2025-07-24,2954081.715824019,2954081.715824019,2555454.6905518286,0.7703986604017524,8,3215368.418209423
2025-07-25,2919561.7557410114,2919561.7557410114,2520934.730468821,0.767683927938104,8,3172120.81079517
2025-07-28,2870758.6420019977,2870758.6420019977,2472131.616729807,0.7637345371664956,8,3110898.612445536
2025-07-29,2883231.238895308,2883231.238895308,2484604.2136231177,0.7647566001345921,8,3126776.8721255134
2025-07-30,2880005.804233443,2880005.804233443,2481378.7789612524,0.7644931415628123,8,3122901.832919513
2025-07-31,2862837.7015272183,2862837.7015272183,2465165.696350459,0.49348676552427173,5,3102892.4413475646
2025-08-01,2847555.2833143277,2847555.2833143277,2449883.2781375684,0.4907683821007856,5,3084051.447646059
2025-08-04,2868292.575977902,2868292.575977902,2470620.5708011426,0.494450044558222,5,3110546.401245456
2025-08-05,2868768.1047254605,2868768.1047254605,2471096.099548701,0.4945338448266172,5,3111538.059543019
2025-08-06,2851059.6883436246,2851059.6883436246,2453387.6831668653,0.49139430861159805,5,3089635.6233240813
2025-08-07,2850058.691700558,2850058.691700558,2452386.686523799,0.49121567629388235,5,3088767.915199512
2025-08-08,2823301.099781613,2823301.099781613,2425629.0946048535,0.4863937168827739,5,3055463.364834897
2025-08-11,2827157.4827467008,2827157.4827467008,2429485.4775699414,0.48709430131539316,5,3060712.7722785487
2025-08-12,2808315.9774976773,2808315.9774976773,2410643.972320918,0.48365312322451787,5,3037370.868393209
2025-08-13,2820887.184986691,2820887.184986691,2423215.1798099317,0.4859542091235909,5,3053600.6079801125
2025-08-14,2846142.397724728,2846142.397724728,2448470.392547969,0.49051558870040146,5,3085814.6518707084
2025-08-18,2869809.6996351285,2869809.6996351285,2472137.694458369,0.49471730332364056,5,3116032.319105469
2025-08-19,2870713.6758924527,2870713.6758924527,2473041.6707156934,0.49487641482433387,5,3117565.1327211703
2025-08-20,2857845.174213986,2857845.174213986,2460173.1690372266,0.49260190962639083,5,3101738.198416396
2025-08-21,2860868.98238049,2860868.98238049,2463196.9772037305,0.4931382062896737,5,3105943.486612929
2025-08-22,2861354.8068433804,2861354.8068433804,2463682.801666621,0.49322426547328146,5,3106949.47803332
2025-08-25,2867531.170216183,2867531.170216183,2469859.165039424,0.49431580760452887,5,3115131.163372044
2025-08-26,2848145.9970899625,2848145.9970899625,2450473.991913203,0.4908739982215846,5,3091077.8361470127
2025-08-28,2836398.0784498258,2836398.0784498258,2438726.0732730664,0.48876527769610045,5,3076653.7300375914
2025-08-29,2838518.7548245424,2838518.7548245424,2440846.749647783,0.5795991311856192,5,3079652.405905637
2025-09-01,2861383.5385159487,2861383.5385159487,2463711.5333391894,0.5829584763414615,5,3108822.238702252
2025-09-02,2866890.2299221987,2866890.2299221987,2469218.2247454394,0.5837595251400554,5,3116094.245489193
2025-09-03,2875355.1598538393,2875355.1598538393,2477683.15467708,0.5849849203550873,5,3127100.001854565
2025-09-04,2885818.059267902,2885818.059267902,2488146.0540911425,0.5864896101672875,5,3140628.4783127937
2025-09-05,2887915.440615558,2887915.440615558,2490243.4354387987,0.5867899267785358,5,3143600.2149389526
2025-09-08,2902036.629336261,2902036.629336261,2504364.624159502,0.588800589692391,5,3161749.4051001607
2025-09-09,2909414.141787433,2909414.141787433,2511742.1366106737,0.589843283726866,5,3171387.596362133
2025-09-10,2905642.6681546206,2905642.6681546206,2507970.6629778612,0.5893109074447792,5,3166951.1646923637
2025-09-11,2902321.5412014956,2902321.5412014956,2504649.5360247362,0.5888409558576525,5,3163082.8373868223
2025-09-12,2906269.942080402,2906269.942080402,2508597.9369036425,0.5893995484053564,5,3168393.812765867
2025-09-15,2904860.7423733706,2904860.7423733706,2507188.7371966112,0.5892003588099125,5,3166939.278332635
2025-09-16,2921397.5412014956,2921397.5412014956,2523725.5360247362,0.5915257222461509,5,3188150.9434251077
2025-09-17,2914781.867861652,2914781.867861652,2517109.8626848925,0.590598609168104,5,3180119.7693823995
2025-09-18,2916352.756289386,2916352.756289386,2518680.751112627,0.5908191325275534,5,3182429.653347107
2025-09-19,2918153.249209308,2918153.249209308,2520481.2440325487,0.5910715960522334,5,3185029.8878212115
2025-09-22,2925717.5524319643,2925717.5524319643,2528045.547255205,0.5921288609414044,5,3194913.2720036623
2025-09-23,2926595.947695636,2926595.947695636,2528923.942518877,0.5922512803266358,5,3196348.968127521
2025-09-24,2918141.651553058,2918141.651553058,2520469.6463762987,0.5910699708360423,5,3185990.1237082398
2025-09-25,2902916.756289386,2902916.756289386,2505244.751112627,0.5889252600548245,5,3167072.48237423
2025-09-26,2874342.643252277,2874342.643252277,2476670.6380755175,0.5848387270475407,5,3131278.3704598774
2025-09-29,2881397.2423733706,2881397.2423733706,2483725.2371966112,0.5858551770906698,5,3140521.679080087
2025-09-30,2877421.3418781953,2877421.3418781953,2479749.336701436,0.7054708645157429,5,3135725.5714015476
2025-10-01,2878654.7205403047,2878654.7205403047,2480982.7153635453,0.7055970574726417,5,3137515.9479884743
2025-10-03,2884965.2220051484,2884965.2220051484,2487293.216828389,0.7062410271766446,5,3145726.728972703
2025-10-06,2907417.119954367,2907417.119954367,2509745.114777608,0.70850951711372,5,3174351.2428268557
2025-10-07,2918985.6255696015,2918985.6255696015,2521313.620392842,0.7096647503764393,5,3189213.549959971
2025-10-08,2916269.1380207734,2916269.1380207734,2518597.132844014,0.7093943047991412,5,3186009.097765666
2025-10-09,2915700.9119465547,2915700.9119465547,2518028.9067697953,0.709337670137934,5,3185521.7449705577
2025-10-10,2918341.9063313203,2918341.9063313203,2520669.901154561,0.7096007090845918,5,3189094.0332445977
2025-10-13,2931406.624104758,2931406.624104758,2533734.6189279985,0.7108949630943285,5,3205853.6483908994
2025-10-14,2915008.3294270234,2915008.3294270234,2517336.324250264,0.7092686111075648,5,3185338.3553137695
2025-10-15,2939862.5332844453,2939862.5332844453,2542190.528107686,0.7117265141984318,5,3217017.3861310002
2025-10-16,2947303.124104758,2947303.124104758,2549631.1189279985,0.712454272749852,5,3226664.2850379907
2025-10-17,2969265.9119465547,2969265.9119465547,2571593.9067697953,0.714581164038706,5,3254689.2813949976
2025-10-20,2985264.815511008,2985264.815511008,2587592.8103342485,0.7161108067050104,5,3275168.9208949097
2025-10-21,2980073.315511008,2980073.315511008,2582401.3103342485,0.7156162515075527,5,3268830.7207565573
2025-10-23,2964042.3418781953,2964042.3418781953,2566370.336701436,0.7140781667409248,5,3248772.1390780113
2025-10-24,2955229.537434836,2955229.537434836,2557557.5322580766,0.7132255178448983,5,3237848.8485992625
2025-10-27,2969638.5345051484,2969638.5345051484,2571966.529328389,0.7146169776556465,5,3256321.4751402116
2025-10-28,2961570.012532492,2961570.012532492,2563898.007355733,0.7138394781615726,5,3246338.955306646
2025-10-29,2937702.614339133,2937702.614339133,2540030.6091623735,0.7115145637578477,5,3216352.76122688
2025-10-30,2929457.635091086,2929457.635091086,2531785.6299143266,0.7107026194557051,5,3206144.9862642996
2025-10-31,2921223.0271242186,2921223.0271242186,2523551.0219474593,0.9431058492568821,7,3195762.621273676
2025-11-03,2901773.511682324,2901773.511682324,2504101.506505565,0.9427245087907924,7,3171177.982922702
2025-11-04,2893332.488183789,2893332.488183789,2495660.4830070296,0.942557412969914,7,3160533.8528927215
2025-11-06,2868037.9157350585,2868037.9157350585,2470365.910558299,0.9420507998350933,7,3128546.283193697
2025-11-07,2884850.9793336913,2884850.9793336913,2487178.974156932,0.942388530828771,7,3149883.904297305
2025-11-10,2916214.018335156,2916214.018335156,2518542.013158397,0.9430081255303906,7,3189648.4428678392
2025-11-11,2901485.419397168,2901485.419397168,2503813.4142204085,0.9427188218323002,7,3171040.8336360794
2025-11-12,2904852.290124707,2904852.290124707,2507180.2849479476,0.9427852136149968,7,3175350.268291633
2025-11-13,2905511.0282838866,2905511.0282838866,2507839.0231071273,0.9427981853651275,7,3176229.9583188314
2025-11-14,2923798.8325441405,2923798.8325441405,2526126.827367381,0.943155971809848,7,3199436.965421458
2025-11-17,2955396.3271120116,2955396.3271120116,2557724.3219352523,0.9437637173279286,7,3239501.3785653254
2025-11-18,2928790.1734865233,2928790.1734865233,2531118.168309764,0.9432528472800691,7,3205849.1374903996
2025-11-19,2925066.5829713866,2925066.5829713866,2527394.5777946273,0.9431806085280151,7,3201178.4596363725
2025-11-20,2957077.0105836913,2957077.0105836913,2559405.005406932,0.9437956797659908,7,3241767.5877562165
2025-11-21,2933795.583520703,2933795.583520703,2536123.5783439437,0.9433496647847484,7,3212325.0021111416
2025-11-24,2918456.085412793,2918456.085412793,2520784.0802360335,0.9430519088191232,7,3192941.286473003
2025-11-25,2917196.782312207,2917196.782312207,2519524.7771354476,0.9430273253188837,7,3191391.66022104
2025-11-26,2959345.524133496,2959345.524133496,2561673.5189567367,0.9438387637049795,7,3244824.7554154503
2025-11-27,2950798.3036745116,2950798.3036745116,2553126.2984977523,0.9436760882461842,7,3234043.8261192106
2025-11-28,2950164.457733196,2950164.457733196,2552492.452556437,0.9997023328786265,10,3233241.174378132
2025-12-01,2983306.882659954,2983306.882659954,2585634.8774831947,0.9997056397493613,10,3275222.908719145
2025-12-02,2980782.8364563407,2980782.8364563407,2583110.8312795814,0.9997053904930706,10,3272025.9413263747
2025-12-03,2963192.5325012626,2963192.5325012626,2565520.5273245033,0.9997036416121869,10,3249744.549399068
2025-12-04,2955671.127105755,2955671.127105755,2557999.1219289955,0.9997028874580605,10,3240217.4273901703
2025-12-05,2994051.956817669,2994051.956817669,2596379.9516409095,0.9997066961514438,10,3288834.661007334
2025-12-08,2956370.264312786,2956370.264312786,2558698.2591360267,0.9997029577207184,10,3241103.5027168007
2025-12-09,2944187.9530945243,2944187.9530945243,2546515.947917765,0.999701728634278,10,3225672.408722701
2025-12-10,2952345.0465393486,2952345.0465393486,2554673.041362589,0.9997025527342269,10,3236005.240896244
2025-12-11,2962461.593963665,2962461.593963665,2564789.5887869056,0.9997035684906427,10,3248820.1148277796
2025-12-12,3002926.230682415,3002926.230682415,2605254.2255056556,0.9997075629255427,10,3300076.9256414766
2025-12-15,2986612.0988464775,2986612.0988464775,2588940.093669718,0.9997059655112055,10,3279412.048606763
2025-12-16,2965690.5269470634,2965690.5269470634,2568018.521770304,0.9997038912341889,10,3252910.922992604
2025-12-17,2969352.5151672782,2969352.5151672782,2571680.509990519,0.999704256413738,10,3257549.8065663176
2025-12-18,2950148.3032532157,2950148.3032532157,2552476.2980764564,0.999702331248655,10,3233224.0579698156
2025-12-19,2978665.5528259696,2978665.5528259696,2580993.5476492103,0.9997051810798703,10,3269347.122286996
2025-12-22,3014213.1621399345,3014213.1621399345,2616541.156963175,0.9997086579765685,10,3314375.552811163
2025-12-23,3011291.070953411,3011291.070953411,2613619.0657766517,0.9997083752646224,10,3310674.378272841
2025-12-24,3007430.606475872,3007430.606475872,2609758.6012991127,0.9997080009228406,10,3305784.56494094
2025-12-26,2992064.7815247,2992064.7815247,2594392.776347941,0.999706501354137,10,3286320.897276493
2025-12-29,2972829.431060833,2972829.431060833,2575157.4258840736,0.9997046023049501,10,3261955.6950200615
2025-12-30,2987118.124908489,2987118.124908489,2589446.11973173,0.9997060153214601,10,3280055.4441864165
2025-12-31,3012436.66622929,3012436.66622929,2614764.6610525306,0.9997084861661802,10,3312126.71900082
2026-01-01,3024135.116546673,3024135.116546673,2626463.1113699134,0.9997096138473089,10,3326945.4057410345
2026-01-02,3056090.839691204,3056090.839691204,2658418.8345144447,0.9997126502424907,10,3367424.0149370246
2026-01-05,3073376.0923157157,3073376.0923157157,2675704.0871389564,0.9997142663522673,10,3389319.5166292256
2026-01-06,3070561.153350872,3070561.153350872,2672889.1481741127,0.9997140044057571,10,3385754.070290993
2026-01-07,3054493.3082580986,3054493.3082580986,2656821.303081339,0.9997124999556104,10,3365401.1418168657
2026-01-08,3020594.6726379814,3020594.6726379814,2622922.667461222,0.999709273485229,10,3322461.913197154
2026-01-09,3000954.1687317314,3000954.1687317314,2603282.163554972,0.9997073707519889,10,3297583.4866863065
2026-01-12,3000501.542449993,3000501.542449993,2602829.5372732338,0.9997073266088059,10,3297010.385149579
2026-01-13,2996446.521331829,2996446.521331829,2598774.5161550697,0.9997069305407388,10,3291874.1217208304
2026-01-14,2991356.61355595,2991356.61355595,2593684.608379191,0.9997064318718363,10,3285426.9644546094
2026-01-15,2991356.61355595,2991356.61355595,2593684.608379191,0.9997064318718363,10,3285427.205512436
2026-01-16,2968676.090057415,2968676.090057415,2571004.0848806556,0.9997041890273402,10,3256697.9688535556
2026-01-19,2991801.452117962,2991801.452117962,2594129.4469412025,0.9997064755212649,10,3285991.167703132
2026-01-20,2944034.645538372,2944034.645538372,2546362.6403616127,0.9997017131021054,10,3225485.0625744434
2026-01-21,2933311.321685833,2933311.321685833,2535639.3165090736,0.9997006226528976,10,3211902.0379836825
2026-01-22,2940747.4062195243,2940747.4062195243,2543075.401042765,0.9997013796697212,10,3221321.588608808
2026-01-23,2899439.4629822196,2899439.4629822196,2501767.4578054603,0.9996971252640645,10,3168996.931166423
2026-01-27,2912042.0168152275,2912042.0168152275,2514370.011638468,0.999698436026458,10,3184960.8657197575
2026-01-28,2969420.768524212,2969420.768524212,2571748.7633474525,0.9997042632115258,10,3257642.9569735513
2026-01-29,2966585.2909851493,2966585.2909851493,2568913.28580839,0.9997039805447764,10,3254051.488889214
2026-01-30,2934974.2234703824,2934974.2234703824,2537302.218293623,0.6438966974088408,5,3214299.253479714
2026-02-02,2883351.331563644,2883351.331563644,2485679.326386885,0.6375211017275033,5,3149193.661243453
2026-02-03,2923635.1020104215,2923635.1020104215,2525963.096833662,0.6425155747791399,5,3200511.9417326874
2026-02-04,2949549.1020104215,2949549.1020104215,2551877.096833662,0.6456563434440382,5,3233629.6192234294
2026-02-05,2942538.0067345425,2942538.0067345425,2544866.001557783,0.644812059655407,5,3225032.516432405
2026-02-06,2946798.2972618863,2946798.2972618863,2549126.292085127,0.6453255674238495,5,3230717.3355843094
2026-02-09,2964378.410360031,2964378.410360031,2566706.4051832715,0.6474289482256789,5,3253282.744338833
2026-02-10,2984661.7899987027,2984661.7899987027,2586989.7848219434,0.6498249759822267,5,3279276.514995704
2026-02-11,3019401.7165123746,3019401.7165123746,2621729.7113356153,0.6538539379235189,5,3323596.655911094
2026-02-12,3047948.684713058,3047948.684713058,2650276.679536299,0.6570959284059864,5,3360070.813401982
2026-02-13,2997460.007283859,2997460.007283859,2599788.0021070996,0.6513201138770855,5,3296353.1315957974
2026-02-16,2990262.393636398,2990262.393636398,2592590.3884596387,0.6504808353200284,5,3287515.00585228
2026-02-17,3007704.3930870816,3007704.3930870816,2610032.3879103223,0.6525077343372202,5,3309917.7217823975
2026-02-18,3012893.4972740933,3012893.4972740933,2615221.492097334,0.6531062200030217,5,3316785.2629940948
2026-02-19,2978590.4087120816,2978590.4087120816,2580918.4035353223,0.6491112000694174,5,3273570.8451375393
2026-02-20,2999007.9019982144,2999007.9019982144,2601335.896821455,0.6515000799759986,5,3299753.0023738584
2026-02-23,3019988.893636398,3019988.893636398,2622316.8884596387,0.6539212391807024,5,3326652.4699500008
2026-02-24,3010066.2978112027,3010066.2978112027,2612394.2926344434,0.6527804006318002,5,3314353.4260697314
2026-02-25,3023806.015096359,3023806.015096359,2626134.0099195996,0.6543581139862173,5,3332071.367658313
2026-02-26,3041843.5805260465,3041843.5805260465,2644171.575349287,0.6564077059422692,5,3355243.7939194483
2026-02-27,3000869.727412778,3000869.727412778,2575456.0485528107,0.0,0,3268887.82630423
2026-03-02,3000869.727412778,3000869.727412778,2575456.0485528107,0.0,0,3269704.8234406845
2026-03-04,3000869.727412778,3000869.727412778,2575456.0485528107,0.0,0,3270522.024770234
2026-03-05,3000869.727412778,3000869.727412778,2575456.0485528107,0.0,0,3271339.4303439115
2026-03-06,3000869.727412778,3000869.727412778,2575456.0485528107,0.0,0,3272157.040212765
2026-03-09,3000869.727412778,3000869.727412778,2575456.0485528107,0.0,0,3272974.854427854
2026-03-10,3000869.727412778,3000869.727412778,2575456.0485528107,0.0,0,3273792.8730402514
2026-03-11,3000869.727412778,3000869.727412778,2575456.0485528107,0.0,0,3274611.096101042
2026-03-12,3000869.727412778,3000869.727412778,2575456.0485528107,0.0,0,3275429.5236613234
2026-03-13,3000869.727412778,3000869.727412778,2575456.0485528107,0.0,0,3276248.1557722073
2026-03-16,3000869.727412778,3000869.727412778,2575456.0485528107,0.0,0,3277066.992484817
2026-03-17,3000869.727412778,3000869.727412778,2575456.0485528107,0.0,0,3277886.0338502885
2026-03-18,3000869.727412778,3000869.727412778,2575456.0485528107,0.0,0,3278705.2799197715
2026-03-19,3000869.727412778,3000869.727412778,2575456.0485528107,0.0,0,3279524.730744427
2026-03-20,3000869.727412778,3000869.727412778,2575456.0485528107,0.0,0,3280344.3863754305
2026-03-23,3000869.727412778,3000869.727412778,2575456.0485528107,0.0,0,3281164.2468639696
2026-03-24,3000869.727412778,3000869.727412778,2575456.0485528107,0.0,0,3281984.3122612443
2026-03-25,3000869.727412778,3000869.727412778,2575456.0485528107,0.0,0,3282804.582618468
2026-03-27,3000869.727412778,3000869.727412778,2575456.0485528107,0.0,0,3283625.0579868658
2026-03-30,3000869.727412778,3000869.727412778,2575456.0485528107,0.0,0,3284445.738417677
2026-04-01,3000869.727412778,3000869.727412778,2575456.0485528107,0.0,0,3285266.623962153
2026-04-02,3000869.727412778,3000869.727412778,2575456.0485528107,0.0,0,3286087.7146715587
2026-04-06,3000869.727412778,3000869.727412778,2575456.0485528107,0.0,0,3286909.0105971703
2026-04-07,3000869.727412778,3000869.727412778,2575456.0485528107,0.0,0,3287730.511790278
2026-04-08,3000869.727412778,3000869.727412778,2575456.0485528107,0.0,0,3288552.2183021843
2026-04-09,3000869.727412778,3000869.727412778,2575456.0485528107,0.0,0,3289374.1301842057
2026-04-10,3000869.727412778,3000869.727412778,2575456.0485528107,0.0,0,3290196.24748767
2026-04-13,3000869.727412778,3000869.727412778,2575456.0485528107,0.0,0,3291018.570263918
2026-04-15,3000869.727412778,3000869.727412778,2575456.0485528107,0.0,0,3291841.0985643044
2026-04-16,3000869.727412778,3000869.727412778,2575456.0485528107,0.0,0,3292663.832440196
2026-04-17,3000869.727412778,3000869.727412778,2575456.0485528107,0.0,0,3293486.771942972
2026-04-20,3000869.727412778,3000869.727412778,2575456.0485528107,0.0,0,3294309.917124026
2026-04-21,3000869.727412778,3000869.727412778,2575456.0485528107,0.0,0,3295133.268034763
2026-04-22,3000869.727412778,3000869.727412778,2575456.0485528107,0.0,0,3295956.824726601
2026-04-23,3000869.727412778,3000869.727412778,2575456.0485528107,0.0,0,3296780.5872509712
2026-04-24,3000869.727412778,3000869.727412778,2575456.0485528107,0.0,0,3297604.555659318
2026-04-27,3000869.727412778,3000869.727412778,2575456.0485528107,0.0,0,3298428.7300030976
2026-04-28,3000869.727412778,3000869.727412778,2575456.0485528107,0.0,0,3299253.11033378
2026-04-29,3000869.727412778,3000869.727412778,2575456.0485528107,0.0,0,3300077.6967028473
2026-04-30,3000869.727412778,3000869.727412778,2575456.0485528107,0.0,0,3300902.489161796
2026-05-01,3000869.727412778,3000869.727412778,2575456.0485528107,0.0,0,3301727.487762133
2026-05-04,3000869.727412778,3000869.727412778,2575456.0485528107,0.0,0,3302552.6925553805
2026-05-05,3000869.727412778,3000869.727412778,2575456.0485528107,0.0,0,3303378.1035930724
2026-05-06,3000869.727412778,3000869.727412778,2575456.0485528107,0.0,0,3304203.7209267556
2026-05-07,3000869.727412778,3000869.727412778,2575456.0485528107,0.0,0,3305029.544607989
2026-05-08,3000869.727412778,3000869.727412778,2575456.0485528107,0.0,0,3305855.574688347
2026-05-11,3000869.727412778,3000869.727412778,2575456.0485528107,0.0,0,3306681.8112194138
2026-05-12,3000869.727412778,3000869.727412778,2575456.0485528107,0.0,0,3307508.2542527886
2026-05-13,3000869.727412778,3000869.727412778,2575456.0485528107,0.0,0,3308334.903840082
2026-05-14,3000869.727412778,3000869.727412778,2575456.0485528107,0.0,0,3309161.7600329192
2026-05-15,3000869.727412778,3000869.727412778,2575456.0485528107,0.0,0,3309988.8228829373
2026-05-18,3000869.727412778,3000869.727412778,2575456.0485528107,0.0,0,3310816.092441785
2026-05-19,3000869.727412778,3000869.727412778,2575456.0485528107,0.0,0,3311643.568761127
2026-05-20,3000869.727412778,3000869.727412778,2575456.0485528107,0.0,0,3312471.251892639
2026-05-21,3000869.727412778,3000869.727412778,2575456.0485528107,0.0,0,3313299.1418880085
2026-05-22,3000869.727412778,3000869.727412778,2575456.0485528107,0.0,0,3314127.2387989387
2026-05-25,3000869.727412778,3000869.727412778,2575456.0485528107,0.0,0,3314955.5426771436
2026-05-26,3000869.727412778,3000869.727412778,2575456.0485528107,0.0,0,3315784.0535743507
2026-05-27,3000869.727412778,3000869.727412778,2575456.0485528107,0.0,0,3316612.771542301
2026-05-28,3000869.727412778,3000869.727412778,2575456.0485528107,0.0,0,3317441.696632747
2026-05-29,3000869.727412778,3000869.727412778,2575456.0485528107,0.0,0,3318270.828897456
2026-06-01,3000869.727412778,3000869.727412778,2575456.0485528107,0.0,0,3319100.168388207
2026-06-02,3000869.727412778,3000869.727412778,2575456.0485528107,0.0,0,3319929.7151567927
2026-06-03,3000869.727412778,3000869.727412778,2575456.0485528107,0.0,0,3320759.469255017
2026-06-04,3000869.727412778,3000869.727412778,2575456.0485528107,0.0,0,3321589.4307346996
2026-06-05,3000869.727412778,3000869.727412778,2575456.0485528107,0.0,0,3322419.599647671
2026-06-08,3000869.727412778,3000869.727412778,2575456.0485528107,0.0,0,3323249.9760457748
2026-06-09,3000869.727412778,3000869.727412778,2575456.0485528107,0.0,0,3324080.559980869
2026-06-10,3000869.727412778,3000869.727412778,2575456.0485528107,0.0,0,3324911.3515048223
2026-06-11,3000869.727412778,3000869.727412778,2575456.0485528107,0.0,0,3325742.350669518
2026-06-12,3000869.727412778,3000869.727412778,2575456.0485528107,0.0,0,3326573.557526853
2026-06-15,3000869.727412778,3000869.727412778,2575456.0485528107,0.0,0,3327404.9721287354
2026-06-16,3000869.727412778,3000869.727412778,2575456.0485528107,0.0,0,3328236.594527087
2026-06-17,3000869.727412778,3000869.727412778,2575456.0485528107,0.0,0,3329068.4247738426
2026-06-18,3000869.727412778,3000869.727412778,2575456.0485528107,0.0,0,3329900.4629209503
2026-06-19,3000869.727412778,3000869.727412778,2575456.0485528107,0.0,0,3330732.7090203706
2026-06-22,3000869.727412778,3000869.727412778,2575456.0485528107,0.0,0,3331565.1631240775
2026-06-23,3000869.727412778,3000869.727412778,2575456.0485528107,0.0,0,3332397.8252840578
2026-06-24,3000869.727412778,3000869.727412778,2575456.0485528107,0.0,0,3333230.6955523114
2026-06-25,3000869.727412778,3000869.727412778,2575456.0485528107,0.0,0,3334063.7739808504
2026-06-26,3000869.727412778,3000869.727412778,2575456.0485528107,0.0,0,3334897.060621701
2026-06-29,3000869.727412778,3000869.727412778,2575456.0485528107,0.0,0,3335730.555526902
2026-06-30,3000869.727412778,3000869.727412778,2575456.0485528107,0.0,0,3336564.2587485053
2026-07-01,3000869.727412778,3000869.727412778,2575456.0485528107,0.0,0,3337398.1703385757
2026-07-02,3000869.727412778,3000869.727412778,2575456.0485528107,0.0,0,3338232.29034919
2026-07-03,3000869.727412778,3000869.727412778,2575456.0485528107,0.0,0,3339066.61883244
2026-07-06,3000869.727412778,3000869.727412778,2575456.0485528107,0.0,0,3339901.1558404295
2026-07-07,3000869.727412778,3000869.727412778,2575456.0485528107,0.0,0,3340735.9014252755
2026-07-08,3000869.727412778,3000869.727412778,2575456.0485528107,0.0,0,3341570.8556391066
2026-07-09,3000869.727412778,3000869.727412778,2575456.0485528107,0.0,0,3342406.018534067
2026-07-10,3000869.727412778,3000869.727412778,2575456.0485528107,0.0,0,3343241.390162312
2026-07-13,3000869.727412778,3000869.727412778,2575456.0485528107,0.0,0,3344076.970576011
2026-07-14,3000869.727412778,3000869.727412778,2575456.0485528107,0.0,0,3344912.7598273456
2026-07-15,3000869.727412778,3000869.727412778,2575456.0485528107,0.0,0,3345748.7579685114
2026-07-16,3000869.727412778,3000869.727412778,2575456.0485528107,0.0,0,3346584.9650517157
2026-07-17,3000869.727412778,3000869.727412778,2575456.0485528107,0.0,0,3347421.3811291805
2026-07-20,3000869.727412778,3000869.727412778,2575456.0485528107,0.0,0,3348258.006253139
2026-07-21,3000869.727412778,3000869.727412778,2575456.0485528107,0.0,0,3349094.8404758396
2026-07-22,3000869.727412778,3000869.727412778,2575456.0485528107,0.0,0,3349931.8838495417
2026-07-23,3000869.727412778,3000869.727412778,2575456.0485528107,0.0,0,3350769.136426519
2026-07-24,3000869.727412778,3000869.727412778,2575456.0485528107,0.0,0,3351606.598259058
2026-07-27,3000869.727412778,3000869.727412778,2575456.0485528107,0.0,0,3352444.2693994576
2026-07-28,3000869.727412778,3000869.727412778,2575456.0485528107,0.0,0,3353282.1499000313
2026-07-29,3000869.727412778,3000869.727412778,2575456.0485528107,0.0,0,3354120.239813104
2026-07-30,3000869.727412778,3000869.727412778,2575456.0485528107,0.0,0,3354958.539191015
2026-07-31,3000869.727412778,3000869.727412778,2575456.0485528107,0.0,0,3355797.0480861156
